order_id,customer_id,book_id,order_date,quantity,total_amount
1,84,169,2023-05-26,8,188.56
2,137,301,2023-01-23,10,216.6
3,216,261,2024-05-27,6,85.5
4,433,343,2023-11-25,7,301.21
5,14,431,2023-07-26,7,136.36
6,439,119,2024-10-11,5,249.4
7,195,467,2023-10-23,6,82.92
8,32,159,2024-05-07,4,144.84
9,109,407,2024-01-04,9,379.71
10,94,122,2024-07-09,4,123.0
11,131,206,2023-10-16,1,38.01
12,454,3,2024-06-17,2,31.5
13,420,180,2023-06-08,5,125.45
14,454,319,2023-08-24,2,85.22
15,127,479,2023-01-10,6,229.62
16,412,196,2023-10-06,8,53.52
17,462,481,2023-03-20,5,52.75
18,377,101,2024-08-07,4,193.96
19,496,60,2023-11-17,9,316.26
20,195,67,2023-07-14,1,10.23
21,356,287,2024-12-05,3,120.57
22,177,427,2024-06-10,3,54.0
23,119,301,2023-08-04,3,64.98
24,266,192,2023-07-10,3,145.11
25,265,250,2023-05-25,10,126.5
26,294,407,2023-06-11,1,42.19
27,310,156,2024-12-03,1,31.68
28,151,423,2024-11-27,8,205.04
29,305,446,2023-10-05,8,275.92
30,438,248,2023-09-23,6,281.94
31,386,279,2024-03-12,8,244.0
32,292,313,2024-12-06,4,188.64
33,478,253,2024-04-15,5,58.3
34,463,146,2024-06-27,3,43.5
35,303,172,2023-07-08,5,184.1
36,417,260,2024-01-21,9,446.31
37,110,411,2023-12-27,4,60.12
38,15,466,2023-06-26,4,148.68
39,488,422,2024-08-03,8,367.28
40,120,450,2024-07-03,2,91.5
41,418,147,2024-05-05,8,361.6
42,415,70,2023-09-19,3,70.35
43,199,305,2024-03-25,7,221.62
44,234,460,2024-07-24,5,179.4
45,470,67,2024-11-16,4,40.92
46,319,442,2023-12-08,1,48.48
47,6,360,2024-07-23,3,148.02
48,458,477,2024-02-25,5,138.55
49,322,336,2024-08-14,7,168.56
50,474,88,2024-04-06,1,40.22
51,155,491,2024-09-01,5,74.35
52,173,161,2024-05-20,7,151.2
53,160,242,2024-01-02,3,101.37
54,446,393,2024-09-01,3,132.0
55,18,281,2024-01-11,7,114.38
56,76,333,2024-11-06,5,138.8
57,24,34,2024-12-02,2,32.98
58,329,369,2024-12-02,7,158.55
59,225,188,2023-02-11,7,140.98
60,404,49,2023-04-26,9,445.5
61,405,361,2024-07-02,5,198.75
62,364,324,2024-04-06,5,230.4
63,16,469,2024-04-13,9,209.25
64,348,160,2024-07-19,10,344.8
65,54,198,2023-05-06,9,201.42
66,180,323,2023-09-08,8,286.64
67,260,129,2023-04-20,9,366.66
68,246,319,2023-03-21,10,426.1
69,261,109,2024-03-23,4,34.16
70,49,447,2023-05-29,6,217.5
71,500,438,2024-06-11,8,267.12
72,290,5,2024-10-19,1,10.95
73,411,81,2023-10-07,1,44.19
74,461,132,2023-04-08,10,204.6
75,291,375,2023-11-30,5,170.75
76,470,466,2024-09-02,10,371.7
77,497,242,2024-03-20,7,236.53
78,44,196,2024-07-23,5,33.45
79,134,28,2023-10-06,2,75.02
80,265,17,2023-06-04,8,42.96
81,383,325,2024-02-13,5,202.0
82,413,387,2023-03-08,5,237.1
83,457,335,2024-01-16,8,378.32
84,280,49,2024-07-05,6,297.0
85,75,31,2023-03-14,9,191.07
86,361,441,2024-04-28,3,122.16
87,167,435,2024-07-11,2,55.52
88,126,262,2023-04-16,5,105.1
89,305,113,2024-08-06,2,12.76
90,457,137,2023-12-23,6,157.98
91,226,142,2024-10-13,10,489.6
92,329,325,2023-02-24,5,202.0
93,366,427,2024-10-23,3,54.0
94,136,88,2024-07-06,6,241.32
95,447,426,2023-10-26,1,32.82
96,456,336,2023-08-09,8,192.64
97,408,221,2023-07-15,10,248.1
98,429,352,2023-12-15,1,6.01
99,166,250,2023-04-20,3,37.95
100,207,63,2023-07-14,1,22.38
101,154,344,2023-01-09,1,39.63
102,295,300,2023-05-10,9,241.83
103,103,21,2024-02-07,3,141.39
104,182,316,2024-01-18,9,79.29
105,125,306,2022-12-20,2,87.84
106,334,449,2023-10-07,3,120.51
107,10,330,2024-10-20,6,192.12
108,281,430,2024-05-25,6,71.4
109,486,368,2024-11-19,2,89.2
110,7,16,2023-04-30,1,10.07
111,174,450,2024-08-25,7,320.25
112,309,403,2022-12-28,2,30.02
113,80,255,2024-02-18,3,73.53
114,362,210,2024-02-24,3,122.79
115,321,136,2024-09-23,8,79.12
116,280,447,2024-02-27,5,181.25
117,385,52,2023-01-24,7,115.71
118,37,189,2023-01-14,3,40.95
119,328,148,2023-09-24,3,36.75
120,101,338,2023-01-14,1,10.17
121,27,63,2024-03-28,6,134.28
122,136,56,2023-02-19,6,47.22
123,495,437,2024-03-10,5,221.45
124,272,122,2024-05-17,10,307.5
125,196,43,2024-06-05,4,189.56
126,88,492,2023-12-08,2,88.14
127,267,295,2024-08-24,7,200.62
128,197,345,2024-09-17,6,155.34
129,364,388,2023-08-02,1,26.62
130,420,17,2023-05-13,1,5.37
131,16,1,2024-05-27,3,64.02
132,469,333,2023-11-22,7,194.32
133,232,458,2023-03-13,4,149.12
134,94,222,2023-04-02,7,207.13
135,174,99,2024-01-24,10,469.3
136,165,70,2023-12-31,4,93.8
137,474,471,2023-11-25,8,363.04
138,59,362,2023-12-02,3,88.29
139,189,26,2024-05-31,9,189.45
140,295,164,2022-12-13,1,41.83
141,107,352,2023-05-05,10,60.1
142,107,434,2024-04-08,2,91.16
143,443,201,2023-10-04,7,260.75
144,432,179,2024-11-10,2,96.42
145,340,477,2024-09-10,8,221.68
146,394,404,2024-04-07,4,62.6
147,277,285,2024-10-08,5,138.25
148,333,429,2024-06-16,1,42.58
149,39,56,2024-11-28,4,31.48
150,389,135,2024-01-01,10,151.3
151,361,288,2024-08-27,7,195.37
152,377,213,2023-10-27,5,33.95
153,484,370,2024-02-19,2,87.82
154,378,391,2023-10-12,5,167.1
155,191,397,2024-01-21,6,168.9
156,176,66,2024-05-27,5,141.45
157,166,245,2024-05-24,10,160.6
158,183,225,2023-07-04,3,108.12
159,174,51,2024-09-11,3,138.9
160,255,85,2023-03-27,3,58.29
161,227,42,2024-01-13,5,241.75
162,295,298,2023-05-21,7,326.62
163,207,384,2023-11-23,3,101.76
164,467,184,2024-06-27,9,47.25
165,382,362,2024-09-23,6,176.58
166,272,486,2023-09-17,6,114.78
167,168,442,2024-11-24,3,145.44
168,324,36,2023-01-11,10,345.1
169,81,415,2024-02-04,10,295.1
170,121,77,2023-05-06,10,442.8
171,364,397,2023-01-12,10,281.5
172,463,423,2024-09-20,1,25.63
173,399,61,2023-07-01,5,205.25
174,34,29,2023-12-17,4,124.48
175,385,103,2023-10-12,1,43.25
176,86,479,2023-09-19,6,229.62
177,378,121,2024-08-21,3,127.41
178,70,298,2023-05-03,10,466.6
179,325,52,2023-02-01,9,148.77
180,460,227,2023-01-20,7,267.19
181,8,117,2023-01-18,3,44.61
182,129,293,2023-11-01,7,125.51
183,335,371,2024-06-08,1,17.4
184,474,88,2024-04-30,2,80.44
185,15,25,2023-03-09,6,51.3
186,167,120,2023-04-03,7,336.21
187,119,275,2023-12-30,1,25.83
188,46,425,2023-03-13,1,24.23
189,107,240,2024-07-11,6,299.4
190,240,273,2024-07-02,4,49.72
191,418,390,2024-03-25,1,39.96
192,144,380,2024-06-24,2,26.34
193,474,36,2023-03-31,7,241.57
194,463,340,2024-11-04,5,249.9
195,437,241,2023-07-17,2,28.12
196,214,468,2023-04-03,7,214.13
197,256,32,2024-05-25,10,215.6
198,373,117,2023-06-13,1,14.87
199,429,18,2024-09-30,10,394.7
200,313,303,2023-11-23,1,6.57
201,67,463,2023-10-11,4,47.96
202,137,69,2023-12-17,8,70.32
203,116,110,2023-12-27,4,120.6
204,47,427,2023-05-26,3,54.0
205,279,457,2023-03-21,2,56.44
206,81,130,2023-07-19,1,6.64
207,194,461,2023-09-06,1,9.6
208,13,101,2024-05-21,6,290.94
209,346,449,2024-01-03,10,401.7
210,287,223,2023-10-14,6,39.12
211,397,209,2024-01-17,10,486.7
212,244,300,2024-04-20,2,53.74
213,325,447,2023-11-17,7,253.75
214,103,114,2024-09-04,7,50.96
215,461,138,2023-08-17,8,198.16
216,104,428,2024-02-28,4,90.92
217,414,142,2022-12-28,2,97.92
218,364,47,2024-02-13,8,162.96
219,186,157,2024-02-11,9,172.53
220,376,275,2023-07-07,1,25.83
221,353,219,2023-09-10,5,104.5
222,331,157,2023-09-19,10,191.7
223,213,31,2022-12-17,10,212.3
224,384,90,2024-07-19,4,66.24
225,272,115,2023-06-08,4,112.48
226,437,35,2024-01-25,9,286.29
227,461,308,2023-05-04,8,166.0
228,400,104,2024-06-07,3,31.68
229,82,482,2024-02-09,7,223.72
230,307,241,2023-09-10,7,98.42
231,22,384,2023-11-11,1,33.92
232,220,229,2024-07-26,5,102.3
233,403,181,2024-04-28,7,271.11
234,149,11,2024-11-21,5,179.75
235,419,459,2024-11-12,3,107.31
236,375,265,2024-11-04,9,419.4
237,47,199,2023-08-15,7,299.67
238,134,280,2024-02-26,6,100.68
239,132,307,2023-09-19,5,72.15
240,457,492,2023-05-30,10,440.7
241,119,69,2024-07-08,6,52.74
242,416,410,2023-06-15,9,398.97
243,82,350,2024-08-02,10,316.7
244,12,380,2024-10-28,3,39.51
245,386,97,2023-11-01,9,411.66
246,401,415,2024-11-14,2,59.02
247,77,142,2024-03-07,10,489.6
248,312,285,2023-09-09,9,248.85
249,131,189,2023-01-15,8,109.2
250,63,65,2023-09-16,9,204.3
251,109,490,2023-12-12,2,25.76
252,405,387,2023-11-15,5,237.1
253,449,273,2023-01-03,3,37.29
254,99,469,2023-07-18,2,46.5
255,217,406,2023-04-19,4,143.16
256,225,174,2024-05-30,9,340.47
257,123,403,2023-11-06,1,15.01
258,179,387,2023-08-08,3,142.26
259,437,77,2023-01-08,2,88.56
260,112,170,2024-05-07,2,22.56
261,200,288,2023-07-25,8,223.28
262,224,376,2022-12-11,6,175.56
263,260,373,2024-08-20,2,78.18
264,290,13,2023-10-29,9,126.36
265,258,100,2024-09-17,9,449.01
266,167,426,2023-06-02,10,328.2
267,467,390,2024-08-30,9,359.64
268,117,56,2024-11-15,9,70.83
269,8,157,2024-03-15,5,95.85
270,120,82,2024-04-13,7,319.9
271,462,40,2023-07-01,1,25.97
272,228,321,2024-11-02,1,24.32
273,357,119,2022-12-14,8,399.04
274,254,120,2024-04-10,2,96.06
275,495,31,2023-01-05,2,42.46
276,166,46,2024-11-16,3,99.51
277,276,292,2022-12-18,1,26.94
278,111,71,2024-11-18,9,346.5
279,204,339,2024-11-13,9,391.59
280,181,377,2023-05-11,8,318.32
281,23,431,2024-11-23,8,155.84
282,364,154,2024-11-22,6,104.64
283,277,471,2024-10-31,8,363.04
284,325,466,2023-01-06,4,148.68
285,198,469,2024-07-30,6,139.5
286,96,264,2023-04-23,2,41.02
287,74,163,2023-06-25,3,57.33
288,6,128,2023-11-13,1,24.04
289,321,491,2023-08-30,2,29.74
290,31,219,2024-08-18,2,41.8
291,214,154,2024-04-15,8,139.52
292,388,432,2024-02-11,4,35.36
293,96,214,2024-01-20,9,163.44
294,21,302,2023-10-01,4,114.68
295,414,269,2024-10-07,5,165.4
296,181,486,2023-09-13,1,19.13
297,382,381,2024-07-27,4,42.4
298,359,73,2024-08-22,10,212.3
299,189,348,2024-07-29,8,100.96
300,90,485,2023-12-09,7,162.12
301,339,346,2024-09-12,4,39.88
302,348,80,2024-02-29,6,209.04
303,423,31,2023-08-12,6,127.38
304,59,229,2024-02-06,9,184.14
305,107,266,2023-12-18,4,133.16
306,54,316,2024-11-28,4,35.24
307,368,133,2023-11-17,1,20.96
308,499,485,2023-02-19,10,231.6
309,185,227,2022-12-29,8,305.36
310,338,334,2023-10-05,3,107.04
311,198,80,2024-03-05,7,243.88
312,209,208,2023-04-23,10,250.0
313,57,105,2023-10-11,8,240.16
314,449,127,2024-03-09,1,11.66
315,281,119,2023-03-22,8,399.04
316,329,198,2024-06-30,7,156.66
317,400,88,2023-01-06,10,402.2
318,353,84,2024-01-31,8,356.72
319,172,296,2024-06-27,2,22.98
320,376,363,2024-04-05,8,59.84
321,114,386,2023-08-05,8,50.88
322,270,112,2023-11-08,2,16.04
323,36,412,2023-06-27,6,58.98
324,306,214,2023-01-31,7,127.12
325,60,394,2023-07-10,1,27.15
326,16,149,2024-06-15,6,102.54
327,247,409,2024-07-11,2,43.12
328,232,3,2024-01-19,3,47.25
329,171,171,2023-09-23,5,160.75
330,265,65,2023-01-10,10,227.0
331,429,143,2023-07-15,1,43.65
332,41,113,2023-07-25,2,12.76
333,161,407,2024-10-08,1,42.19
334,193,339,2024-03-01,6,261.06
335,184,334,2023-06-05,7,249.76
336,141,371,2023-06-23,9,156.6
337,230,455,2023-12-06,5,135.15
338,165,486,2023-01-13,2,38.26
339,374,491,2024-03-21,10,148.7
340,460,222,2023-03-02,8,236.72
341,26,333,2024-09-06,2,55.52
342,178,462,2023-08-24,1,49.23
343,75,124,2023-01-03,7,189.7
344,385,218,2023-11-25,5,26.8
345,325,253,2023-07-04,2,23.32
346,122,240,2024-03-10,8,399.2
347,2,118,2023-02-23,3,16.56
348,239,158,2023-03-19,7,172.83
349,159,73,2023-04-15,2,42.46
350,458,154,2024-02-09,6,104.64
351,425,219,2023-02-26,8,167.2
352,178,436,2023-03-19,7,111.3
353,14,360,2023-08-03,5,246.7
354,388,225,2024-07-28,2,72.08
355,437,443,2023-10-23,6,264.3
356,384,102,2024-06-01,3,120.66
357,163,150,2023-07-06,9,287.55
358,474,45,2023-01-30,8,203.92
359,301,378,2023-08-23,6,36.06
360,177,442,2024-01-23,2,96.96
361,415,448,2023-07-27,6,37.56
362,242,292,2024-07-29,3,80.82
363,153,91,2023-03-04,2,55.64
364,357,38,2024-05-12,9,148.23
365,301,200,2023-02-28,7,69.72
366,425,231,2024-03-08,6,56.22
367,497,309,2023-04-04,5,58.7
368,17,488,2023-05-17,10,491.5
369,339,156,2022-12-09,1,31.68
370,462,295,2024-02-04,4,114.64
371,149,120,2024-03-23,4,192.12
372,290,57,2023-01-21,3,70.77
373,428,47,2024-10-25,9,183.33
374,418,64,2024-04-28,9,216.9
375,115,58,2023-07-19,3,103.62
376,360,320,2023-03-02,7,35.49
377,194,208,2023-12-03,5,125.0
378,203,105,2024-09-25,1,30.02
379,313,135,2023-06-21,7,105.91
380,465,491,2024-09-18,3,44.61
381,485,377,2023-07-22,8,318.32
382,492,333,2024-08-14,1,27.76
383,145,8,2023-04-04,3,146.97
384,304,369,2024-06-26,7,158.55
385,379,110,2024-07-18,9,271.35
386,226,52,2023-05-05,5,82.65
387,344,236,2024-07-20,4,43.12
388,125,232,2023-08-04,6,57.72
389,485,391,2023-11-18,2,66.84
390,94,73,2023-10-01,10,212.3
391,30,330,2023-05-20,8,256.16
392,336,212,2024-07-04,1,18.69
393,279,307,2022-12-24,8,115.44
394,299,425,2024-04-14,1,24.23
395,159,443,2024-05-27,9,396.45
396,59,424,2023-04-09,6,243.0
397,368,73,2023-01-19,6,127.38
398,273,334,2023-07-21,9,321.12
399,318,393,2022-12-27,9,396.0
400,239,33,2024-04-05,10,350.6
401,154,475,2023-12-06,1,47.76
402,199,323,2022-12-25,8,286.64
403,98,398,2024-11-17,10,334.1
404,457,191,2024-10-02,10,421.9
405,405,149,2024-05-01,5,85.45
406,438,78,2023-02-17,10,130.7
407,121,156,2024-04-14,4,126.72
408,485,299,2023-12-13,4,112.76
409,184,303,2024-09-07,6,39.42
410,364,462,2024-12-01,5,246.15
411,486,208,2023-10-29,8,200.0
412,24,103,2024-06-16,5,216.25
413,158,314,2023-07-12,3,28.77
414,23,234,2023-11-10,1,7.15
415,336,10,2023-07-07,1,24.63
416,149,211,2023-12-29,1,16.19
417,222,254,2024-03-29,4,170.28
418,153,372,2023-12-04,2,35.46
419,330,313,2023-05-15,3,141.48
420,102,415,2024-10-03,1,29.51
421,56,183,2023-04-01,5,77.0
422,322,176,2023-12-25,8,128.88
423,11,349,2024-01-10,5,221.8
424,291,118,2024-01-16,7,38.64
425,98,308,2023-02-14,6,124.5
426,98,33,2024-02-18,5,175.3
427,287,434,2023-09-11,7,319.06
428,214,175,2023-02-16,10,328.5
429,449,146,2023-11-01,7,101.5
430,206,26,2024-07-26,2,42.1
431,68,276,2024-09-22,1,19.85
432,420,168,2023-11-04,3,42.39
433,37,223,2023-03-01,6,39.12
434,45,83,2023-10-20,10,89.4
435,13,230,2023-04-14,8,48.8
436,224,412,2024-06-17,1,9.83
437,183,360,2023-10-31,6,296.04
438,304,434,2024-08-16,2,91.16
439,346,419,2023-05-20,3,27.84
440,195,343,2023-08-31,9,387.27
441,269,168,2024-03-18,8,113.04
442,57,129,2023-05-20,8,325.92
443,425,108,2024-04-30,10,253.8
444,155,5,2022-12-12,7,76.65
445,21,384,2024-04-16,8,271.36
446,485,380,2023-09-18,3,39.51
447,379,422,2023-08-05,1,45.91
448,115,38,2024-11-21,1,16.47
449,490,222,2023-11-18,1,29.59
450,451,288,2023-05-18,8,223.28
451,87,307,2023-08-04,10,144.3
452,100,412,2024-07-13,1,9.83
453,22,418,2023-04-19,8,255.04
454,386,186,2024-06-14,8,330.64
455,84,409,2023-10-31,2,43.12
456,331,125,2024-02-19,5,162.05
457,387,147,2024-03-17,10,452.0
458,160,127,2023-02-19,6,69.96
459,163,422,2024-08-17,10,459.1
460,445,237,2023-05-24,2,80.86
461,317,196,2023-11-18,9,60.21
462,22,282,2024-11-24,3,114.57
463,174,279,2024-07-06,5,152.5
464,392,463,2022-12-20,1,11.99
465,337,414,2023-01-16,7,157.85
466,498,273,2024-12-07,7,87.01
467,390,273,2023-07-22,10,124.3
468,162,237,2023-11-22,6,242.58
469,158,97,2024-01-01,6,274.44
470,349,232,2024-10-30,8,76.96
471,79,7,2022-12-13,5,218.15
472,145,136,2023-08-07,6,59.34
473,353,75,2024-06-19,1,47.11
474,194,138,2023-03-24,9,222.93
475,284,161,2023-03-02,7,151.2
476,387,379,2023-04-02,5,28.5
477,162,454,2023-05-30,7,66.92
478,423,350,2024-08-02,4,126.68
479,328,197,2023-12-26,7,301.21
480,415,146,2023-06-21,7,101.5
481,405,353,2023-07-07,10,469.7
482,2,429,2024-08-31,7,298.06
483,459,202,2023-11-23,10,122.6
484,500,274,2023-08-31,6,292.8
485,140,230,2023-02-04,5,30.5
486,322,110,2023-04-26,2,60.3
487,102,245,2023-12-23,7,112.42
488,47,18,2023-05-23,4,157.88
489,211,471,2023-02-22,5,226.9
490,173,93,2023-02-15,9,156.87
491,425,72,2023-10-14,10,465.4
492,284,120,2024-04-28,10,480.3
493,475,19,2024-11-04,1,11.31
494,117,127,2024-11-23,2,23.32
495,216,497,2023-03-31,3,72.3
496,53,233,2024-09-28,6,62.34
497,328,272,2023-04-25,10,51.6
498,152,406,2024-03-10,2,71.58
499,140,48,2023-08-26,1,24.7
500,297,137,2024-06-17,5,131.65
501,378,438,2023-05-10,1,33.39
502,39,84,2023-05-21,2,89.18
503,72,312,2023-05-30,3,109.41
504,23,139,2023-05-15,9,318.6
505,206,432,2023-09-22,4,35.36
506,289,206,2023-12-26,1,38.01
507,249,109,2023-12-29,3,25.62
508,303,136,2023-12-15,1,9.89
509,147,460,2023-09-24,3,107.64
510,342,253,2023-12-05,1,11.66
511,17,406,2023-03-21,3,107.37
512,241,271,2023-07-20,1,22.08
513,457,350,2023-12-22,6,190.02
514,457,151,2023-11-11,2,67.74
515,187,498,2023-12-29,2,21.76
516,325,431,2023-12-28,3,58.44
517,17,277,2023-03-25,7,232.47
518,493,251,2023-12-20,1,8.87
519,26,123,2023-12-27,1,37.6
520,282,418,2023-12-03,1,31.88
521,258,485,2023-11-05,2,46.32
522,110,476,2023-12-14,2,78.84
523,76,344,2023-04-10,3,118.89
524,4,116,2023-09-04,1,41.82
525,377,4,2023-09-19,1,43.52
526,380,441,2023-05-29,2,81.44
527,386,277,2023-05-16,1,33.21
528,466,402,2023-09-16,2,42.76
529,153,182,2023-02-22,2,47.52
530,347,32,2023-11-22,2,43.12
531,112,98,2023-12-08,2,93.42
532,408,448,2023-04-15,6,37.56
533,347,26,2023-12-18,3,63.15
534,155,86,2023-01-03,2,51.02
535,115,85,2023-12-29,2,38.86
536,211,147,2023-05-26,2,90.4
537,283,80,2023-12-18,1,34.84
538,421,32,2023-02-24,4,86.24
539,396,81,2023-10-17,1,44.19
540,115,346,2023-12-03,5,49.85
541,4,297,2023-12-19,3,106.95
542,477,268,2023-07-19,2,16.2
543,155,136,2023-11-11,2,19.78
544,72,5,2023-06-11,2,21.9
545,412,110,2023-12-03,2,60.3
546,466,190,2023-06-03,1,38.36
547,391,5,2023-09-10,3,32.85
548,45,136,2023-12-04,1,9.89
549,54,310,2023-09-09,1,47.92
550,187,259,2023-11-28,2,28.96
551,136,425,2023-12-03,1,24.23
552,230,83,2023-11-21,4,35.76
553,457,39,2023-07-01,7,76.93
554,356,299,2023-03-02,3,84.57
555,141,461,2023-01-12,2,19.2
556,464,453,2023-11-12,5,242.75
557,155,443,2023-11-30,1,44.05
558,13,92,2023-04-14,4,136.84
559,408,137,2023-12-26,1,26.33
560,247,114,2023-07-02,1,7.28
561,123,115,2023-06-27,1,28.12
562,72,496,2023-06-28,4,175.0
563,407,170,2023-08-22,7,78.96
564,187,20,2023-12-06,1,48.13
565,166,311,2023-11-11,9,290.52
566,90,23,2023-12-07,4,154.2
567,131,187,2023-12-18,2,45.96
568,249,340,2023-12-20,5,249.9
569,97,168,2023-06-10,2,28.26
570,22,347,2023-03-14,4,24.4
571,436,427,2023-09-13,1,18.0
572,493,239,2023-07-19,2,89.02
573,16,338,2023-09-26,1,10.17
574,53,420,2023-10-11,7,231.98
575,272,76,2023-06-26,1,41.33
576,72,234,2023-08-28,2,14.3
577,34,254,2023-04-23,2,85.14
578,347,399,2023-11-29,2,28.68
579,234,26,2023-12-17,3,63.15
580,234,342,2023-03-05,2,34.22
581,179,314,2023-06-25,5,47.95
582,436,229,2023-07-30,6,122.76
583,4,431,2023-08-09,3,58.44
584,155,141,2023-09-21,2,98.84
585,71,458,2023-05-11,2,74.56
586,217,362,2023-05-23,1,29.43
587,116,32,2023-06-15,1,21.56
588,13,439,2023-12-19,6,96.0
589,198,153,2023-08-31,4,32.2
590,413,383,2023-12-14,4,168.68
591,377,140,2023-12-16,2,62.98
592,87,371,2023-06-22,1,17.4
593,402,14,2023-03-20,6,36.24
594,147,70,2023-11-03,5,117.25
595,110,233,2023-05-11,2,20.78
596,132,130,2023-07-25,5,33.2
597,462,115,2023-11-02,3,84.36
598,380,487,2023-10-25,1,39.26
599,280,243,2023-10-08,3,26.61
600,90,393,2023-04-23,2,88.0
601,457,399,2023-12-23,5,71.7
602,393,295,2023-03-01,3,85.98
603,272,39,2023-07-23,3,32.97
604,148,436,2023-05-23,3,47.7
605,141,178,2023-11-19,2,55.78
606,338,7,2023-02-21,5,218.15
607,379,326,2023-03-31,6,90.9
608,370,495,2023-03-06,3,60.93
609,276,239,2023-12-25,2,89.02
610,4,426,2023-05-28,7,229.74
611,234,292,2023-08-25,3,80.82
612,206,94,2023-01-28,2,33.72
613,185,285,2023-05-09,1,27.65
614,93,251,2023-02-24,3,26.61
615,293,230,2023-08-23,4,24.4
616,466,157,2023-05-23,3,57.51
617,140,382,2023-09-12,3,99.57
618,432,119,2023-08-10,1,49.88
619,48,99,2023-03-18,1,46.93
620,381,306,2023-11-25,1,43.92
621,379,92,2023-04-08,2,68.42
622,126,284,2023-03-02,1,15.21
623,293,53,2023-10-25,5,146.4
624,338,95,2023-08-15,8,396.24
625,115,206,2023-12-04,2,76.02
626,217,416,2023-11-05,3,147.3
627,459,392,2023-12-04,2,71.04
628,372,195,2023-10-25,2,23.26
629,433,292,2023-12-14,3,80.82
630,302,321,2023-11-25,1,24.32
631,445,39,2023-03-06,1,10.99
632,196,17,2023-11-16,1,5.37
633,72,352,2023-11-15,1,6.01
634,131,218,2023-11-19,1,5.36
635,303,37,2023-03-09,1,13.08
636,485,472,2023-10-27,1,28.09
637,83,483,2023-11-23,1,14.03
638,141,456,2023-07-20,2,40.22
639,123,493,2023-05-03,3,84.24
640,121,296,2023-10-01,1,11.49
641,178,470,2023-08-21,1,27.67
642,296,497,2023-07-27,1,24.1
643,347,440,2023-06-22,1,27.42
644,79,417,2023-08-22,4,186.44
645,493,60,2023-02-09,8,281.12
646,422,237,2023-09-01,2,80.86
647,313,321,2023-07-25,2,48.64
648,56,225,2023-05-05,6,216.24
649,434,364,2023-01-21,1,43.82
650,228,431,2023-09-03,6,116.88
651,217,256,2023-03-27,7,258.02
652,274,242,2023-11-14,1,33.79
653,339,383,2023-07-30,5,210.85
654,113,175,2023-05-26,7,229.95
655,325,429,2023-12-10,3,127.74
656,190,276,2023-08-05,2,39.7
657,212,478,2023-11-13,2,70.92
658,32,120,2023-11-19,5,240.15
659,28,198,2023-06-16,9,201.42
660,306,494,2023-10-05,1,6.66
661,347,448,2023-10-28,5,31.3
662,303,210,2023-12-01,5,204.65
663,187,174,2023-02-26,3,113.49
664,401,195,2023-02-11,7,81.41
665,419,19,2023-12-16,3,33.93
666,228,383,2023-11-10,1,42.17
667,347,228,2023-11-23,1,30.75
668,126,151,2023-01-11,2,67.74
669,479,350,2023-05-14,4,126.68
670,31,318,2023-02-28,3,120.33
671,225,327,2023-10-08,1,21.4
672,235,462,2023-01-26,1,49.23
673,325,328,2023-02-12,8,82.08
674,272,197,2023-08-10,5,215.15
675,498,152,2023-07-12,10,467.7
676,67,141,2023-12-22,1,49.42
677,309,427,2023-11-02,6,108.0
678,198,113,2023-11-20,3,19.14
679,303,322,2023-11-24,1,26.49
680,175,18,2023-01-26,3,118.41
681,206,383,2023-02-10,2,84.34
682,27,272,2023-11-29,2,10.32
683,271,496,2023-04-30,5,218.75
684,242,494,2023-06-04,1,6.66
685,70,496,2023-05-22,5,218.75
686,58,136,2023-02-13,2,19.78
687,230,300,2023-11-22,2,53.74
688,317,242,2023-07-22,1,33.79
689,377,332,2023-09-30,1,49.08
690,97,60,2023-12-10,1,35.14
691,457,50,2023-06-16,1,37.0
692,417,215,2023-07-12,3,75.48
693,347,427,2023-12-21,2,36.0
694,356,112,2023-12-02,2,16.04
695,27,279,2023-12-04,6,183.0
696,112,496,2023-02-09,1,43.75
697,110,329,2023-08-22,3,115.47
698,466,65,2023-02-11,4,90.8
699,302,301,2023-12-18,1,21.66
700,328,142,2023-06-05,5,244.8
701,16,57,2023-03-09,3,70.77
702,155,302,2023-01-26,2,57.34
703,130,270,2023-02-24,1,13.17
704,352,304,2023-08-12,1,13.48
705,369,155,2023-12-02,2,99.92
706,81,219,2023-02-16,3,62.7
707,378,165,2023-12-03,3,96.3
708,437,365,2023-05-21,2,21.28
709,332,310,2023-09-15,2,95.84
710,443,370,2023-03-21,5,219.55
711,338,424,2023-12-14,2,81.0
712,249,341,2023-02-14,1,19.59
713,115,47,2023-11-16,5,101.85
714,5,416,2023-02-24,1,49.1
715,44,344,2023-12-18,1,39.63
716,135,445,2023-11-25,6,81.66
717,198,54,2023-05-10,3,134.34
718,457,180,2023-10-08,5,125.45
719,228,414,2023-11-19,2,45.1
720,456,14,2023-11-20,3,18.12
721,48,140,2023-11-01,4,125.96
722,48,446,2023-06-01,1,34.49
723,380,47,2023-02-24,4,81.48
724,17,190,2023-07-11,2,76.72
725,378,453,2023-12-20,1,48.55
726,378,140,2023-10-22,2,62.98
727,410,111,2023-10-14,4,161.16
728,283,270,2023-07-10,3,39.51
729,126,4,2023-07-20,1,43.52
730,90,149,2023-11-25,2,34.18
731,45,195,2023-11-06,2,23.26
732,311,37,2023-09-22,2,26.16
733,72,442,2023-07-15,2,96.96
734,120,149,2023-07-21,1,17.09
735,223,426,2023-06-26,3,98.46
736,466,224,2023-07-04,3,126.45
737,338,114,2023-07-10,2,14.56
738,395,262,2023-09-04,1,21.02
739,217,121,2023-06-27,1,42.47
740,72,91,2023-04-05,7,194.74
741,195,349,2023-08-19,6,266.16
742,493,443,2023-10-20,8,352.4
743,178,324,2023-07-16,2,92.16
744,72,159,2023-02-17,2,72.42
745,72,331,2023-07-10,5,76.8
746,35,237,2023-10-17,3,121.29
747,199,466,2023-11-02,5,185.85
748,320,78,2023-06-16,7,91.49
749,333,366,2023-11-27,1,13.1
750,169,225,2023-01-23,2,72.08
751,54,199,2023-07-30,2,85.62
752,163,34,2023-10-26,2,32.98
753,217,171,2023-07-09,1,32.15
754,57,67,2023-12-10,3,30.69
755,44,417,2023-06-13,1,46.61
756,385,48,2023-12-22,3,74.1
757,26,93,2023-07-12,7,122.01
758,228,71,2023-11-07,1,38.5
759,416,428,2023-11-17,4,90.92
760,45,306,2023-11-29,2,87.84
761,17,370,2023-12-25,2,87.82
762,182,313,2023-11-08,1,47.16
763,155,159,2023-08-18,8,289.68
764,27,348,2023-12-07,7,88.34
765,30,258,2023-08-10,2,19.9
766,303,447,2023-11-26,1,36.25
767,347,365,2023-12-18,5,53.2
768,17,140,2023-05-25,2,62.98
769,294,419,2023-12-03,2,18.56
770,68,258,2023-01-02,2,19.9
771,13,164,2023-02-08,7,292.81
772,303,71,2023-10-26,1,38.5
773,303,389,2023-08-27,4,101.56
774,58,132,2023-01-03,1,20.46
775,388,217,2023-12-20,1,35.38
776,155,215,2023-06-02,3,75.48
777,316,306,2023-02-27,2,87.84
778,303,150,2023-09-23,2,63.9
779,112,341,2023-05-14,3,58.77
780,384,279,2023-07-31,2,61.0
781,246,23,2023-09-13,3,115.65
782,107,404,2023-05-01,1,15.65
783,297,69,2023-10-04,1,8.79
784,234,357,2023-11-06,2,23.7
785,218,19,2023-03-23,1,11.31
786,289,478,2023-04-02,2,70.92
787,432,19,2023-11-16,4,45.24
788,141,444,2023-06-25,3,38.19
789,78,381,2023-11-14,2,21.2
790,308,355,2023-06-06,2,16.2
791,378,373,2023-09-26,2,78.18
792,428,151,2023-12-06,2,67.74
793,188,309,2023-11-10,4,46.96
794,141,373,2023-08-15,5,195.45
795,126,39,2023-12-09,3,32.97
796,17,488,2023-09-24,1,49.15
797,380,65,2023-11-15,1,22.7
798,481,17,2023-07-13,3,16.11
799,182,391,2023-12-12,1,33.42
800,60,128,2023-07-11,8,192.32
801,41,468,2023-04-17,3,91.77
802,386,314,2023-05-15,1,9.59
803,45,437,2023-08-04,1,44.29
804,71,342,2023-11-03,2,34.22
805,325,436,2023-09-29,1,15.9
806,379,261,2023-11-06,1,14.25
807,301,14,2023-11-08,2,12.08
808,45,314,2023-08-18,6,57.54
809,265,270,2023-07-23,2,26.34
810,289,329,2023-09-05,1,38.49
811,443,328,2023-09-05,3,30.78
812,126,426,2023-03-17,1,32.82
813,228,178,2023-04-11,7,195.23
814,408,101,2023-05-03,3,145.47
815,401,48,2023-03-10,2,49.4
816,16,338,2023-12-05,3,30.51
817,473,22,2023-06-30,5,196.15
818,187,334,2023-01-21,1,35.68
819,312,456,2023-10-01,3,60.33
820,466,413,2023-12-16,5,51.75
821,115,81,2023-08-23,2,88.38
822,303,161,2023-04-20,5,108.0
823,75,67,2023-12-12,4,40.92
824,238,63,2023-03-08,1,22.38
825,34,443,2023-02-10,3,132.15
826,44,479,2023-12-06,3,114.81
827,355,240,2023-11-16,2,99.8
828,62,259,2023-01-31,2,28.96
829,126,145,2023-10-02,2,45.06
830,207,275,2023-10-16,1,25.83
831,27,392,2023-03-09,2,71.04
832,112,186,2023-02-18,3,123.99
833,440,144,2023-08-25,5,96.35
834,53,202,2023-10-05,2,24.52
835,303,102,2023-09-12,3,120.66
836,303,366,2023-01-02,2,26.2
837,357,72,2023-08-20,2,93.08
838,325,304,2023-04-20,2,26.96
839,471,154,2023-09-23,2,34.88
840,118,299,2023-06-04,2,56.38
841,13,306,2023-12-21,2,87.84
842,123,370,2023-11-25,1,43.91
843,24,76,2023-09-24,5,206.65
844,457,98,2023-09-23,1,46.71
845,324,211,2023-03-23,2,32.38
846,115,362,2023-08-28,1,29.43
847,264,270,2023-06-22,2,26.34
848,333,280,2023-08-18,2,33.56
849,187,313,2023-11-21,2,94.32
850,228,483,2023-05-10,8,112.24
851,288,163,2023-05-07,2,38.22
852,410,148,2023-12-24,1,12.25
853,474,489,2023-07-13,4,136.08
854,378,178,2023-01-31,6,167.34
855,324,424,2023-11-07,2,81.0
856,457,316,2023-11-05,4,35.24
857,228,327,2023-02-17,1,21.4
858,347,349,2023-06-16,4,177.44
859,17,209,2023-09-30,3,146.01
860,272,388,2023-08-21,8,212.96
861,53,334,2023-10-30,3,107.04
862,380,468,2023-11-30,6,183.54
863,380,429,2023-12-30,2,85.16
864,196,449,2023-12-31,1,40.17
865,163,146,2023-10-30,2,29.0
866,45,436,2023-09-29,2,31.8
867,17,375,2023-11-11,2,68.3
868,444,405,2023-04-24,1,7.42
869,91,424,2023-04-20,2,81.0
870,48,72,2023-07-04,2,93.08
871,317,229,2023-01-13,4,81.84
872,494,6,2023-06-24,1,6.56
873,280,239,2023-05-22,2,89.02
874,393,354,2023-08-29,1,21.09
875,377,113,2023-06-20,7,44.66
876,7,213,2023-08-20,4,27.16
877,350,391,2023-11-26,1,33.42
878,383,229,2023-12-03,2,40.92
879,115,425,2023-12-04,2,48.46
880,17,168,2023-09-05,5,70.65
881,288,47,2023-11-23,6,122.22
882,352,213,2023-02-05,2,13.58
883,26,371,2023-08-26,1,17.4
884,72,24,2023-01-07,2,65.48
885,72,479,2023-09-02,2,76.54
886,128,192,2023-04-05,10,483.7
887,19,193,2023-12-30,1,29.54
888,462,61,2023-12-05,1,41.05
889,294,428,2023-09-24,1,22.73
890,426,218,2023-06-22,2,10.72
891,217,142,2023-05-12,1,48.96
892,125,315,2023-11-02,4,171.6
893,115,52,2023-01-07,3,49.59
894,141,126,2023-11-28,4,101.32
895,126,72,2023-05-07,2,93.08
896,500,164,2023-11-24,3,125.49
897,148,449,2023-11-08,1,40.17
898,185,32,2023-05-10,3,64.68
899,144,285,2023-11-06,2,55.3
900,28,403,2023-12-22,2,30.02
901,12,95,2023-07-10,4,198.12
902,303,413,2023-12-10,2,20.7
903,458,272,2023-07-14,1,5.16
904,378,473,2023-04-21,2,60.52
905,112,27,2023-09-27,1,42.14
906,72,97,2023-10-28,5,228.7
907,266,107,2023-11-07,5,99.25
908,110,480,2023-12-01,1,38.15
909,265,469,2023-11-25,1,23.25
910,434,283,2023-04-30,2,34.0
911,107,158,2023-08-21,1,24.69
912,245,390,2023-08-04,5,199.8
913,141,289,2023-07-14,5,100.6
914,120,152,2023-01-18,1,46.77
915,4,256,2023-07-27,3,110.58
916,287,495,2023-06-25,4,81.24
917,198,87,2023-08-24,1,34.84
918,421,329,2023-04-29,7,269.43
919,141,392,2023-12-03,1,35.52
920,217,5,2023-10-03,1,10.95
921,275,338,2023-02-21,2,20.34
922,58,272,2023-09-01,4,20.64
923,152,413,2023-05-17,7,72.45
924,217,124,2023-12-17,1,27.1
925,69,41,2023-11-09,2,86.18
926,228,154,2023-09-23,3,52.32
927,380,48,2023-10-28,2,49.4
928,328,360,2023-08-21,1,49.34
929,297,290,2023-07-26,8,350.48
930,141,118,2023-12-30,1,5.52
931,121,24,2023-12-16,6,196.44
932,473,337,2023-05-18,1,34.28
933,303,386,2023-06-07,5,31.8
934,17,289,2023-12-10,1,20.12
935,418,170,2023-07-29,2,22.56
936,378,257,2023-11-23,4,84.56
937,72,175,2023-02-08,3,98.55
938,206,16,2023-10-25,3,30.21
939,311,284,2023-08-08,7,106.47
940,24,44,2023-11-22,4,54.2
941,378,138,2023-05-03,1,24.77
942,49,163,2023-10-24,2,38.22
943,379,390,2023-12-15,1,39.96
944,456,285,2023-04-15,2,55.3
945,53,306,2023-02-18,3,131.76
946,109,199,2023-07-10,4,171.24
947,491,267,2023-09-08,1,37.49
948,88,253,2023-03-10,1,11.66
949,277,401,2023-05-10,1,31.72
950,307,305,2023-05-21,3,94.98
951,67,171,2023-03-01,5,160.75
952,163,221,2023-12-15,5,124.05
953,325,165,2023-12-05,3,96.3
954,74,496,2023-08-06,2,87.5
955,500,401,2023-10-31,1,31.72
956,39,59,2023-11-13,7,182.0
957,440,14,2023-12-06,7,42.28
958,196,426,2023-11-15,3,98.46
959,315,72,2023-11-14,3,139.62
960,135,405,2023-10-23,2,14.84
961,79,274,2023-10-19,2,97.6
962,380,405,2023-11-18,8,59.36
963,378,56,2023-11-20,4,31.48
964,141,289,2023-06-21,9,181.08
965,297,495,2023-07-25,4,81.24
966,344,383,2023-02-08,2,84.34
967,8,201,2023-09-15,2,74.5
968,474,13,2023-11-05,2,28.08
969,457,426,2023-12-03,7,229.74
970,15,267,2023-06-15,2,74.98
971,204,164,2023-07-23,1,41.83
972,333,332,2023-11-01,1,49.08
973,466,265,2023-12-24,1,46.6
974,243,409,2023-09-15,2,43.12
975,67,15,2023-10-14,4,95.32
976,47,3,2023-08-14,4,63.0
977,115,296,2023-11-26,1,11.49
978,131,235,2023-04-11,1,15.66
979,249,306,2023-08-31,2,87.84
980,218,317,2023-03-12,1,29.2
981,378,345,2023-11-30,1,25.89
982,6,356,2023-06-06,1,25.65
983,33,217,2023-10-19,1,35.38
984,16,285,2023-11-21,1,27.65
985,201,318,2023-04-27,1,40.11
986,112,418,2023-01-05,2,63.76
987,296,213,2023-10-14,4,27.16
988,380,408,2023-04-19,4,40.28
989,56,87,2023-05-18,4,139.36
990,439,262,2023-11-16,1,21.02
991,27,278,2023-11-27,5,243.05
992,350,218,2023-11-18,1,5.36
993,380,231,2023-11-10,1,9.37
994,280,398,2023-02-28,5,167.05
995,198,441,2023-11-23,4,162.88
996,15,417,2023-04-05,1,46.61
997,414,87,2023-06-09,2,69.68
998,354,461,2023-05-09,3,28.8
999,103,471,2023-12-26,1,45.38
1000,45,128,2023-10-23,1,24.04
1001,61,251,2023-05-27,1,8.87
1002,203,39,2023-10-13,3,32.97
1003,60,356,2023-02-17,7,179.55
1004,328,445,2023-12-11,4,54.44
1005,107,436,2023-11-15,1,15.9
1006,110,254,2023-04-14,1,42.57
1007,45,290,2023-06-19,5,219.05
1008,141,24,2023-12-25,1,32.74
1009,17,226,2023-08-04,2,54.44
1010,45,452,2023-07-23,3,122.34
1011,53,336,2023-12-09,2,48.16
1012,17,27,2023-11-21,2,84.28
1013,150,336,2023-11-08,1,24.08
1014,45,304,2023-04-03,1,13.48
1015,333,419,2023-01-23,1,9.28
1016,72,118,2023-11-16,2,11.04
1017,27,452,2023-03-11,1,40.78
1018,45,329,2023-11-28,10,384.9
1019,17,226,2023-09-01,2,54.44
1020,104,316,2023-11-30,3,26.43
1021,303,386,2023-02-04,1,6.36
1022,249,406,2023-06-14,1,35.79
1023,207,399,2023-02-18,7,100.38
1024,148,106,2023-12-29,2,59.16
1025,126,402,2023-11-10,6,128.28
1026,434,256,2023-08-04,3,110.58
1027,379,479,2023-12-01,2,76.54
1028,27,280,2023-12-14,3,50.34
1029,72,9,2023-12-25,3,42.99
1030,115,486,2023-04-30,4,76.52
1031,114,217,2023-10-17,4,141.52
1032,217,143,2023-09-20,1,43.65
1033,217,275,2023-12-26,2,51.66
1034,115,159,2023-11-21,3,108.63
1035,466,45,2023-12-02,6,152.94
1036,26,342,2023-10-02,4,68.44
1037,303,360,2023-03-23,1,49.34
1038,375,86,2023-06-17,2,51.02
1039,280,395,2023-12-24,6,204.3
1040,115,135,2023-07-17,4,60.52
1041,345,185,2023-02-15,1,21.98
1042,90,396,2023-04-06,1,22.34
1043,341,2,2023-11-08,1,35.8
1044,39,197,2023-05-16,6,258.18
1045,447,412,2023-12-02,6,58.98
1046,408,214,2023-07-11,6,108.96
1047,5,62,2023-12-19,2,52.68
1048,358,24,2023-04-26,7,229.18
1049,393,168,2023-08-10,1,14.13
1050,473,402,2023-07-10,2,42.76
1051,300,396,2023-08-19,4,89.36
1052,4,78,2023-09-26,1,13.07
1053,328,487,2023-05-12,2,78.52
1054,26,54,2023-07-24,1,44.78
1055,115,498,2023-07-31,10,108.8
1056,366,212,2023-02-08,4,74.76
1057,53,259,2023-12-03,1,14.48
1058,115,223,2023-02-19,3,19.56
1059,249,475,2023-06-28,5,238.8
1060,205,140,2023-11-11,1,31.49
1061,457,80,2023-03-25,1,34.84
1062,406,184,2023-06-04,8,42.0
1063,280,47,2023-06-09,1,20.37
1064,141,111,2023-12-23,5,201.45
1065,311,203,2023-02-08,2,54.44
1066,380,488,2023-05-06,2,98.3
1067,53,237,2023-11-08,1,40.43
1068,294,67,2023-03-02,1,10.23
1069,378,299,2023-11-21,3,84.57
1070,131,463,2023-02-03,3,35.97
1071,297,63,2023-02-28,1,22.38
1072,159,421,2023-04-19,4,160.2
1073,16,182,2023-07-14,1,23.76
1074,217,18,2023-05-29,3,118.41
1075,104,452,2023-10-16,3,122.34
1076,125,103,2023-05-05,3,129.75
1077,424,407,2023-05-26,1,42.19
1078,426,401,2023-11-16,2,63.44
1079,121,93,2023-08-13,1,17.43
1080,54,30,2023-01-26,5,152.9
1081,243,499,2023-06-19,1,6.94
1082,126,392,2023-05-18,10,355.2
1083,46,182,2023-12-26,7,166.32
1084,289,413,2023-04-08,4,41.4
1085,198,486,2023-10-23,3,57.39
1086,298,278,2023-12-27,2,97.22
1087,377,11,2023-02-08,2,71.9
1088,45,175,2023-12-07,4,131.4
1089,115,12,2023-12-11,1,27.43
1090,384,441,2023-03-04,2,81.44
1091,67,301,2023-11-22,1,21.66
1092,167,406,2023-03-06,3,107.37
1093,469,356,2023-06-23,6,153.9
1094,16,194,2023-06-22,2,67.76
1095,328,486,2023-03-24,4,76.52
1096,482,17,2023-12-25,1,5.37
1097,377,328,2023-11-20,3,30.78
1098,72,122,2023-03-24,2,61.5
1099,53,421,2023-10-31,4,160.2
1100,58,136,2023-12-15,1,9.89
1101,457,369,2023-06-26,1,22.65
1102,109,253,2023-11-06,6,69.96
1103,266,404,2023-07-27,5,78.25
1104,202,38,2023-11-06,4,65.88
1105,347,38,2023-01-09,2,32.94
1106,431,483,2023-04-03,6,84.18
1107,274,361,2023-10-20,1,39.75
1108,161,81,2023-04-29,1,44.19
1109,449,370,2023-12-14,6,263.46
1110,155,50,2023-11-10,1,37.0
1111,126,185,2023-12-05,1,21.98
1112,268,103,2023-12-21,1,43.25
1113,254,433,2023-10-03,1,22.09
1114,187,47,2023-08-29,3,61.11
1115,356,96,2023-07-13,2,25.1
1116,121,289,2023-08-08,1,20.12
1117,333,414,2023-11-03,2,45.1
1118,115,431,2023-10-18,2,38.96
1119,257,294,2023-12-22,6,255.18
1120,380,258,2023-02-28,3,29.85
1121,217,62,2023-09-20,7,184.38
1122,110,414,2023-12-06,1,22.55
1123,164,104,2023-02-22,10,105.6
1124,71,467,2023-12-09,4,55.28
1125,70,283,2023-02-18,2,34.0
1126,58,403,2023-08-28,4,60.04
1127,111,77,2023-11-04,1,44.28
1128,347,289,2023-11-04,4,80.48
1129,333,450,2023-12-29,2,91.5
1130,253,20,2023-08-20,1,48.13
1131,81,20,2023-10-22,2,96.26
1132,258,472,2023-11-02,1,28.09
1133,148,160,2023-06-26,1,34.48
1134,123,69,2023-11-04,2,17.58
1135,121,374,2023-11-11,2,48.52
1136,94,380,2023-04-07,2,26.34
1137,357,406,2023-07-02,1,35.79
1138,376,451,2023-08-05,3,16.89
1139,126,128,2023-12-07,1,24.04
1140,410,189,2023-07-07,5,68.25
1141,380,124,2023-10-04,2,54.2
1142,256,301,2023-04-28,3,64.98
1143,53,146,2023-12-09,1,14.5
1144,386,439,2023-12-25,1,16.0
1145,99,263,2023-04-21,1,9.79
1146,255,467,2023-11-01,1,13.82
1147,432,312,2023-11-08,5,182.35
1148,185,217,2023-12-21,6,212.28
1149,238,155,2023-08-07,3,149.88
1150,328,262,2023-07-04,10,210.2
1151,54,153,2023-12-18,3,24.15
1152,206,442,2023-06-09,1,48.48
1153,325,97,2023-12-21,1,45.74
1154,86,339,2023-12-26,2,87.02
1155,189,133,2023-01-16,6,125.76
1156,491,418,2023-11-19,1,31.88
1157,259,465,2023-05-18,7,174.51
1158,460,93,2023-06-06,1,17.43
1159,461,391,2023-11-24,6,200.52
1160,53,114,2023-12-21,2,14.56
1161,297,191,2023-06-26,1,42.19
1162,126,444,2023-12-16,3,38.19
1163,112,257,2023-10-16,1,21.14
1164,126,446,2023-09-14,5,172.45
1165,486,458,2023-04-14,6,223.68
1166,48,399,2023-06-23,1,14.34
1167,126,3,2023-12-11,2,31.5
1168,17,251,2023-11-19,4,35.48
1169,150,207,2023-03-14,2,13.34
1170,272,375,2023-01-18,2,68.3
1171,396,98,2023-06-27,1,46.71
1172,333,160,2023-11-08,1,34.48
1173,115,422,2023-10-06,1,45.91
1174,376,173,2023-08-17,2,12.14
1175,291,184,2023-03-29,4,21.0
1176,85,10,2023-12-26,1,24.63
1177,13,302,2023-03-24,2,57.34
1178,380,193,2023-11-26,5,147.7
1179,141,339,2023-09-02,1,43.51
1180,118,228,2023-01-04,2,61.5
1181,15,356,2023-08-05,3,76.95
1182,367,139,2023-07-04,3,106.2
1183,347,262,2023-07-29,4,84.08
1184,312,102,2023-03-04,3,120.66
1185,107,361,2023-12-07,2,79.5
1186,302,353,2023-09-30,7,328.79
1187,53,465,2023-01-22,1,24.93
1188,53,400,2023-08-31,2,69.14
1189,243,234,2023-03-09,9,64.35
1190,16,448,2023-08-04,1,6.26
1191,142,379,2023-11-11,1,5.7
1192,303,340,2023-12-01,3,149.94
1193,88,450,2023-12-31,4,183.0
1194,79,205,2023-06-04,8,46.64
1195,264,410,2023-07-28,2,88.66
1196,115,483,2023-04-05,5,70.15
1197,485,348,2023-12-16,2,25.24
1198,13,442,2023-11-20,3,145.44
1199,275,472,2023-12-05,2,56.18
1200,230,336,2023-08-03,2,48.16
1201,477,115,2023-11-25,8,224.96
1202,53,222,2023-06-17,3,88.77
1203,36,77,2023-06-22,5,221.4
1204,58,330,2023-12-02,7,224.14
1205,17,39,2023-08-16,4,43.96
1206,126,260,2023-06-09,1,49.59
1207,378,236,2023-07-08,2,21.56
1208,191,162,2023-02-16,1,48.84
1209,85,212,2023-10-04,1,18.69
1210,433,456,2023-12-26,2,40.22
1211,39,423,2023-11-11,1,25.63
1212,253,367,2023-08-18,3,87.96
1213,294,2,2023-03-25,2,71.6
1214,435,268,2023-12-10,2,16.2
1215,303,421,2023-12-16,4,160.2
1216,131,97,2023-03-20,1,45.74
1217,112,367,2023-04-27,2,58.64
1218,280,396,2023-01-21,6,134.04
1219,45,494,2023-10-17,2,13.32
1220,158,430,2023-01-30,3,35.7
1221,48,355,2023-11-30,3,24.3
1222,493,259,2023-03-13,6,86.88
1223,408,141,2023-10-23,2,98.84
1224,45,71,2023-06-26,2,77.0
1225,435,441,2023-11-10,2,81.44
1226,272,108,2023-09-07,3,76.14
1227,45,364,2023-06-22,3,131.46
1228,493,364,2023-08-23,1,43.82
1229,119,346,2023-08-19,4,39.88
1230,134,414,2023-05-28,1,22.55
1231,126,103,2023-07-02,1,43.25
1232,408,75,2023-12-22,5,235.55
1233,419,17,2023-06-25,2,10.74
1234,469,443,2023-10-22,1,44.05
1235,56,355,2023-07-17,3,24.3
1236,249,495,2023-07-31,3,60.93
1237,180,425,2023-05-20,1,24.23
1238,430,379,2023-11-12,3,17.1
1239,195,91,2023-12-10,9,250.38
1240,353,62,2023-12-24,2,52.68
1241,17,300,2023-09-05,5,134.35
1242,217,21,2023-08-30,1,47.13
1243,148,252,2023-02-21,4,50.48
1244,289,270,2023-02-23,1,13.17
1245,17,213,2023-02-17,2,13.58
1246,386,340,2023-06-29,2,99.96
1247,395,244,2023-04-25,10,73.7
1248,457,343,2023-12-01,2,86.06
1249,466,491,2023-10-30,1,14.87
1250,457,198,2023-07-26,1,22.38
1251,9,264,2023-01-17,5,102.55
1252,112,165,2023-01-29,2,64.2
1253,412,274,2023-04-25,1,48.8
1254,386,443,2023-11-25,3,132.15
1255,164,332,2023-04-27,5,245.4
1256,221,368,2023-11-01,2,89.2
1257,432,286,2023-02-26,1,8.29
1258,43,231,2023-12-14,3,28.11
1259,280,274,2023-01-22,1,48.8
1260,141,359,2023-02-24,5,140.95
1261,148,311,2023-08-10,1,32.28
1262,380,243,2023-07-13,1,8.87
1263,428,152,2023-11-26,8,374.16
1264,6,491,2023-11-30,7,104.09
1265,141,3,2023-09-04,3,47.25
1266,433,108,2023-09-03,4,101.52
1267,349,73,2023-06-14,1,21.23
1268,457,93,2023-12-07,3,52.29
1269,438,237,2023-02-25,3,121.29
1270,347,102,2023-11-09,4,160.88
1271,317,52,2023-06-05,1,16.53
1272,200,169,2023-04-16,3,70.71
1273,480,187,2023-10-19,5,114.9
1274,4,403,2023-04-11,1,15.01
1275,379,69,2023-07-27,3,26.37
1276,107,397,2023-08-15,2,56.3
1277,378,431,2023-04-20,1,19.48
1278,187,376,2023-12-07,6,175.56
1279,336,324,2023-02-01,1,46.08
1280,110,465,2023-07-19,1,24.93
1281,251,335,2023-12-18,4,189.16
1282,196,69,2023-05-25,2,17.58
1283,58,340,2023-07-17,1,49.98
1284,17,388,2023-12-22,2,53.24
1285,303,377,2023-04-19,4,159.16
1286,285,119,2023-01-25,1,49.88
1287,362,465,2023-01-07,4,99.72
1288,141,21,2023-12-29,9,424.17
1289,410,428,2023-11-17,4,90.92
1290,21,188,2023-09-13,3,60.42
1291,12,499,2023-02-09,6,41.64
1292,474,250,2023-06-28,4,50.6
1293,303,226,2023-01-29,1,27.22
1294,217,96,2023-10-07,1,12.55
1295,123,213,2023-11-22,5,33.95
1296,266,108,2023-08-16,3,76.14
1297,141,66,2023-07-08,3,84.87
1298,492,76,2023-10-02,1,41.33
1299,473,327,2023-04-13,1,21.4
1300,378,111,2023-11-10,2,80.58
1301,377,426,2023-12-06,2,65.64
1302,48,320,2023-10-25,3,15.21
1303,208,306,2023-11-11,3,131.76
1304,58,104,2023-07-04,2,21.12
1305,217,311,2023-11-27,1,32.28
1306,397,258,2023-10-02,4,39.8
1307,415,424,2023-10-29,1,40.5
1308,371,216,2023-11-14,2,49.26
1309,273,405,2023-09-08,4,29.68
1310,500,51,2023-11-30,2,92.6
1311,378,146,2023-11-30,3,43.5
1312,328,296,2023-05-01,2,22.98
1313,289,210,2023-07-07,2,81.86
1314,230,438,2023-10-09,2,66.78
1315,70,387,2023-10-22,1,47.42
1316,356,287,2023-09-06,3,120.57
1317,74,377,2023-06-12,1,39.79
1318,190,401,2023-03-08,3,95.16
1319,444,411,2023-04-13,3,45.09
1320,47,494,2023-11-06,3,19.98
1321,164,46,2023-12-16,1,33.17
1322,35,477,2023-02-02,9,249.39
1323,126,485,2023-09-23,4,92.64
1324,324,436,2023-08-01,3,47.7
1325,344,265,2023-05-02,3,139.8
1326,155,336,2023-11-12,1,24.08
1327,77,181,2023-12-25,3,116.19
1328,72,471,2023-04-01,1,45.38
1329,462,178,2023-12-30,8,223.12
1330,211,477,2023-10-07,2,55.42
1331,347,287,2023-04-17,1,40.19
1332,352,490,2023-12-26,1,12.88
1333,179,495,2023-11-09,2,40.62
1334,220,349,2023-05-11,2,88.72
1335,375,35,2023-01-04,2,63.62
1336,123,410,2023-05-23,2,88.66
1337,187,128,2023-09-01,1,24.04
1338,72,284,2023-11-11,7,106.47
1339,495,138,2023-06-29,1,24.77
1340,314,378,2023-12-07,1,6.01
1341,123,104,2023-12-07,5,52.8
1342,347,62,2023-06-25,6,158.04
1343,328,392,2023-11-20,5,177.6
1344,249,253,2023-12-12,6,69.96
1345,293,94,2023-09-09,9,151.74
1346,45,28,2023-05-08,2,75.02
1347,323,178,2023-12-02,2,55.78
1348,363,236,2023-04-04,2,21.56
1349,347,167,2023-11-13,2,72.04
1350,155,138,2023-04-09,2,49.54
1351,137,108,2023-07-16,2,50.76
1352,60,231,2023-07-13,1,9.37
1353,347,370,2023-09-08,1,43.91
1354,131,75,2023-07-13,5,235.55
1355,48,216,2023-08-01,2,49.26
1356,402,369,2023-12-17,2,45.3
1357,482,25,2023-05-28,2,17.1
1358,90,244,2023-02-27,5,36.85
1359,379,185,2023-11-09,3,65.94
1360,104,63,2023-05-01,2,44.76
1361,500,333,2023-10-19,3,83.28
1362,206,345,2023-11-12,2,51.78
1363,28,315,2023-08-03,1,42.9
1364,444,216,2023-03-06,3,73.89
1365,378,83,2023-12-03,2,17.88
1366,88,310,2023-10-23,3,143.76
1367,39,383,2023-08-28,3,126.51
1368,13,65,2023-07-06,4,90.8
1369,378,108,2023-12-23,1,25.38
1370,437,28,2023-02-16,1,37.51
1371,347,135,2023-11-03,3,45.39
1372,26,118,2023-12-13,1,5.52
1373,385,430,2023-10-05,1,11.9
1374,206,443,2023-06-30,2,88.1
1375,437,228,2023-09-09,1,30.75
1376,215,324,2023-09-19,4,184.32
1377,402,159,2023-07-21,6,217.26
1378,177,158,2023-05-03,2,49.38
1379,373,418,2023-06-01,4,127.52
1380,328,353,2023-05-18,6,281.82
1381,152,409,2023-08-01,1,21.56
1382,112,211,2023-01-12,6,97.14
1383,50,425,2023-05-23,2,48.46
1384,360,392,2023-07-08,4,142.08
1385,207,333,2023-11-09,4,111.04
1386,72,94,2023-07-28,1,16.86
1387,410,359,2023-08-15,3,84.57
1388,404,12,2023-01-02,1,27.43
1389,170,373,2023-05-23,1,39.09
1390,333,216,2023-01-07,2,49.26
1391,380,170,2023-12-15,1,11.28
1392,59,37,2023-03-09,2,26.16
1393,29,425,2023-12-09,1,24.23
1394,180,127,2023-11-13,4,46.64
1395,53,267,2023-08-25,3,112.47
1396,393,480,2023-07-31,2,76.3
1397,439,267,2023-01-30,1,37.49
1398,126,443,2023-06-12,3,132.15
1399,206,8,2023-05-14,1,48.99
1400,466,5,2023-03-26,8,87.6
1401,217,191,2023-11-23,4,168.76
1402,444,477,2023-08-22,8,221.68
1403,217,360,2023-02-12,2,98.68
1404,460,404,2023-08-11,3,46.95
1405,112,11,2023-12-24,3,107.85
1406,141,249,2023-03-29,4,131.8
1407,112,291,2023-09-16,1,7.77
1408,450,83,2023-11-09,1,8.94
1409,420,188,2023-06-09,2,40.28
1410,48,453,2023-08-24,1,48.55
1411,71,370,2023-11-08,1,43.91
1412,376,350,2023-11-07,2,63.34
1413,100,329,2023-10-11,2,76.98
1414,45,92,2023-10-02,5,171.05
1415,380,293,2023-08-04,3,53.79
1416,90,26,2023-08-20,2,42.1
1417,295,476,2023-02-07,6,236.52
1418,379,286,2023-11-02,4,33.16
1419,126,422,2023-12-26,3,137.73
1420,433,40,2023-11-27,7,181.79
1421,243,273,2023-02-24,2,24.86
1422,48,286,2023-10-19,4,33.16
1423,107,346,2023-03-21,2,19.94
1424,48,282,2023-12-06,2,76.38
1425,180,478,2023-03-20,2,70.92
1426,2,212,2023-12-11,4,74.76
1427,434,289,2023-11-20,2,40.24
1428,90,185,2023-09-24,8,175.84
1429,380,146,2023-07-24,3,43.5
1430,328,154,2023-12-10,9,156.96
1431,185,471,2023-06-25,3,136.14
1432,53,20,2023-12-05,2,96.26
1433,408,120,2023-05-29,1,48.03
1434,350,376,2023-09-19,1,29.26
1435,53,305,2023-08-16,3,94.98
1436,378,400,2023-11-13,1,34.57
1437,161,214,2023-06-27,7,127.12
1438,58,325,2023-11-24,4,161.6
1439,71,277,2023-06-02,3,99.63
1440,126,345,2023-11-05,4,103.56
1441,499,259,2023-08-20,1,14.48
1442,45,173,2023-11-05,1,6.07
1443,230,44,2023-01-13,2,27.1
1444,45,247,2023-11-25,3,73.26
1445,468,316,2023-10-07,10,88.1
1446,151,166,2023-05-09,3,33.06
1447,136,188,2023-03-14,2,40.28
1448,433,87,2023-10-01,9,313.56
1449,303,226,2023-12-15,1,27.22
1450,217,388,2023-04-12,4,106.48
1451,217,445,2023-11-08,5,68.05
1452,457,157,2023-06-26,2,38.34
1453,110,105,2023-04-18,2,60.04
1454,303,356,2023-09-20,3,76.95
1455,385,23,2023-10-22,1,38.55
1456,121,28,2023-04-23,2,75.02
1457,121,340,2023-02-22,5,249.9
1458,453,445,2023-12-01,6,81.66
1459,347,463,2023-12-17,2,23.98
1460,272,257,2023-09-06,8,169.12
1461,4,473,2023-11-02,2,60.52
1462,58,178,2023-07-06,3,83.67
1463,185,416,2023-06-17,1,49.1
1464,380,484,2023-07-27,3,112.53
1465,61,337,2023-03-29,1,34.28
1466,228,214,2023-09-22,1,18.16
1467,44,230,2023-12-30,2,12.2
1468,324,442,2023-03-18,1,48.48
1469,45,221,2023-12-30,10,248.1
1470,476,470,2023-03-30,1,27.67
1471,280,95,2023-09-24,2,99.06
1472,71,451,2023-11-25,8,45.04
1473,410,78,2023-06-24,4,52.28
1474,88,311,2023-04-25,3,96.84
1475,13,184,2023-05-22,1,5.25
1476,244,365,2023-03-28,3,31.92
1477,303,84,2023-07-16,1,44.59
1478,121,487,2023-11-01,2,78.52
1479,15,34,2023-12-25,1,16.49
1480,291,353,2023-07-20,2,93.94
1481,141,312,2023-05-13,4,145.88
1482,491,305,2023-06-20,2,63.32
1483,368,56,2023-11-02,2,15.74
1484,364,276,2023-01-08,2,39.7
1485,126,98,2023-09-17,1,46.71
1486,207,237,2023-06-27,1,40.43
1487,360,463,2023-12-23,1,11.99
1488,319,58,2023-08-24,1,34.54
1489,45,202,2023-12-18,2,24.52
1490,324,452,2023-04-19,2,81.56
1491,17,368,2023-11-30,4,178.4
1492,39,44,2023-11-21,2,27.1
1493,17,194,2023-11-17,3,101.64
1494,478,447,2023-04-11,3,108.75
1495,126,215,2023-12-06,2,50.32
1496,48,61,2023-12-10,6,246.3
1497,432,7,2023-01-25,2,87.26
1498,300,122,2023-09-01,1,30.75
1499,378,308,2023-08-15,3,62.25
1500,458,420,2023-09-20,5,165.7
1501,462,19,2024-03-21,1,11.31
1502,325,170,2024-09-20,6,67.68
1503,17,345,2024-07-06,1,25.89
1504,470,91,2024-11-19,8,222.56
1505,53,394,2024-07-02,1,27.15
1506,145,432,2024-07-03,3,26.52
1507,185,169,2024-03-23,2,47.14
1508,126,56,2024-11-20,3,23.61
1509,276,371,2024-09-03,3,52.2
1510,144,312,2024-12-10,5,182.35
1511,311,475,2024-09-20,1,47.76
1512,312,253,2024-09-21,5,58.3
1513,112,1,2024-05-10,1,21.34
1514,302,410,2024-11-24,3,132.99
1515,465,413,2024-01-12,3,31.05
1516,90,405,2024-04-10,1,7.42
1517,328,59,2024-09-25,3,78.0
1518,13,427,2024-11-20,1,18.0
1519,266,470,2024-06-22,2,55.34
1520,224,457,2024-03-05,5,141.1
1521,109,476,2024-08-27,4,157.68
1522,289,285,2024-06-24,2,55.3
1523,311,34,2024-11-26,8,131.92
1524,403,432,2024-01-13,1,8.84
1525,26,362,2024-04-04,5,147.15
1526,309,450,2024-05-03,1,45.75
1527,382,155,2024-12-07,1,49.96
1528,53,228,2024-01-07,2,61.5
1529,112,175,2024-12-05,6,197.1
1530,44,74,2024-09-25,4,180.48
1531,45,106,2024-12-17,4,118.32
1532,457,3,2024-11-17,2,31.5
1533,378,171,2024-12-28,2,64.3
1534,393,12,2024-09-22,3,82.29
1535,272,99,2024-12-11,1,46.93
1536,280,140,2024-11-22,1,31.49
1537,464,264,2024-01-20,1,20.51
1538,303,483,2024-09-09,4,56.12
1539,393,314,2024-05-03,6,57.54
1540,248,463,2024-02-01,3,35.97
1541,57,92,2024-02-14,4,136.84
1542,188,316,2024-10-23,2,17.62
1543,401,41,2024-04-25,8,344.72
1544,53,417,2024-08-05,5,233.05
1545,236,241,2024-02-10,1,14.06
1546,375,468,2024-12-20,2,61.18
1547,206,233,2024-12-11,2,20.78
1548,225,434,2024-03-16,1,45.58
1549,339,53,2024-10-05,2,58.56
1550,72,406,2024-03-18,2,71.58
1551,466,281,2024-10-08,1,16.34
1552,153,402,2024-02-07,9,192.42
1553,317,89,2024-06-23,3,44.16
1554,283,59,2024-12-19,3,78.0
1555,184,91,2024-09-27,2,55.64
1556,22,168,2024-10-22,2,28.26
1557,303,455,2024-02-27,3,81.09
1558,217,339,2024-11-25,1,43.51
1559,191,101,2024-07-19,1,48.49
1560,433,471,2024-06-26,7,317.66
1561,53,299,2024-12-12,1,28.19
1562,453,32,2024-07-05,2,43.12
1563,464,421,2024-02-23,8,320.4
1564,317,222,2024-05-01,4,118.36
1565,92,196,2024-06-13,2,13.38
1566,112,285,2024-04-05,2,55.3
1567,56,447,2024-12-05,3,108.75
1568,303,370,2024-02-01,6,263.46
1569,378,71,2024-12-05,3,115.5
1570,140,320,2024-08-26,1,5.07
1571,35,182,2024-09-15,1,23.76
1572,155,365,2024-01-16,2,21.28
1573,380,20,2024-09-12,3,144.39
1574,378,73,2024-03-16,4,84.92
1575,60,239,2024-12-25,2,89.02
1576,252,323,2024-10-08,4,143.32
1577,415,409,2024-02-21,3,64.68
1578,58,241,2024-12-18,2,28.12
1579,130,181,2024-09-11,8,309.84
1580,433,373,2024-05-02,4,156.36
1581,16,294,2024-10-19,1,42.53
1582,13,147,2024-11-20,2,90.4
1583,60,130,2024-02-26,1,6.64
1584,457,310,2024-12-01,1,47.92
1585,356,414,2024-03-15,1,22.55
1586,388,442,2024-05-06,1,48.48
1587,217,429,2024-12-20,2,85.16
1588,174,372,2024-11-08,3,53.19
1589,126,329,2024-11-12,1,38.49
1590,75,244,2024-02-15,2,14.74
1591,317,195,2024-11-18,3,34.89
1592,162,7,2024-05-17,1,43.63
1593,394,350,2024-07-11,7,221.69
1594,156,313,2024-09-12,6,282.96
1595,347,131,2024-06-09,3,81.84
1596,434,376,2024-11-24,3,87.78
1597,48,161,2024-09-22,2,43.2
1598,103,51,2024-12-01,2,92.6
1599,207,129,2024-06-24,1,40.74
1600,350,487,2024-02-20,3,117.78
1601,45,193,2024-12-03,3,88.62
1602,457,357,2024-09-06,1,11.85
1603,208,473,2024-11-03,10,302.6
1604,493,132,2024-11-22,1,20.46
1605,46,171,2024-11-13,10,321.5
1606,175,36,2024-11-06,2,69.02
1607,296,56,2024-10-06,1,7.87
1608,347,468,2024-04-21,2,61.18
1609,490,373,2024-01-03,1,39.09
1610,328,478,2024-12-05,1,35.46
1611,55,295,2024-03-11,1,28.66
1612,166,207,2024-11-16,5,33.35
1613,228,2,2024-11-18,2,71.6
1614,481,275,2024-11-04,7,180.81
1615,126,324,2024-11-13,10,460.8
1616,338,42,2024-07-28,5,241.75
1617,48,284,2024-05-07,1,15.21
1618,50,459,2024-04-23,1,35.77
1619,169,377,2024-08-29,1,39.79
1620,155,251,2024-01-19,2,17.74
1621,402,495,2024-10-16,5,101.55
1622,338,29,2024-12-02,2,62.24
1623,373,235,2024-07-07,7,109.62
1624,243,474,2024-09-24,1,46.84
1625,250,465,2024-08-01,6,149.58
1626,58,89,2024-11-05,3,44.16
1627,214,313,2024-12-04,1,47.16
1628,457,255,2024-11-04,3,73.53
1629,142,173,2024-02-07,5,30.35
1630,280,500,2024-11-11,3,47.82
1631,386,392,2024-06-26,1,35.52
1632,303,388,2024-02-09,2,53.24
1633,466,474,2024-09-15,3,140.52
1634,12,399,2024-11-21,1,14.34
1635,48,475,2024-02-01,1,47.76
1636,259,355,2024-12-14,1,8.1
1637,104,123,2024-05-15,7,263.2
1638,316,314,2024-01-06,7,67.13
1639,124,3,2024-11-12,3,47.25
1640,379,442,2024-12-04,4,193.92
1641,302,142,2024-04-25,1,48.96
1642,256,255,2024-03-28,1,24.51
1643,39,146,2024-01-21,1,14.5
1644,208,23,2024-10-29,1,38.55
1645,13,249,2024-09-06,2,65.9
1646,206,215,2024-05-15,1,25.16
1647,457,167,2024-06-25,1,36.02
1648,11,457,2024-07-07,1,28.22
1649,165,75,2024-08-29,1,47.11
1650,45,235,2024-04-12,4,62.64
1651,163,66,2024-12-07,1,28.29
1652,236,235,2024-05-04,2,31.32
1653,17,405,2024-04-10,4,29.68
1654,447,438,2024-12-19,1,33.39
1655,350,303,2024-09-28,2,13.14
1656,4,127,2024-01-14,2,23.32
1657,217,468,2024-12-19,3,91.77
1658,247,376,2024-12-02,4,117.04
1659,347,232,2024-09-16,2,19.24
1660,93,487,2024-11-23,1,39.26
1661,58,246,2024-05-03,3,22.29
1662,13,500,2024-08-19,2,31.88
1663,48,405,2024-12-13,5,37.1
1664,72,198,2024-11-01,6,134.28
1665,121,358,2024-01-14,7,50.26
1666,378,318,2024-11-26,6,240.66
1667,39,455,2024-02-22,1,27.03
1668,27,188,2024-08-02,1,20.14
1669,15,71,2024-02-23,9,346.5
1670,302,386,2024-03-16,4,25.44
1671,327,349,2024-06-09,2,88.72
1672,282,257,2024-07-15,2,42.28
1673,400,461,2024-11-22,1,9.6
1674,115,97,2024-11-23,6,274.44
1675,48,148,2024-02-29,7,85.75
1676,217,255,2024-04-04,1,24.51
1677,453,214,2024-12-01,8,145.28
1678,128,228,2024-03-12,4,123.0
1679,243,428,2024-04-01,7,159.11
1680,206,249,2024-07-11,3,98.85
1681,218,156,2024-12-15,3,95.04
1682,230,117,2024-06-26,2,29.74
1683,217,181,2024-11-02,1,38.73
1684,405,147,2024-10-06,1,45.2
1685,217,83,2024-11-29,1,8.94
1686,175,134,2024-06-05,2,71.44
1687,289,177,2024-11-22,1,36.2
1688,148,63,2024-12-18,6,134.28
1689,219,476,2024-08-05,2,78.84
1690,297,332,2024-11-17,4,196.32
1691,495,342,2024-05-31,1,17.11
1692,444,353,2024-12-15,1,46.97
1693,442,60,2024-01-22,2,70.28
1694,107,48,2024-12-15,2,49.4
1695,294,401,2024-04-17,7,222.04
1696,186,347,2024-01-18,3,18.3
1697,292,163,2024-09-07,3,57.33
1698,379,204,2024-02-22,1,26.52
1699,58,146,2024-07-12,2,29.0
1700,378,111,2024-08-18,4,161.16
1701,179,148,2024-12-26,1,12.25
1702,111,72,2024-12-24,5,232.7
1703,257,445,2024-03-10,2,27.22
1704,11,46,2024-12-19,1,33.17
1705,454,237,2024-05-06,4,161.72
1706,29,149,2024-03-06,3,51.27
1707,433,253,2024-12-27,3,34.98
1708,217,135,2024-01-01,2,30.26
1709,56,214,2024-10-04,1,18.16
1710,280,392,2024-10-01,1,35.52
1711,379,298,2024-02-24,2,93.32
1712,259,499,2024-05-22,3,20.82
1713,58,433,2024-09-19,1,22.09
1714,45,183,2024-03-15,1,15.4
1715,311,25,2024-07-30,1,8.55
1716,112,393,2024-12-17,3,132.0
1717,424,166,2024-10-06,5,55.1
1718,121,351,2024-11-10,3,104.94
1719,303,7,2024-09-12,1,43.63
1720,338,472,2024-11-14,6,168.54
1721,112,408,2024-03-08,6,60.42
1722,398,365,2024-12-17,3,31.92
1723,72,60,2024-03-15,5,175.7
1724,39,72,2024-08-10,5,232.7
1725,333,89,2024-10-25,4,58.88
1726,45,439,2024-11-08,3,48.0
1727,45,41,2024-06-07,2,86.18
1728,277,388,2024-03-01,2,53.24
1729,352,304,2024-01-22,1,13.48
1730,148,342,2024-05-03,1,17.11
1731,15,301,2024-03-20,6,129.96
1732,303,434,2024-06-03,4,182.32
1733,17,438,2024-09-12,2,66.78
1734,115,51,2024-05-19,5,231.5
1735,112,494,2024-09-23,1,6.66
1736,347,474,2024-09-24,1,46.84
1737,48,226,2024-11-12,3,81.66
1738,137,110,2024-12-13,2,60.3
1739,280,239,2024-11-11,1,44.51
1740,56,286,2024-11-23,4,33.16
1741,207,234,2024-08-13,3,21.45
1742,228,284,2024-12-15,2,30.42
1743,72,459,2024-07-28,5,178.85
1744,58,346,2024-11-06,2,19.94
1745,378,62,2024-07-22,1,26.34
1746,16,34,2024-10-04,2,32.98
1747,86,63,2024-04-28,1,22.38
1748,410,388,2024-08-25,4,106.48
1749,87,249,2024-07-16,2,65.9
1750,408,251,2024-08-04,2,17.74
1751,126,426,2024-03-04,1,32.82
1752,206,79,2024-12-13,2,64.96
1753,366,393,2024-11-22,2,88.0
1754,292,259,2024-06-16,1,14.48
1755,58,488,2024-12-18,4,196.6
1756,33,231,2024-12-04,2,18.74
1757,48,286,2024-08-02,3,24.87
1758,295,221,2024-12-06,1,24.81
1759,485,346,2024-08-04,2,19.94
1760,259,288,2024-09-16,5,139.55
1761,19,316,2024-07-16,3,26.43
1762,13,303,2024-05-02,1,6.57
1763,13,392,2024-06-24,6,213.12
1764,107,211,2024-02-12,2,32.38
1765,393,304,2024-05-21,1,13.48
1766,444,87,2024-12-04,1,34.84
1767,134,291,2024-08-28,2,15.54
1768,13,163,2024-01-16,2,38.22
1769,287,52,2024-09-26,3,49.59
1770,338,86,2024-08-26,3,76.53
1771,72,431,2024-07-16,5,97.4
1772,495,206,2024-05-10,5,190.05
1773,53,304,2024-12-23,2,26.96
1774,144,108,2024-11-16,2,50.76
1775,325,222,2024-12-17,3,88.77
1776,357,233,2024-07-09,3,31.17
1777,359,442,2024-12-21,1,48.48
1778,240,138,2024-11-27,7,173.39
1779,160,479,2024-10-25,3,114.81
1780,229,76,2024-09-12,1,41.33
1781,164,211,2024-11-28,2,32.38
1782,105,137,2024-02-07,5,131.65
1783,317,208,2024-05-20,1,25.0
1784,393,238,2024-01-26,2,97.94
1785,380,104,2024-07-29,1,10.56
1786,60,338,2024-05-26,3,30.51
1787,282,401,2024-01-24,1,31.72
1788,325,444,2024-02-20,1,12.73
1789,53,204,2024-12-22,7,185.64
1790,489,377,2024-03-04,2,79.58
1791,382,129,2024-11-19,2,81.48
1792,249,169,2024-10-25,5,117.85
1793,317,479,2024-11-24,2,76.54
1794,173,210,2024-04-09,1,40.93
1795,457,163,2024-08-12,2,38.22
1796,303,186,2024-05-09,2,82.66
1797,380,431,2024-06-21,4,77.92
1798,434,130,2024-02-26,3,19.92
1799,280,274,2024-12-12,5,244.0
1800,61,475,2024-07-30,8,382.08
1801,317,153,2024-02-27,1,8.05
1802,289,451,2024-12-21,5,28.15
1803,378,422,2024-11-09,4,183.64
1804,297,368,2024-11-30,2,89.2
1805,230,260,2024-03-06,1,49.59
1806,206,233,2024-11-18,3,31.17
1807,181,406,2024-10-06,3,107.37
1808,249,295,2024-04-10,1,28.66
1809,45,434,2024-09-25,3,136.74
1810,264,448,2024-12-15,4,25.04
1811,44,410,2024-11-27,1,44.33
1812,18,484,2024-07-13,5,187.55
1813,460,332,2024-01-01,3,147.24
1814,272,135,2024-02-15,4,60.52
1815,230,77,2024-07-14,1,44.28
1816,58,368,2024-12-04,2,89.2
1817,304,61,2024-12-27,1,41.05
1818,88,148,2024-12-27,4,49.0
1819,386,422,2024-07-07,1,45.91
1820,303,15,2024-07-14,1,23.83
1821,408,190,2024-10-30,3,115.08
1822,45,447,2024-02-16,2,72.5
1823,33,363,2024-11-23,2,14.96
1824,115,27,2024-02-18,2,84.28
1825,141,3,2024-12-20,1,15.75
1826,356,68,2024-06-13,8,236.4
1827,16,258,2024-10-09,2,19.9
1828,289,364,2024-08-03,2,87.64
1829,45,256,2024-03-02,5,184.3
1830,151,145,2024-11-30,6,135.18
1831,187,265,2024-12-30,2,93.2
1832,217,285,2024-06-16,5,138.25
1833,112,77,2024-11-02,1,44.28
1834,239,224,2024-08-06,1,42.15
1835,107,364,2024-08-15,3,131.46
1836,217,64,2024-03-24,2,48.2
1837,16,384,2024-05-27,2,67.84
1838,110,299,2024-12-19,10,281.9
1839,117,472,2024-11-06,1,28.09
1840,44,14,2024-11-29,1,6.04
1841,347,429,2024-03-12,2,85.16
1842,267,233,2024-08-23,3,31.17
1843,141,336,2024-10-11,3,72.24
1844,485,67,2024-12-24,1,10.23
1845,126,381,2024-10-11,1,10.6
1846,90,92,2024-07-13,1,34.21
1847,302,84,2024-07-01,2,89.18
1848,217,62,2024-10-31,1,26.34
1849,393,463,2024-11-30,3,35.97
1850,27,263,2024-11-27,1,9.79
1851,472,308,2024-07-09,2,41.5
1852,112,223,2024-11-20,3,19.56
1853,294,332,2024-09-15,3,147.24
1854,381,43,2024-08-21,1,47.39
1855,325,77,2024-12-16,9,398.52
1856,373,219,2024-06-08,1,20.9
1857,352,56,2024-02-02,2,15.74
1858,484,417,2024-08-24,1,46.61
1859,58,59,2024-02-17,4,104.0
1860,61,24,2024-11-27,1,32.74
1861,211,388,2024-06-19,3,79.86
1862,112,109,2024-05-31,1,8.54
1863,347,223,2024-10-28,2,13.04
1864,262,236,2024-03-06,3,32.34
1865,283,156,2024-12-20,3,95.04
1866,65,412,2024-07-22,2,19.66
1867,58,357,2024-01-04,8,94.8
1868,303,333,2024-04-21,1,27.76
1869,112,45,2024-12-18,2,50.98
1870,457,86,2024-08-01,6,153.06
1871,250,11,2024-08-16,5,179.75
1872,57,27,2024-04-19,2,84.28
1873,116,435,2024-12-14,2,55.52
1874,380,250,2024-11-10,2,25.3
1875,286,119,2024-11-30,4,199.52
1876,448,33,2024-07-11,1,35.06
1877,305,319,2024-12-04,7,298.27
1878,17,148,2024-11-01,4,49.0
1879,377,301,2024-07-17,6,129.96
1880,242,68,2024-10-27,6,177.3
1881,379,408,2024-07-14,2,20.14
1882,54,354,2024-04-07,4,84.36
1883,17,311,2024-03-07,2,64.56
1884,148,121,2024-12-16,1,42.47
1885,230,183,2024-01-29,3,46.2
1886,380,414,2024-12-17,1,22.55
1887,469,115,2024-10-04,2,56.24
1888,141,395,2024-11-25,5,170.25
1889,357,310,2024-03-23,3,143.76
1890,216,493,2024-12-15,5,140.4
1891,347,422,2024-03-20,3,137.73
1892,15,467,2024-04-04,2,27.64
1893,334,256,2024-11-25,4,147.44
1894,303,63,2024-10-11,5,111.9
1895,328,126,2024-07-25,5,126.65
1896,378,137,2024-05-06,2,52.66
1897,4,78,2024-07-22,4,52.28
1898,149,212,2024-11-05,6,112.14
1899,379,484,2024-12-17,1,37.51
1900,361,484,2024-01-26,1,37.51
1901,17,223,2024-07-25,1,6.52
1902,217,463,2024-11-21,3,35.97
1903,366,499,2024-12-26,1,6.94
1904,433,370,2024-11-18,4,175.64
1905,388,313,2024-01-09,6,282.96
1906,425,320,2024-08-07,4,20.28
1907,87,398,2024-11-29,1,33.41
1908,50,372,2024-01-11,4,70.92
1909,207,110,2024-09-18,1,30.15
1910,17,12,2024-09-25,1,27.43
1911,433,372,2024-10-08,2,35.46
1912,5,133,2024-11-27,3,62.88
1913,280,230,2024-01-21,1,6.1
1914,478,366,2024-08-08,6,78.6
1915,317,180,2024-09-20,1,25.09
1916,303,366,2024-11-19,2,26.2
1917,112,422,2024-03-17,4,183.64
1918,104,42,2024-03-14,1,48.35
1919,188,40,2024-03-07,2,51.94
1920,65,447,2024-10-17,1,36.25
1921,290,375,2024-07-15,8,273.2
1922,278,365,2024-03-05,2,21.28
1923,280,356,2024-09-17,1,25.65
1924,356,472,2024-11-18,7,196.63
1925,356,293,2024-07-04,1,17.93
1926,8,156,2024-03-10,1,31.68
1927,132,25,2024-03-26,7,59.85
1928,288,2,2024-05-06,1,35.8
1929,270,294,2024-12-14,2,85.06
1930,258,428,2024-06-13,4,90.92
1931,224,390,2024-11-17,2,79.92
1932,53,410,2024-12-11,3,132.99
1933,66,174,2024-07-29,2,75.66
1934,60,331,2024-12-24,1,15.36
1935,26,288,2024-01-21,3,83.73
1936,420,296,2024-02-20,4,45.96
1937,259,258,2024-09-25,6,59.7
1938,58,141,2024-12-06,4,197.68
1939,182,44,2024-11-29,5,67.75
1940,295,442,2024-07-02,7,339.36
1941,389,163,2024-04-01,2,38.22
1942,16,147,2024-12-18,1,45.2
1943,95,348,2024-02-10,1,12.62
1944,126,153,2024-06-01,2,16.1
1945,375,193,2024-07-11,7,206.78
1946,155,253,2024-02-08,2,23.32
1947,115,163,2024-12-09,2,38.22
1948,317,468,2024-08-14,6,183.54
1949,347,127,2024-12-22,4,46.64
1950,94,229,2024-03-19,1,20.46
1951,6,277,2024-04-05,9,298.89
1952,451,232,2024-09-14,1,9.62
1953,196,335,2024-12-20,8,378.32
1954,410,307,2024-12-16,1,14.43
1955,110,300,2024-12-27,5,134.35
1956,472,36,2024-04-18,2,69.02
1957,455,144,2024-03-05,5,96.35
1958,289,453,2024-08-26,3,145.65
1959,205,140,2024-05-25,1,31.49
1960,44,9,2024-06-15,6,85.98
1961,260,3,2024-12-20,6,94.5
1962,288,391,2024-07-29,2,66.84
1963,72,276,2024-12-21,1,19.85
1964,280,181,2024-11-22,8,309.84
1965,48,430,2024-10-13,4,47.6
1966,356,480,2024-01-15,1,38.15
1967,54,349,2024-11-25,6,266.16
1968,148,414,2024-02-20,4,90.2
1969,380,144,2024-08-12,2,38.54
1970,131,421,2024-10-01,3,120.15
1971,301,88,2024-05-17,3,120.66
1972,477,90,2024-09-22,1,16.56
1973,487,439,2024-02-09,1,16.0
1974,13,497,2024-11-07,3,72.3
1975,209,2,2024-05-18,7,250.6
1976,493,222,2024-12-02,5,147.95
1977,238,254,2024-03-17,2,85.14
1978,141,143,2024-12-08,6,261.9
1979,112,172,2024-06-13,1,36.82
1980,228,354,2024-01-24,2,42.18
1981,44,160,2024-05-06,1,34.48
1982,13,304,2024-01-14,4,53.92
1983,457,243,2024-12-08,1,8.87
1984,366,407,2024-02-11,1,42.19
1985,53,321,2024-10-15,2,48.64
1986,380,194,2024-12-30,2,67.76
1987,115,471,2024-02-05,5,226.9
1988,115,53,2024-10-14,3,87.84
1989,81,50,2024-06-13,3,111.0
1990,58,233,2024-12-26,2,20.78
1991,347,174,2024-12-20,3,113.49
1992,44,301,2024-01-17,1,21.66
1993,112,464,2024-10-03,3,115.62
1994,270,372,2024-05-14,3,53.19
1995,115,66,2024-03-02,2,56.58
1996,107,160,2024-12-25,3,103.44
1997,26,309,2024-03-16,2,23.48
1998,303,30,2024-01-19,1,30.58
1999,133,177,2024-09-02,1,36.2
2000,72,175,2024-12-26,1,32.85
2001,297,437,2024-11-15,3,132.87
2002,44,84,2024-10-14,1,44.59
2003,377,472,2024-12-16,1,28.09
2004,386,123,2024-05-20,2,75.2
2005,11,106,2024-11-26,2,59.16
2006,72,184,2024-01-01,1,5.25
2007,379,23,2024-06-07,8,308.4
2008,230,369,2024-05-08,1,22.65
2009,13,91,2024-05-07,5,139.1
2010,303,195,2024-01-22,3,34.89
2011,433,234,2024-06-07,1,7.15
2012,160,450,2024-11-17,4,183.0
2013,112,99,2024-12-05,2,93.86
2014,466,472,2024-06-14,1,28.09
2015,453,405,2024-04-18,1,7.42
2016,280,436,2024-10-09,2,31.8
2017,378,402,2024-08-24,2,42.76
2018,43,385,2024-02-17,6,163.5
2019,233,92,2024-07-17,2,68.42
2020,305,243,2024-11-23,1,8.87
2021,380,107,2024-12-19,1,19.85
2022,350,157,2024-12-13,2,38.34
2023,8,131,2024-03-27,3,81.84
2024,364,181,2024-02-15,1,38.73
2025,142,231,2024-09-11,2,18.74
2026,410,196,2024-11-11,1,6.69
2027,107,462,2024-05-03,1,49.23
2028,378,403,2024-09-21,1,15.01
2029,380,280,2024-03-12,1,16.78
2030,185,98,2024-06-10,4,186.84
2031,423,468,2024-12-25,1,30.59
2032,86,485,2024-05-12,2,46.32
2033,349,390,2024-10-16,7,279.72
2034,302,243,2024-05-24,1,8.87
2035,225,175,2024-09-15,4,131.4
2036,120,108,2024-04-25,2,50.76
2037,45,157,2024-01-05,7,134.19
2038,311,174,2024-11-27,1,37.83
2039,412,154,2024-11-25,2,34.88
2040,303,79,2024-11-30,8,259.84
2041,496,444,2024-09-26,2,25.46
2042,403,198,2024-12-03,1,22.38
2043,433,48,2024-09-15,1,24.7
2044,287,14,2024-04-27,1,6.04
2045,15,120,2024-12-10,1,48.03
2046,363,6,2024-08-12,1,6.56
2047,457,67,2024-07-06,2,20.46
2048,15,67,2024-02-29,5,51.15
2049,257,82,2024-11-22,3,137.1
2050,220,142,2024-10-17,1,48.96
2051,76,310,2024-08-27,5,239.6
2052,293,236,2024-12-29,2,21.56
2053,214,178,2024-02-21,4,111.56
2054,16,213,2024-06-20,1,6.79
2055,35,467,2024-11-15,3,41.46
2056,141,123,2024-02-23,6,225.6
2057,196,342,2024-12-18,6,102.66
2058,300,211,2024-11-07,10,161.9
2059,347,259,2024-12-03,4,57.92
2060,302,260,2024-08-09,1,49.59
2061,226,196,2024-10-22,2,13.38
2062,58,129,2024-04-02,1,40.74
2063,233,249,2024-06-24,2,65.9
2064,169,72,2024-10-23,2,93.08
2065,58,311,2024-04-27,1,32.28
2066,16,40,2024-09-13,3,77.91
2067,107,92,2024-05-15,1,34.21
2068,178,357,2024-11-07,1,11.85
2069,347,200,2024-09-22,3,29.88
2070,18,393,2024-10-02,1,44.0
2071,53,9,2024-12-07,2,28.66
2072,115,113,2024-06-07,7,44.66
2073,16,371,2024-12-22,1,17.4
2074,493,288,2024-03-11,3,83.73
2075,146,62,2024-12-13,1,26.34
2076,82,335,2024-06-01,2,94.58
2077,60,333,2024-08-03,3,83.28
2078,148,393,2024-12-14,3,132.0
2079,485,88,2024-03-18,1,40.22
2080,46,348,2024-06-21,6,75.72
2081,289,436,2024-03-06,3,47.7
2082,195,196,2024-01-30,2,13.38
2083,58,120,2024-08-23,1,48.03
2084,147,388,2024-03-08,1,26.62
2085,189,104,2024-03-16,1,10.56
2086,181,379,2024-01-30,5,28.5
2087,141,267,2024-06-26,4,149.96
2088,13,118,2024-11-25,5,27.6
2089,126,465,2024-05-18,6,149.58
2090,294,312,2024-11-23,5,182.35
2091,328,34,2024-04-21,5,82.45
2092,303,481,2024-04-21,1,10.55
2093,15,121,2024-10-27,2,84.94
2094,131,126,2024-08-06,2,50.66
2095,194,496,2024-06-19,3,131.25
2096,379,204,2024-11-03,2,53.04
2097,159,390,2024-07-20,1,39.96
2098,29,219,2024-08-25,5,104.5
2099,411,79,2024-12-20,3,97.44
2100,208,146,2024-07-10,2,29.0
2101,245,101,2024-02-05,1,48.49
2102,8,252,2024-01-17,2,25.24
2103,6,197,2024-07-24,2,86.06
2104,380,472,2024-10-14,1,28.09
2105,166,491,2024-04-25,1,14.87
2106,287,326,2024-11-17,3,45.45
2107,137,377,2024-10-30,1,39.79
2108,13,358,2024-12-12,3,21.54
2109,217,131,2024-10-31,1,27.28
2110,58,60,2024-11-06,4,140.56
2111,378,266,2024-12-13,6,199.74
2112,432,355,2024-04-14,2,16.2
2113,26,376,2024-10-13,2,58.52
2114,457,326,2024-11-03,3,45.45
2115,302,477,2024-11-09,4,110.84
2116,296,1,2024-01-06,1,21.34
2117,56,376,2024-07-14,2,58.52
2118,131,250,2024-04-05,1,12.65
2119,110,96,2024-08-27,1,12.55
2120,375,462,2024-11-07,5,246.15
2121,16,41,2024-12-04,1,43.09
2122,380,300,2024-05-11,1,26.87
2123,115,137,2024-11-01,4,105.32
2124,53,109,2024-10-02,2,17.08
2125,88,478,2024-10-31,2,70.92
2126,356,350,2024-10-11,6,190.02
2127,75,194,2024-11-12,3,101.64
2128,347,2,2024-12-26,2,71.6
2129,303,14,2024-11-29,3,18.12
2130,408,189,2024-05-23,2,27.3
2131,108,339,2024-12-17,1,43.51
2132,493,9,2024-12-27,3,42.99
2133,206,348,2024-12-24,2,25.24
2134,378,179,2024-07-20,2,96.42
2135,347,376,2024-12-22,2,58.52
2136,367,449,2024-11-28,3,120.51
2137,312,408,2024-08-05,1,10.07
2138,239,87,2024-12-28,6,209.04
2139,434,125,2024-08-18,1,32.41
2140,347,223,2024-10-03,10,65.2
2141,33,393,2024-12-11,1,44.0
2142,280,341,2024-11-29,1,19.59
2143,297,447,2024-11-03,1,36.25
2144,333,194,2024-12-03,6,203.28
2145,469,495,2024-11-21,5,101.55
2146,196,45,2024-05-04,1,25.49
2147,457,294,2024-10-07,2,85.06
2148,328,160,2024-12-19,1,34.48
2149,71,395,2024-12-14,2,68.1
2150,294,55,2024-11-17,2,54.64
2151,189,429,2024-08-05,1,42.58
2152,303,383,2024-03-10,3,126.51
2153,71,159,2024-11-20,2,72.42
2154,496,245,2024-05-28,3,48.18
2155,115,415,2024-06-13,2,59.02
2156,228,359,2024-04-24,4,112.76
2157,285,373,2024-11-28,2,78.18
2158,17,12,2024-10-28,2,54.86
2159,55,201,2024-11-12,1,37.25
2160,112,359,2024-05-30,5,140.95
2161,126,436,2024-03-25,7,111.3
2162,303,227,2024-10-19,3,114.51
2163,131,377,2024-03-07,3,119.37
2164,217,193,2024-12-04,7,206.78
2165,126,50,2024-12-30,2,74.0
2166,357,333,2024-12-04,2,55.52
2167,86,126,2024-03-24,1,25.33
2168,16,335,2024-08-23,4,189.16
2169,53,399,2024-12-22,2,28.68
2170,184,189,2024-07-21,1,13.65
2171,342,116,2024-03-21,1,41.82
2172,53,407,2024-09-09,3,126.57
2173,160,153,2024-12-23,3,24.15
2174,411,95,2024-02-28,2,99.06
2175,407,402,2024-07-27,5,106.9
2176,414,366,2024-09-19,5,65.5
2177,280,93,2024-11-07,5,87.15
2178,249,63,2024-01-15,1,22.38
2179,470,132,2024-10-03,5,102.3
2180,325,187,2024-12-17,8,183.84
2181,328,128,2024-12-22,2,48.08
2182,453,338,2024-09-26,2,20.34
2183,372,467,2024-08-11,9,124.38
2184,347,340,2024-09-07,5,249.9
2185,386,491,2024-04-10,1,14.87
2186,45,374,2024-10-09,3,72.78
2187,17,205,2024-05-13,2,11.66
2188,303,275,2024-11-23,1,25.83
2189,112,366,2024-05-21,2,26.2
2190,17,215,2024-12-20,5,125.8
2191,13,494,2024-11-13,3,19.98
2192,437,209,2024-03-04,1,48.67
2193,410,75,2024-07-11,5,235.55
2194,294,194,2024-01-13,7,237.16
2195,433,302,2024-03-17,5,143.35
2196,491,444,2024-09-23,1,12.73
2197,16,163,2024-02-02,7,133.77
2198,397,283,2024-06-24,3,51.0
2199,375,5,2024-08-05,3,32.85
2200,21,291,2024-10-05,4,31.08
2201,408,348,2024-11-12,3,37.86
2202,242,258,2024-04-12,1,9.95
2203,123,157,2024-09-23,3,57.51
2204,249,433,2024-06-25,1,22.09
2205,17,295,2024-11-03,1,28.66
2206,58,493,2024-09-16,7,196.56
2207,267,255,2024-12-05,2,49.02
2208,280,208,2024-12-23,1,25.0
2209,139,360,2024-12-01,2,98.68
2210,389,351,2024-12-22,3,104.94
2211,374,463,2024-12-22,1,11.99
2212,198,488,2024-12-17,1,49.15
2213,444,468,2024-04-04,3,91.77
2214,280,149,2024-12-28,1,17.09
2215,484,202,2024-04-24,1,12.26
2216,357,423,2024-12-21,6,153.78
2217,286,30,2024-12-28,2,61.16
2218,347,3,2024-06-12,2,31.5
2219,347,221,2024-07-01,2,49.62
2220,102,64,2024-09-05,6,144.6
2221,228,241,2024-11-09,2,28.12
2222,407,416,2024-07-06,1,49.1
2223,17,72,2024-10-15,2,93.08
2224,272,57,2024-06-28,1,23.59
2225,297,462,2024-07-24,1,49.23
2226,88,61,2024-12-31,2,82.1
2227,45,167,2024-11-23,4,144.08
2228,47,68,2024-07-24,1,29.55
2229,333,257,2024-01-05,1,21.14
2230,333,220,2024-02-27,8,132.08
2231,54,249,2024-07-10,1,32.95
2232,346,96,2024-10-24,1,12.55
2233,4,342,2024-12-23,5,85.55
2234,347,359,2024-11-26,4,112.76
2235,217,118,2024-04-28,1,5.52
2236,303,219,2024-05-07,1,20.9
2237,95,269,2024-12-13,2,66.16
2238,142,246,2024-05-11,1,7.43
2239,121,187,2024-02-04,1,22.98
2240,141,94,2024-07-11,1,16.86
2241,207,242,2024-11-07,1,33.79
2242,295,187,2024-07-09,2,45.96
2243,445,395,2024-11-22,5,170.25
2244,391,310,2024-11-12,2,95.84
2245,378,455,2024-04-13,1,27.03
2246,112,99,2024-10-02,4,187.72
2247,333,155,2024-02-18,4,199.84
2248,217,23,2024-04-24,1,38.55
2249,465,500,2024-11-29,2,31.88
2250,166,35,2024-10-04,2,63.62
2251,13,86,2024-12-26,3,76.53
2252,479,32,2024-03-02,4,86.24
2253,305,351,2024-11-13,2,69.96
2254,342,197,2024-02-15,3,129.09
2255,48,2,2024-10-07,1,35.8
2256,351,234,2024-11-29,2,14.3
2257,377,152,2024-05-28,4,187.08
2258,401,122,2024-04-02,1,30.75
2259,45,139,2024-12-09,5,177.0
2260,110,274,2024-12-27,1,48.8
2261,206,43,2024-10-12,7,331.73
2262,97,460,2024-05-05,3,107.64
2263,58,422,2024-02-27,2,91.82
2264,58,276,2024-05-09,3,59.55
2265,347,370,2024-12-19,4,175.64
2266,442,106,2024-10-28,5,147.9
2267,66,80,2024-05-19,2,69.68
2268,266,48,2024-07-05,2,49.4
2269,112,292,2024-11-06,2,53.88
2270,393,84,2024-10-01,6,267.54
2271,72,74,2024-11-07,1,45.12
2272,347,371,2024-12-13,2,34.8
2273,347,194,2024-11-20,2,67.76
2274,141,68,2024-01-27,1,29.55
2275,58,406,2024-03-21,8,286.32
2276,444,437,2024-03-24,4,177.16
2277,182,418,2024-08-19,1,31.88
2278,424,355,2024-03-02,1,8.1
2279,347,279,2024-01-02,1,30.5
2280,328,468,2024-12-05,1,30.59
2281,56,116,2024-07-12,6,250.92
2282,457,252,2024-11-23,1,12.62
2283,54,183,2024-03-31,1,15.4
2284,378,459,2024-07-30,1,35.77
2285,48,348,2024-07-11,2,25.24
2286,56,179,2024-11-20,5,241.05
2287,187,416,2024-08-12,6,294.6
2288,217,399,2024-11-28,3,43.02
2289,264,418,2024-07-24,1,31.88
2290,303,47,2024-12-09,2,40.74
2291,71,254,2024-11-12,2,85.14
2292,163,71,2024-07-26,5,192.5
2293,439,255,2024-05-14,2,49.02
2294,35,43,2024-09-08,3,142.17
2295,377,360,2024-09-23,1,49.34
2296,58,186,2024-04-28,3,123.99
2297,462,185,2024-12-02,5,109.9
2298,223,74,2024-11-10,5,225.6
2299,466,108,2024-12-14,5,126.9
2300,303,194,2024-03-31,4,135.52
2301,347,340,2024-07-02,3,149.94
2302,380,76,2024-10-06,2,82.66
2303,117,77,2024-02-19,4,177.12
2304,325,241,2024-03-17,2,28.12
2305,58,147,2024-11-23,1,45.2
2306,16,258,2024-10-20,1,9.95
2307,210,284,2024-07-31,4,60.84
2308,228,217,2024-09-10,7,247.66
2309,280,381,2024-02-13,1,10.6
2310,463,310,2024-04-06,5,239.6
2311,89,424,2024-08-11,2,81.0
2312,112,139,2024-07-14,1,35.4
2313,163,15,2024-10-28,1,23.83
2314,58,388,2024-03-07,6,159.72
2315,380,124,2024-04-30,1,27.1
2316,276,24,2024-09-19,1,32.74
2317,54,491,2024-06-12,2,29.74
2318,311,499,2024-11-24,1,6.94
2319,327,52,2024-06-29,2,33.06
2320,30,245,2024-01-26,3,48.18
2321,231,41,2024-06-05,6,258.54
2322,386,414,2024-11-29,3,67.65
2323,359,374,2024-11-17,3,72.78
2324,45,174,2024-11-15,1,37.83
2325,42,123,2024-12-02,1,37.6
2326,481,322,2024-02-05,10,264.9
2327,26,281,2024-01-25,5,81.7
2328,53,233,2024-12-16,2,20.78
2329,39,181,2024-04-09,1,38.73
2330,254,132,2024-11-09,4,81.84
2331,280,498,2024-12-31,3,32.64
2332,98,439,2024-12-13,3,48.0
2333,249,192,2024-08-17,1,48.37
2334,141,318,2024-08-29,8,320.88
2335,467,5,2024-11-23,1,10.95
2336,76,438,2024-07-19,1,33.39
2337,462,239,2024-08-03,2,89.02
2338,378,93,2024-11-04,4,69.72
2339,159,103,2024-12-25,2,86.5
2340,282,109,2024-06-20,4,34.16
2341,427,80,2024-05-02,7,243.88
2342,380,308,2024-04-19,4,83.0
2343,151,243,2024-11-26,1,8.87
2344,135,139,2024-01-25,1,35.4
2345,89,42,2024-03-09,1,48.35
2346,386,343,2024-12-17,6,258.18
2347,147,176,2024-02-29,8,128.88
2348,271,244,2024-04-14,2,14.74
2349,311,468,2024-12-14,3,91.77
2350,272,40,2024-01-26,4,103.88
2351,289,8,2024-03-22,1,48.99
2352,289,59,2024-03-28,4,104.0
2353,328,231,2024-05-24,7,65.59
2354,53,19,2024-10-21,1,11.31
2355,16,308,2024-07-18,2,41.5
2356,58,190,2024-12-22,5,191.8
2357,280,359,2024-12-17,2,56.38
2358,198,425,2024-07-12,2,48.46
2359,48,235,2024-11-04,2,31.32
2360,165,196,2024-10-18,1,6.69
2361,207,360,2024-11-21,3,148.02
2362,347,46,2024-12-03,3,99.51
2363,426,52,2024-07-16,3,49.59
2364,196,437,2024-11-22,2,88.58
2365,457,101,2024-08-13,5,242.45
2366,233,212,2024-06-26,6,112.14
2367,328,482,2024-11-13,2,63.92
2368,187,158,2024-05-29,5,123.45
2369,328,461,2024-07-08,6,57.6
2370,8,431,2024-01-26,5,97.4
2371,16,492,2024-10-11,3,132.21
2372,112,316,2024-09-13,3,26.43
2373,149,66,2024-11-19,7,198.03
2374,289,265,2024-11-13,1,46.6
2375,329,61,2024-11-05,3,123.15
2376,230,429,2024-12-21,3,127.74
2377,13,224,2024-04-03,1,42.15
2378,424,472,2024-03-20,8,224.72
2379,45,233,2024-01-24,3,31.17
2380,294,153,2024-04-21,1,8.05
2381,20,395,2024-11-26,1,34.05
2382,13,327,2024-02-05,9,192.6
2383,280,55,2024-03-30,1,27.32
2384,304,433,2024-04-03,2,44.18
2385,13,212,2024-07-16,1,18.69
2386,127,193,2024-02-22,6,177.24
2387,48,153,2024-08-06,1,8.05
2388,380,61,2024-09-20,8,328.4
2389,430,3,2024-08-20,1,15.75
2390,380,275,2024-12-07,1,25.83
2391,39,59,2024-03-28,6,156.0
2392,280,138,2024-03-03,1,24.77
2393,443,334,2024-02-23,1,35.68
2394,78,473,2024-08-17,1,30.26
2395,54,493,2024-11-29,2,56.16
2396,17,407,2024-11-10,1,42.19
2397,136,306,2024-07-15,4,175.68
2398,32,220,2024-10-20,1,16.51
2399,115,231,2024-12-27,1,9.37
2400,100,151,2024-09-19,3,101.61
2401,198,204,2024-12-17,1,26.52
2402,112,184,2024-06-26,1,5.25
2403,249,63,2024-07-05,1,22.38
2404,236,291,2024-11-07,4,31.08
2405,207,309,2024-09-13,1,11.74
2406,72,294,2024-09-23,6,255.18
2407,71,102,2024-11-11,1,40.22
2408,130,62,2024-08-09,1,26.34
2409,155,296,2024-06-13,1,11.49
2410,328,467,2024-11-19,2,27.64
2411,401,471,2024-12-02,2,90.76
2412,53,425,2024-01-16,5,121.15
2413,474,205,2024-05-25,1,5.83
2414,62,153,2024-08-02,3,24.15
2415,280,432,2024-12-31,2,17.68
2416,58,72,2024-01-02,1,46.54
2417,228,88,2024-11-14,1,40.22
2418,411,3,2024-11-27,7,110.25
2419,141,57,2024-05-26,1,23.59
2420,23,139,2024-05-23,3,106.2
2421,280,164,2024-10-04,5,209.15
2422,108,327,2024-12-31,2,42.8
2423,263,339,2024-09-19,2,87.02
2424,228,48,2024-11-16,1,24.7
2425,466,338,2024-02-18,3,30.51
2426,304,31,2024-11-03,1,21.23
2427,112,250,2024-08-13,1,12.65
2428,353,440,2024-10-17,2,54.84
2429,217,435,2024-11-21,2,55.52
2430,37,500,2024-04-12,2,31.88
2431,112,36,2024-04-13,1,34.51
2432,347,76,2024-06-28,2,82.66
2433,224,96,2024-03-01,1,12.55
2434,187,61,2024-09-12,6,246.3
2435,69,258,2024-07-05,2,19.9
2436,347,26,2024-08-12,3,63.15
2437,112,207,2024-07-10,1,6.67
2438,159,56,2024-10-17,3,23.61
2439,457,28,2024-12-08,6,225.06
2440,347,142,2024-05-18,1,48.96
2441,61,52,2024-11-13,1,16.53
2442,15,88,2024-11-16,4,160.88
2443,56,376,2024-05-20,1,29.26
2444,261,379,2024-12-20,2,11.4
2445,72,86,2024-05-11,1,25.51
2446,256,220,2024-03-01,2,33.02
2447,16,348,2024-05-03,4,50.48
2448,328,251,2024-06-16,5,44.35
2449,481,349,2024-01-01,10,443.6
2450,217,397,2024-09-06,1,28.15
2451,292,377,2024-11-15,2,79.58
2452,39,235,2024-11-09,1,15.66
2453,362,397,2024-11-29,3,84.45
2454,457,139,2024-12-16,3,106.2
2455,377,338,2024-01-14,10,101.7
2456,153,185,2024-01-19,1,21.98
2457,457,495,2024-12-13,1,20.31
2458,197,491,2024-09-30,5,74.35
2459,297,201,2024-12-12,3,111.75
2460,141,297,2024-05-07,2,71.3
2461,211,291,2024-10-14,8,62.16
2462,314,475,2024-05-01,3,143.28
2463,196,320,2024-03-31,3,15.21
2464,453,8,2024-08-03,2,97.98
2465,126,251,2024-12-04,2,17.74
2466,126,129,2024-11-01,1,40.74
2467,467,80,2024-11-17,7,243.88
2468,131,222,2024-03-24,3,88.77
2469,311,128,2024-04-16,5,120.2
2470,347,458,2024-07-31,1,37.28
2471,165,348,2024-06-19,5,63.1
2472,272,129,2024-03-25,1,40.74
2473,189,291,2024-06-03,6,46.62
2474,167,50,2024-04-26,1,37.0
2475,107,240,2024-06-30,2,99.8
2476,13,468,2024-12-15,3,91.77
2477,303,315,2024-07-25,6,257.4
2478,45,318,2024-10-12,2,80.22
2479,61,65,2024-06-25,2,45.4
2480,362,236,2024-11-28,5,53.9
2481,347,171,2024-05-21,3,96.45
2482,297,443,2024-09-23,1,44.05
2483,126,360,2024-11-24,1,49.34
2484,45,115,2024-11-16,6,168.72
2485,393,369,2024-03-21,9,203.85
2486,272,59,2024-08-23,1,26.0
2487,53,127,2024-12-17,1,11.66
2488,52,29,2024-12-15,6,186.72
2489,317,431,2024-08-06,5,97.4
2490,280,222,2024-10-15,1,29.59
2491,434,88,2024-03-24,2,80.44
2492,196,149,2024-04-16,3,51.27
2493,185,201,2024-08-22,2,74.5
2494,139,76,2024-08-27,1,41.33
2495,148,18,2024-09-01,3,118.41
2496,311,493,2024-10-02,1,28.08
2497,17,184,2024-08-01,2,10.5
2498,382,200,2024-04-29,2,19.92
2499,472,174,2024-03-21,2,75.66
2500,148,473,2024-03-26,2,60.52
2501,251,311,2024-10-13,3,96.84
2502,383,133,2024-12-25,1,20.96
2503,85,35,2024-12-12,1,31.81
2504,347,256,2024-03-04,7,258.02
2505,155,54,2024-11-25,6,268.68
2506,128,473,2024-12-25,1,30.26
2507,72,227,2024-03-28,4,152.68
2508,16,165,2024-12-30,1,32.1
2509,496,285,2024-03-21,1,27.65
2510,228,104,2024-07-10,4,42.24
2511,112,45,2024-09-26,3,76.47
2512,380,415,2024-11-07,1,29.51
2513,430,443,2024-11-19,1,44.05
2514,389,255,2024-11-30,1,24.51
2515,198,183,2024-12-17,3,46.2
2516,171,219,2024-03-03,3,62.7
2517,361,153,2024-09-05,1,8.05
2518,297,12,2024-02-18,1,27.43
2519,51,361,2024-12-09,2,79.5
2520,72,274,2024-03-10,3,146.4
2521,393,205,2024-12-17,3,17.49
2522,248,480,2024-12-19,6,228.9
2523,132,134,2024-01-11,1,35.72
2524,431,419,2024-02-07,4,37.12
2525,115,121,2024-11-29,2,84.94
2526,380,178,2024-09-20,9,251.01
2527,378,455,2024-10-20,3,81.09
2528,347,19,2024-05-02,2,22.62
2529,148,401,2024-06-16,5,158.6
2530,13,397,2024-01-02,4,112.6
2531,58,283,2024-10-13,2,34.0
2532,151,360,2024-07-05,2,98.68
2533,27,181,2024-07-29,1,38.73
2534,53,302,2024-02-08,1,28.67
2535,407,291,2024-11-26,1,7.77
2536,126,40,2024-12-08,1,25.97
2537,462,309,2024-05-11,3,35.22
2538,73,246,2024-06-20,3,22.29
2539,15,254,2024-02-18,4,170.28
2540,377,228,2024-12-28,4,123.0
2541,466,270,2024-11-10,6,79.02
2542,126,178,2024-09-04,6,167.34
2543,378,105,2024-10-09,6,180.12
2544,447,108,2024-09-10,1,25.38
2545,317,358,2024-11-02,2,14.36
2546,314,429,2024-12-01,1,42.58
2547,378,31,2024-07-27,1,21.23
2548,31,197,2024-08-28,2,86.06
2549,153,273,2024-07-22,1,12.43
2550,13,466,2024-09-12,3,111.51
2551,230,415,2024-12-30,4,118.04
2552,160,444,2024-01-24,2,25.46
2553,457,284,2024-11-02,2,30.42
2554,404,238,2024-11-28,2,97.94
2555,17,492,2024-11-09,2,88.14
2556,58,144,2024-12-05,4,77.08
2557,422,152,2024-02-08,2,93.54
2558,121,338,2024-10-12,1,10.17
2559,280,158,2024-11-01,3,74.07
2560,181,237,2024-05-06,1,40.43
2561,268,327,2024-01-12,5,107.0
2562,185,460,2024-02-03,3,107.64
2563,375,393,2024-02-06,4,176.0
2564,16,76,2024-08-08,5,206.65
2565,380,95,2024-05-21,3,148.59
2566,448,368,2024-09-02,1,44.6
2567,58,348,2024-12-09,5,63.1
2568,317,180,2024-09-02,1,25.09
2569,155,105,2024-03-03,2,60.04
2570,72,329,2024-12-14,2,76.98
2571,379,172,2024-01-20,8,294.56
2572,453,319,2024-07-31,1,42.61
2573,13,55,2024-06-05,3,81.96
2574,339,402,2024-09-25,3,64.14
2575,380,337,2024-04-27,4,137.12
2576,72,491,2024-12-03,7,104.09
2577,436,376,2024-08-19,2,58.52
2578,126,311,2024-12-17,2,64.56
2579,112,429,2024-08-09,3,127.74
2580,379,119,2024-06-26,2,99.76
2581,184,376,2024-03-08,7,204.82
2582,332,40,2024-02-18,6,155.82
2583,124,118,2024-10-15,3,16.56
2584,466,398,2024-03-18,6,200.46
2585,230,408,2024-11-20,1,10.07
2586,331,76,2024-02-14,3,123.99
2587,48,449,2024-11-29,2,80.34
2588,450,365,2024-07-25,7,74.48
2589,154,13,2024-03-02,3,42.12
2590,392,471,2024-03-28,2,90.76
2591,456,124,2024-03-23,4,108.4
2592,444,303,2024-12-29,3,19.71
2593,311,487,2024-11-03,2,78.52
2594,165,149,2024-08-27,4,68.36
2595,342,43,2024-11-24,1,47.39
2596,208,195,2024-10-22,2,23.26
2597,53,119,2024-11-09,1,49.88
2598,382,297,2024-09-29,2,71.3
2599,71,388,2024-05-13,1,26.62
2600,110,221,2024-11-24,2,49.62
2601,474,146,2024-10-04,1,14.5
2602,16,148,2024-08-08,7,85.75
2603,243,342,2024-10-04,1,17.11
2604,16,15,2024-09-17,3,71.49
2605,112,4,2024-12-18,2,87.04
2606,489,219,2024-07-10,4,83.6
2607,457,367,2024-12-10,4,117.28
2608,300,135,2024-08-14,1,15.13
2609,457,496,2024-05-22,2,87.5
2610,72,168,2024-11-24,1,14.13
2611,351,345,2024-08-24,4,103.56
2612,380,222,2024-06-30,1,29.59
2613,460,339,2024-09-07,5,217.55
2614,328,126,2024-12-21,1,25.33
2615,131,136,2024-12-22,2,19.78
2616,54,68,2024-04-16,1,29.55
2617,386,2,2024-12-28,2,71.6
2618,48,20,2024-10-23,2,96.26
2619,317,327,2024-07-19,2,42.8
2620,325,431,2024-12-29,1,19.48
2621,59,307,2024-08-26,2,28.86
2622,56,215,2024-02-04,8,201.28
2623,48,238,2024-11-04,7,342.79
2624,45,397,2024-06-13,6,168.9
2625,104,352,2024-12-20,1,6.01
2626,98,32,2024-08-29,3,64.68
2627,55,415,2024-11-14,2,59.02
2628,281,373,2024-12-09,1,39.09
2629,100,114,2024-01-15,3,21.84
2630,457,486,2024-04-21,8,153.04
2631,13,487,2024-03-18,4,157.04
2632,163,468,2024-02-23,2,61.18
2633,364,108,2024-02-02,2,50.76
2634,67,441,2024-03-18,4,162.88
2635,297,212,2024-04-12,1,18.69
2636,13,387,2024-12-02,7,331.94
2637,141,81,2024-07-16,1,44.19
2638,4,18,2024-10-23,1,39.47
2639,79,68,2024-11-21,5,147.75
2640,72,259,2024-12-03,4,57.92
2641,420,310,2024-07-01,6,287.52
2642,112,426,2024-10-13,3,98.46
2643,13,155,2024-06-17,1,49.96
2644,250,193,2024-05-21,1,29.54
2645,60,248,2024-12-18,1,46.99
2646,58,255,2024-08-13,4,98.04
2647,457,232,2024-11-23,1,9.62
2648,191,190,2024-07-08,2,76.72
2649,378,49,2024-06-05,3,148.5
2650,408,43,2024-12-19,1,47.39
2651,480,390,2024-08-24,1,39.96
2652,444,428,2024-05-10,1,22.73
2653,328,138,2024-09-14,3,74.31
2654,316,161,2024-11-18,7,151.2
2655,354,285,2024-08-16,5,138.25
2656,140,359,2024-02-04,1,28.19
2657,280,86,2024-01-17,1,25.51
2658,137,254,2024-03-29,1,42.57
2659,431,215,2024-08-24,2,50.32
2660,121,268,2024-07-10,2,16.2
2661,303,149,2024-09-06,2,34.18
2662,1,266,2024-10-23,3,99.87
2663,45,85,2024-04-11,2,38.86
2664,48,77,2024-01-14,2,88.56
2665,112,103,2024-01-23,3,129.75
2666,242,305,2024-06-02,1,31.66
2667,474,322,2024-09-08,1,26.49
2668,142,300,2024-05-30,4,107.48
2669,90,288,2024-11-30,2,55.82
2670,347,375,2024-02-05,1,34.15
2671,371,301,2024-09-05,3,64.98
2672,185,495,2024-09-28,5,101.55
2673,302,87,2024-11-16,1,34.84
2674,217,74,2024-04-30,1,45.12
2675,126,71,2024-06-29,2,77.0
2676,148,257,2024-11-11,4,84.56
2677,37,362,2024-07-25,2,58.86
2678,378,453,2024-09-17,3,145.65
2679,60,365,2024-04-21,1,10.64
2680,408,351,2024-08-23,1,34.98
2681,13,444,2024-10-06,2,25.46
2682,137,110,2024-11-24,3,90.45
2683,31,192,2024-12-07,1,48.37
2684,379,270,2024-01-15,1,13.17
2685,356,469,2024-06-30,1,23.25
2686,185,329,2024-10-02,2,76.98
2687,410,321,2024-11-09,1,24.32
2688,248,312,2024-01-23,3,109.41
2689,428,414,2024-08-28,1,22.55
2690,217,362,2024-10-23,4,117.72
2691,280,29,2024-03-14,2,62.24
2692,425,143,2024-06-28,9,392.85
2693,297,429,2024-10-01,3,127.74
2694,27,265,2024-12-06,1,46.6
2695,115,34,2024-07-22,1,16.49
2696,378,89,2024-03-09,2,29.44
2697,99,89,2024-04-17,3,44.16
2698,410,288,2024-12-10,2,55.82
2699,378,290,2024-09-23,7,306.67
2700,378,96,2024-12-06,2,25.1
2701,58,112,2024-01-06,3,24.06
2702,4,158,2024-12-31,5,123.45
2703,45,159,2024-12-07,1,36.21
2704,477,162,2024-04-05,2,97.68
2705,48,152,2024-05-07,1,46.77
2706,39,179,2024-02-12,4,192.84
2707,16,19,2024-12-22,7,79.17
2708,110,360,2024-03-19,2,98.68
2709,302,176,2024-11-10,3,48.33
2710,121,47,2024-12-26,2,40.74
2711,380,473,2024-04-09,1,30.26
2712,239,301,2024-04-05,2,43.32
2713,380,166,2024-10-29,4,44.08
2714,17,216,2024-12-01,2,49.26
2715,107,157,2024-12-06,1,19.17
2716,214,304,2024-11-15,3,40.44
2717,466,130,2024-07-27,4,26.56
2718,325,21,2024-08-13,8,377.04
2719,336,56,2024-11-29,2,15.74
2720,13,84,2024-12-13,2,89.18
2721,376,102,2024-12-31,7,281.54
2722,163,404,2024-03-22,7,109.55
2723,303,411,2024-06-25,2,30.06
2724,217,103,2024-08-22,6,259.5
2725,324,224,2024-02-08,1,42.15
2726,8,3,2024-11-28,2,31.5
2727,64,358,2024-08-22,1,7.18
2728,466,391,2024-07-15,6,200.52
2729,45,205,2024-06-30,4,23.32
2730,138,306,2024-11-24,2,87.84
2731,13,114,2024-08-24,6,43.68
2732,338,257,2024-05-12,5,105.7
2733,72,331,2024-11-30,1,15.36
2734,164,48,2024-01-10,2,49.4
2735,393,199,2024-07-10,3,128.43
2736,132,92,2024-05-31,1,34.21
2737,378,178,2024-12-15,3,83.67
2738,58,83,2024-12-26,2,17.88
2739,58,249,2024-07-15,3,98.85
2740,148,218,2024-07-02,1,5.36
2741,200,258,2024-10-26,2,19.9
2742,39,58,2024-06-18,4,138.16
2743,378,77,2024-09-13,1,44.28
2744,131,264,2024-11-09,5,102.55
2745,234,145,2024-08-02,1,22.53
2746,356,130,2024-08-02,2,13.28
2747,422,137,2024-11-01,1,26.33
2748,189,326,2024-01-11,1,15.15
2749,68,128,2024-11-18,1,24.04
2750,300,221,2024-03-05,6,148.86
2751,466,471,2024-08-20,5,226.9
2752,485,235,2024-11-17,1,15.66
2753,347,196,2024-01-20,2,13.38
2754,148,217,2024-06-21,2,70.76
2755,378,429,2024-11-24,6,255.48
2756,230,156,2024-11-19,3,95.04
2757,126,192,2024-11-23,3,145.11
2758,112,142,2024-12-09,2,97.92
2759,207,140,2024-07-06,1,31.49
2760,45,141,2024-11-22,1,49.42
2761,53,114,2024-12-11,1,7.28
2762,56,373,2024-05-20,4,156.36
2763,44,278,2024-10-21,2,97.22
2764,71,178,2024-01-11,5,139.45
2765,110,273,2024-12-16,3,37.29
2766,490,496,2024-05-02,1,43.75
2767,302,383,2024-12-03,9,379.53
2768,202,346,2024-06-11,2,19.94
2769,198,290,2024-10-20,2,87.62
2770,455,381,2024-01-10,2,21.2
2771,21,311,2024-12-05,7,225.96
2772,457,293,2024-07-07,1,17.93
2773,80,282,2024-11-24,2,76.38
2774,60,164,2024-07-20,4,167.32
2775,289,258,2024-11-22,2,19.9
2776,233,147,2024-12-16,5,226.0
2777,78,148,2024-12-06,1,12.25
2778,16,350,2024-11-21,6,190.02
2779,101,97,2024-10-14,3,137.22
2780,326,42,2024-03-20,3,145.05
2781,408,86,2024-12-11,3,76.53
2782,13,381,2024-02-12,3,31.8
2783,112,436,2024-07-17,6,95.4
2784,16,242,2024-11-08,7,236.53
2785,115,458,2024-06-10,1,37.28
2786,181,124,2024-08-22,4,108.4
2787,297,447,2024-08-04,6,217.5
2788,72,4,2024-08-31,4,174.08
2789,246,442,2024-07-17,2,96.96
2790,411,62,2024-12-29,4,105.36
2791,13,225,2024-12-23,2,72.08
2792,141,187,2024-06-13,2,45.96
2793,147,404,2024-10-15,1,15.65
2794,457,370,2024-05-27,1,43.91
2795,466,408,2024-06-30,2,20.14
2796,72,235,2024-06-23,6,93.96
2797,333,152,2024-05-09,3,140.31
2798,483,141,2024-08-09,3,148.26
2799,13,114,2024-03-10,6,43.68
2800,17,291,2024-11-10,3,23.31
2801,217,381,2024-07-10,5,53.0
2802,34,132,2024-10-28,3,61.38
2803,217,300,2024-04-10,1,26.87
2804,360,208,2024-08-28,2,50.0
2805,217,301,2024-12-21,5,108.3
2806,279,332,2024-07-28,1,49.08
2807,23,8,2024-04-29,3,146.97
2808,294,77,2024-05-07,1,44.28
2809,131,183,2024-11-21,2,30.8
2810,376,460,2024-10-01,1,35.88
2811,347,488,2024-11-13,2,98.3
2812,412,447,2024-09-18,1,36.25
2813,4,126,2024-08-17,1,25.33
2814,466,117,2024-11-21,3,44.61
2815,88,283,2024-01-20,1,17.0
2816,115,464,2024-11-30,6,231.24
2817,466,300,2024-02-08,4,107.48
2818,126,164,2024-02-29,4,167.32
2819,378,244,2024-08-15,1,7.37
2820,325,292,2024-04-16,1,26.94
2821,179,399,2024-12-24,3,43.02
2822,214,1,2024-10-25,1,21.34
2823,48,169,2024-05-21,2,47.14
2824,187,445,2024-12-10,2,27.22
2825,26,321,2024-11-17,2,48.64
2826,328,164,2024-12-16,6,250.98
2827,115,390,2024-08-06,2,79.92
2828,333,327,2024-12-15,3,64.2
2829,243,110,2024-04-04,2,60.3
2830,347,351,2024-11-16,2,69.96
2831,493,81,2024-09-05,1,44.19
2832,17,167,2024-04-06,7,252.14
2833,118,400,2024-10-26,4,138.28
2834,148,190,2024-05-30,1,38.36
2835,249,231,2024-06-24,2,18.74
2836,86,29,2024-11-01,8,248.96
2837,410,10,2024-11-15,5,123.15
2838,453,427,2024-11-09,2,36.0
2839,459,287,2024-11-11,4,160.76
2840,410,55,2024-10-15,1,27.32
2841,246,488,2024-11-24,8,393.2
2842,284,128,2024-10-23,1,24.04
2843,126,328,2024-07-04,2,20.52
2844,457,242,2024-07-10,1,33.79
2845,109,423,2024-06-25,1,25.63
2846,469,46,2024-06-07,2,66.34
2847,230,286,2024-09-22,2,16.58
2848,115,446,2024-01-25,4,137.96
2849,379,464,2024-06-28,4,154.16
2850,242,117,2024-04-11,2,29.74
2851,375,131,2024-11-23,3,81.84
2852,102,219,2024-03-21,2,41.8
2853,115,468,2024-01-17,9,275.31
2854,329,448,2024-09-02,4,25.04
2855,163,325,2024-08-19,1,40.4
2856,457,273,2024-02-18,1,12.43
2857,242,313,2024-12-19,3,141.48
2858,153,419,2024-02-22,1,9.28
2859,217,334,2024-12-24,2,71.36
2860,388,400,2024-09-15,3,103.71
2861,81,295,2024-07-01,1,28.66
2862,228,166,2024-07-01,2,22.04
2863,206,273,2024-05-22,2,24.86
2864,311,458,2024-11-19,6,223.68
2865,217,106,2024-03-25,2,59.16
2866,141,400,2024-09-28,1,34.57
2867,249,476,2024-02-28,1,39.42
2868,121,120,2024-06-14,7,336.21
2869,173,64,2024-06-05,5,120.5
2870,302,195,2024-08-24,1,11.63
2871,25,303,2024-04-25,5,32.85
2872,359,63,2024-04-30,1,22.38
2873,107,384,2024-12-24,10,339.2
2874,336,185,2024-04-03,2,43.96
2875,328,195,2024-12-01,5,58.15
2876,379,485,2024-12-12,2,46.32
2877,325,118,2024-12-21,10,55.2
2878,250,9,2024-10-13,7,100.31
2879,141,73,2024-10-11,5,106.15
2880,217,72,2024-01-17,3,139.62
2881,302,444,2024-02-26,4,50.92
2882,17,215,2024-10-27,1,25.16
2883,48,187,2024-12-24,5,114.9
2884,324,157,2024-04-16,2,38.34
2885,71,15,2024-12-20,4,95.32
2886,303,468,2024-12-02,2,61.18
2887,382,87,2024-11-24,1,34.84
2888,127,34,2024-12-03,1,16.49
2889,409,226,2024-12-28,1,27.22
2890,260,241,2024-10-10,6,84.36
2891,27,490,2024-06-18,3,38.64
2892,489,101,2024-08-24,1,48.49
2893,228,338,2024-11-05,1,10.17
2894,347,128,2024-07-29,1,24.04
2895,227,343,2024-10-11,3,129.09
2896,45,168,2024-12-09,2,28.26
2897,380,383,2024-09-30,6,253.02
2898,48,8,2024-01-07,1,48.99
2899,69,166,2024-11-06,1,11.02
2900,91,232,2024-12-07,10,96.2
2901,280,382,2024-05-15,1,33.19
2902,112,131,2024-12-11,2,54.56
2903,53,343,2024-11-15,5,215.15
2904,27,219,2024-05-26,3,62.7
2905,216,425,2024-03-08,1,24.23
2906,474,158,2024-06-28,2,49.38
2907,330,94,2024-12-31,2,33.72
2908,303,431,2024-12-07,3,58.44
2909,311,270,2024-04-24,3,39.51
2910,141,410,2024-12-17,2,88.66
2911,16,192,2024-11-17,1,48.37
2912,228,432,2024-10-28,7,61.88
2913,137,440,2024-09-20,1,27.42
2914,189,200,2024-12-13,6,59.76
2915,493,70,2024-12-15,4,93.8
2916,454,343,2024-02-23,2,86.06
2917,115,31,2024-10-31,4,84.92
2918,466,201,2024-08-06,4,149.0
2919,408,428,2024-07-07,2,45.46
2920,81,64,2024-12-05,4,96.4
2921,181,73,2024-11-07,3,63.69
2922,368,160,2024-01-04,2,68.96
2923,170,153,2024-10-08,5,40.25
2924,72,451,2024-10-05,8,45.04
2925,141,196,2024-06-09,5,33.45
2926,16,449,2024-10-14,4,160.68
2927,228,268,2024-08-10,1,8.1
2928,39,124,2024-10-20,5,135.5
2929,157,216,2024-12-31,1,24.63
2930,185,464,2024-11-27,1,38.54
2931,432,183,2024-07-27,1,15.4
2932,305,114,2024-11-08,3,21.84
2933,286,288,2024-03-25,3,83.73
2934,31,22,2024-10-28,3,117.69
2935,499,49,2024-11-04,1,49.5
2936,132,418,2024-07-22,2,63.76
2937,174,437,2024-06-26,2,88.58
2938,156,343,2024-01-13,6,258.18
2939,44,51,2024-04-21,1,46.3
2940,432,184,2024-01-15,5,26.25
2941,185,229,2024-12-08,4,81.84
2942,187,394,2024-11-21,4,108.6
2943,493,380,2024-11-18,2,26.34
2944,316,439,2024-11-28,1,16.0
2945,123,163,2024-09-26,5,95.55
2946,92,161,2024-11-21,3,64.8
2947,187,439,2024-11-07,4,64.0
2948,379,387,2024-11-29,1,47.42
2949,393,466,2024-01-07,2,74.34
2950,413,92,2024-06-18,2,68.42
2951,87,437,2024-04-03,1,44.29
2952,45,472,2024-09-13,2,56.18
2953,453,315,2024-11-29,3,128.7
2954,141,126,2024-12-15,2,50.66
2955,294,427,2024-05-16,3,54.0
2956,350,75,2024-12-15,1,47.11
2957,275,430,2024-01-20,2,23.8
2958,105,96,2024-12-07,5,62.75
2959,41,383,2024-10-29,1,42.17
2960,187,221,2024-07-26,2,49.62
2961,417,183,2024-12-11,1,15.4
2962,4,408,2024-06-27,2,20.14
2963,337,363,2024-12-26,2,14.96
2964,123,369,2024-11-20,2,45.3
2965,294,239,2024-12-27,1,44.51
2966,310,303,2024-08-15,2,13.14
2967,194,287,2024-04-18,3,120.57
2968,217,33,2024-08-23,3,105.18
2969,432,486,2024-11-19,6,114.78
2970,45,203,2024-10-14,1,27.22
2971,433,170,2024-09-22,1,11.28
2972,303,393,2024-08-14,2,88.0
2973,126,365,2024-06-01,4,42.56
2974,115,272,2024-11-03,2,10.32
2975,48,428,2024-04-20,1,22.73
2976,297,46,2024-08-04,1,33.17
2977,42,413,2024-11-22,2,20.7
2978,48,50,2024-03-11,2,74.0
2979,316,47,2024-07-09,1,20.37
2980,378,174,2024-05-21,2,75.66
2981,115,286,2024-05-29,1,8.29
2982,58,3,2024-04-17,2,31.5
2983,472,192,2024-11-19,5,241.85
2984,313,94,2024-04-20,2,33.72
2985,217,308,2024-02-22,2,41.5
2986,48,260,2024-08-28,1,49.59
2987,411,455,2024-01-02,7,189.21
2988,196,56,2024-11-10,2,15.74
2989,347,255,2024-09-29,1,24.51
2990,211,476,2024-10-11,3,118.26
2991,450,34,2024-11-04,2,32.98
2992,293,97,2024-05-27,4,182.96
2993,347,435,2024-02-16,2,55.52
2994,472,295,2024-06-17,4,114.64
2995,272,145,2024-11-21,2,45.06
2996,143,207,2024-04-21,2,13.34
2997,493,288,2024-01-04,2,55.82
2998,56,395,2024-08-26,3,102.15
2999,53,158,2024-12-07,6,148.14
3000,249,379,2024-09-06,1,5.7
3001,112,181,2024-12-13,8,309.84
3002,160,379,2024-12-28,2,11.4
3003,141,467,2024-08-22,1,13.82
3004,71,38,2024-04-08,4,65.88
3005,58,24,2024-09-20,6,196.44
3006,196,3,2024-11-30,6,94.5
3007,48,200,2024-12-11,5,49.8
3008,217,73,2024-12-02,3,63.69
3009,134,349,2024-05-30,3,133.08
3010,410,210,2024-10-07,3,122.79
3011,112,419,2024-07-09,4,37.12
3012,66,22,2024-01-23,3,117.69
3013,72,327,2024-11-08,1,21.4
3014,48,275,2024-11-03,2,51.66
3015,74,146,2024-05-22,2,29.0
3016,280,203,2024-09-04,5,136.1
3017,312,103,2024-12-18,1,43.25
3018,457,118,2024-08-04,1,5.52
3019,115,124,2024-02-23,2,54.2
3020,141,340,2024-11-15,7,349.86
3021,289,23,2024-04-07,3,115.65
3022,16,180,2024-06-09,2,50.18
3023,217,485,2024-02-13,1,23.16
3024,163,337,2024-04-07,4,137.12
3025,4,309,2024-08-27,2,23.48
3026,289,30,2024-03-31,1,30.58
3027,16,371,2024-09-01,7,121.8
3028,317,4,2024-03-04,2,87.04
3029,481,62,2024-11-25,5,131.7
3030,72,11,2024-01-18,3,107.85
3031,38,145,2024-12-21,3,67.59
3032,292,314,2024-12-08,1,9.59
3033,217,233,2024-10-16,2,20.78
3034,16,494,2024-03-21,8,53.28
3035,13,222,2024-12-12,5,147.95
3036,419,437,2024-08-23,1,44.29
3037,302,483,2024-12-12,2,28.06
3038,182,488,2024-08-15,2,98.3
3039,45,371,2024-06-13,2,34.8
3040,112,486,2024-11-19,5,95.65
3041,231,281,2024-10-29,5,81.7
3042,386,202,2024-07-10,1,12.26
3043,105,27,2024-10-10,1,42.14
3044,35,480,2024-12-22,2,76.3
3045,15,198,2024-08-23,3,67.14
3046,472,394,2024-12-22,1,27.15
3047,217,211,2024-11-07,2,32.38
3048,283,162,2024-11-25,3,146.52
3049,380,347,2024-09-21,1,6.1
3050,126,170,2024-01-30,5,56.4
3051,217,491,2024-12-07,1,14.87
3052,289,299,2024-07-30,6,169.14
3053,196,156,2024-06-06,1,31.68
3054,17,213,2024-12-05,1,6.79
3055,446,322,2024-07-18,2,52.98
3056,408,500,2024-11-29,1,15.94
3057,141,70,2024-12-04,6,140.7
3058,13,301,2024-08-25,3,64.98
3059,491,94,2024-12-19,2,33.72
3060,480,177,2024-08-22,6,217.2
3061,48,70,2024-12-03,3,70.35
3062,131,493,2024-12-04,3,84.24
3063,378,182,2024-11-26,3,71.28
3064,120,87,2024-01-29,2,69.68
3065,13,251,2024-09-17,2,17.74
3066,433,135,2024-10-23,2,30.26
3067,219,338,2024-01-24,1,10.17
3068,58,377,2024-03-30,3,119.37
3069,24,199,2024-04-16,1,42.81
3070,27,412,2024-11-11,2,19.66
3071,333,68,2024-07-23,7,206.85
3072,54,137,2024-09-16,1,26.33
3073,71,442,2024-11-26,2,96.96
3074,347,125,2024-11-26,1,32.41
3075,155,399,2024-03-26,1,14.34
3076,338,446,2024-11-24,6,206.94
3077,224,324,2024-10-31,5,230.4
3078,126,361,2024-03-04,1,39.75
3079,53,368,2024-12-06,7,312.2
3080,110,26,2024-11-08,4,84.2
3081,259,419,2024-10-07,1,9.28
3082,244,148,2024-10-06,4,49.0
3083,48,260,2024-12-15,1,49.59
3084,421,295,2024-04-05,8,229.28
3085,112,96,2024-11-03,5,62.75
3086,189,308,2024-05-13,2,41.5
3087,474,377,2024-04-09,1,39.79
3088,432,145,2024-12-22,4,90.12
3089,115,318,2024-02-12,4,160.44
3090,188,7,2024-11-29,8,349.04
3091,379,358,2024-06-25,3,21.54
3092,71,231,2024-02-09,2,18.74
3093,288,161,2024-07-10,2,43.2
3094,141,354,2024-05-06,2,42.18
3095,84,238,2024-08-30,5,244.85
3096,37,215,2024-03-24,7,176.12
3097,217,205,2024-11-13,2,11.66
3098,16,78,2024-11-29,3,39.21
3099,252,77,2024-02-13,1,44.28
3100,148,425,2024-08-06,7,169.61
3101,315,222,2024-05-16,2,59.18
3102,115,181,2024-08-22,8,309.84
3103,196,73,2024-06-16,1,21.23
3104,292,7,2024-11-14,7,305.41
3105,149,314,2024-06-10,1,9.59
3106,6,414,2024-05-24,3,67.65
3107,115,10,2024-09-16,2,49.26
3108,317,466,2024-04-11,5,185.85
3109,54,285,2024-12-16,2,55.3
3110,45,495,2024-11-29,2,40.62
3111,155,417,2024-12-08,5,233.05
3112,249,262,2024-08-01,6,126.12
3113,378,271,2024-03-11,2,44.16
3114,88,35,2024-12-31,2,63.62
3115,303,187,2024-11-09,5,114.9
3116,328,168,2024-05-21,2,28.26
3117,410,490,2024-09-26,2,25.76
3118,272,422,2024-10-18,5,229.55
3119,280,152,2024-12-20,4,187.08
3120,329,145,2024-04-26,1,22.53
3121,58,153,2024-11-28,1,8.05
3122,132,41,2024-01-21,2,86.18
3123,30,285,2024-12-15,1,27.65
3124,410,234,2024-06-30,1,7.15
3125,45,166,2024-08-06,7,77.14
3126,262,189,2024-12-18,1,13.65
3127,161,331,2024-07-01,2,30.72
3128,380,330,2024-10-25,1,32.02
3129,346,29,2024-09-29,4,124.48
3130,115,72,2024-08-30,1,46.54
3131,53,387,2024-12-08,2,94.84
3132,72,253,2024-02-11,2,23.32
3133,67,356,2024-07-26,1,25.65
3134,17,60,2024-11-15,4,140.56
3135,459,13,2024-05-02,1,14.04
3136,141,113,2024-05-02,4,25.52
3137,319,164,2024-12-05,2,83.66
3138,343,392,2024-11-01,1,35.52
3139,440,35,2024-11-14,1,31.81
3140,295,4,2024-04-19,2,87.04
3141,17,204,2024-12-17,1,26.52
3142,54,137,2024-12-24,3,78.99
3143,90,172,2024-03-07,1,36.82
3144,207,232,2024-07-21,1,9.62
3145,91,105,2024-10-17,1,30.02
3146,15,103,2024-11-24,4,173.0
3147,386,454,2024-06-23,3,28.68
3148,123,291,2024-08-21,6,46.62
3149,393,7,2024-04-01,1,43.63
3150,46,369,2024-06-16,2,45.3
3151,295,246,2024-10-06,3,22.29
3152,408,40,2024-12-28,3,77.91
3153,126,439,2024-12-20,1,16.0
3154,29,374,2024-01-15,3,72.78
3155,112,498,2024-02-07,2,21.76
3156,13,153,2024-02-14,4,32.2
3157,215,477,2024-06-09,7,193.97
3158,380,451,2024-12-04,7,39.41
3159,317,234,2024-01-03,5,35.75
3160,13,360,2024-09-09,3,148.02
3161,115,204,2024-11-07,3,79.56
3162,236,212,2024-08-27,1,18.69
3163,115,492,2024-12-22,4,176.28
3164,324,411,2024-05-16,1,15.03
3165,317,354,2024-12-07,2,42.18
3166,472,428,2024-10-28,5,113.65
3167,243,367,2024-11-26,5,146.6
3168,27,234,2024-07-20,5,35.75
3169,1,372,2024-07-29,3,53.19
3170,94,90,2024-11-12,3,49.68
3171,453,76,2024-12-25,5,206.65
3172,96,185,2024-08-18,8,175.84
3173,297,474,2024-05-05,2,93.68
3174,17,456,2024-11-28,1,20.11
3175,303,307,2024-12-21,2,28.86
3176,495,72,2024-11-28,8,372.32
3177,378,422,2024-12-13,2,91.82
3178,366,54,2024-08-02,3,134.34
3179,228,351,2024-09-06,4,139.92
3180,6,281,2024-03-24,7,114.38
3181,198,384,2024-11-08,2,67.84
3182,209,80,2024-03-21,5,174.2
3183,330,410,2024-04-01,1,44.33
3184,434,387,2024-02-10,2,94.84
3185,112,13,2024-09-04,1,14.04
3186,72,35,2024-04-27,1,31.81
3187,84,6,2024-07-12,3,19.68
3188,433,220,2024-07-07,3,49.53
3189,141,348,2024-10-19,2,25.24
3190,90,359,2024-06-01,2,56.38
3191,347,217,2024-11-25,3,106.14
3192,292,14,2024-06-22,2,12.08
3193,257,130,2024-11-03,2,13.28
3194,53,233,2024-11-23,2,20.78
3195,380,166,2024-10-16,2,22.04
3196,101,49,2024-12-07,1,49.5
3197,13,479,2024-12-25,2,76.54
3198,477,199,2024-04-09,5,214.05
3199,280,358,2024-11-09,2,14.36
3200,17,21,2024-08-28,1,47.13
3201,72,102,2024-03-05,2,80.44
3202,48,396,2024-07-24,2,44.68
3203,300,118,2024-05-28,4,22.08
3204,347,85,2024-12-04,1,19.43
3205,13,225,2024-12-19,2,72.08
3206,382,460,2024-07-23,3,107.64
3207,380,143,2024-03-16,2,87.3
3208,187,450,2024-02-03,7,320.25
3209,466,465,2024-07-30,6,149.58
3210,488,96,2024-01-03,3,37.65
3211,458,135,2024-12-12,2,30.26
3212,108,60,2024-10-19,3,105.42
3213,52,6,2024-03-05,2,13.12
3214,88,300,2024-01-17,2,53.74
3215,466,441,2024-11-11,2,81.44
3216,265,110,2024-11-16,1,30.15
3217,72,75,2024-10-18,3,141.33
3218,115,245,2024-03-25,2,32.12
3219,108,430,2024-09-08,3,35.7
3220,115,386,2024-12-14,2,12.72
3221,112,344,2024-11-01,4,158.52
3222,228,384,2024-08-27,6,203.52
3223,93,331,2024-12-17,5,76.8
3224,56,255,2024-05-17,4,98.04
3225,469,44,2024-01-03,4,54.2
3226,356,143,2024-11-02,2,87.3
3227,338,156,2024-11-30,5,158.4
3228,246,262,2024-12-28,2,42.04
3229,465,473,2024-12-19,3,90.78
3230,245,173,2024-11-05,1,6.07
3231,115,129,2024-06-17,3,122.22
3232,352,117,2024-12-20,2,29.74
3233,112,179,2024-12-19,8,385.68
3234,103,143,2024-06-22,1,43.65
3235,303,411,2024-10-25,4,60.12
3236,422,284,2024-11-12,2,30.42
3237,280,371,2024-10-06,4,69.6
3238,444,94,2024-05-20,6,101.16
3239,277,368,2024-07-13,1,44.6
3240,90,311,2024-09-05,1,32.28
3241,62,2,2024-07-18,1,35.8
3242,211,479,2024-05-16,10,382.7
3243,129,102,2024-05-19,1,40.22
3244,457,244,2024-10-16,2,14.74
3245,379,390,2024-03-04,5,199.8
3246,457,281,2024-12-09,2,32.68
3247,135,105,2024-02-24,1,30.02
3248,444,320,2024-02-04,4,20.28
3249,488,385,2024-05-08,1,27.25
3250,13,284,2024-12-05,3,45.63
3251,32,105,2024-04-27,2,60.04
3252,121,415,2024-04-19,2,59.02
3253,434,236,2024-12-08,3,32.34
3254,347,2,2024-12-09,1,35.8
3255,40,229,2024-09-20,1,20.46
3256,182,227,2024-02-23,1,38.17
3257,24,12,2024-12-25,2,54.86
3258,167,405,2024-12-16,5,37.1
3259,43,430,2024-01-17,2,23.8
3260,19,87,2024-03-03,4,139.36
3261,410,128,2024-06-13,4,96.16
3262,245,492,2024-07-29,1,44.07
3263,115,232,2024-05-23,4,38.48
3264,28,11,2024-09-12,2,71.9
3265,168,131,2024-12-03,2,54.56
3266,265,81,2024-12-09,1,44.19
3267,396,415,2024-10-20,1,29.51
3268,123,47,2024-07-02,4,81.48
3269,126,129,2024-10-18,1,40.74
3270,303,440,2024-08-10,2,54.84
3271,393,86,2024-04-14,2,51.02
3272,492,336,2024-02-02,4,96.32
3273,48,148,2024-12-24,2,24.5
3274,58,414,2024-12-08,8,180.4
3275,347,138,2024-02-25,5,123.85
3276,448,390,2024-03-15,2,79.92
3277,4,403,2024-09-06,1,15.01
3278,13,257,2024-11-17,2,42.28
3279,244,80,2024-03-02,5,174.2
3280,496,401,2024-10-12,1,31.72
3281,408,83,2024-04-04,3,26.82
3282,45,1,2024-02-13,1,21.34
3283,65,282,2024-08-25,2,76.38
3284,366,182,2024-09-21,4,95.04
3285,432,269,2024-12-13,7,231.56
3286,380,106,2024-12-05,1,29.58
3287,105,196,2024-12-04,2,13.38
3288,58,111,2024-06-07,2,80.58
3289,303,333,2024-03-28,4,111.04
3290,228,463,2024-03-29,2,23.98
3291,1,452,2024-08-15,1,40.78
3292,303,460,2024-12-08,3,107.64
3293,235,466,2024-07-12,2,74.34
3294,453,182,2024-07-20,5,118.8
3295,266,35,2024-01-28,2,63.62
3296,58,52,2024-12-06,1,16.53
3297,342,112,2024-05-01,3,24.06
3298,223,178,2024-08-11,3,83.67
3299,280,453,2024-02-17,2,97.1
3300,436,374,2024-11-02,4,97.04
3301,19,170,2024-12-05,3,33.84
3302,303,73,2024-11-09,4,84.92
3303,64,113,2024-10-09,1,6.38
3304,122,292,2024-12-07,1,26.94
3305,431,291,2024-12-14,1,7.77
3306,17,440,2024-01-03,1,27.42
3307,242,469,2024-11-08,9,209.25
3308,222,416,2024-08-03,6,294.6
3309,244,490,2024-12-28,7,90.16
3310,297,324,2024-09-29,3,138.24
3311,367,350,2024-11-27,1,31.67
3312,13,223,2024-12-08,2,13.04
3313,87,27,2024-08-16,7,294.98
3314,217,285,2024-12-04,1,27.65
3315,233,464,2024-12-08,1,38.54
3316,106,381,2024-09-12,2,21.2
3317,17,320,2024-06-08,2,10.14
3318,126,224,2024-02-11,2,84.3
3319,163,481,2024-07-01,2,21.1
3320,68,302,2024-08-16,1,28.67
3321,17,173,2024-05-08,1,6.07
3322,347,43,2024-07-03,1,47.39
3323,298,460,2024-03-14,1,35.88
3324,217,27,2024-11-21,1,42.14
3325,27,348,2024-03-27,3,37.86
3326,378,21,2024-06-19,1,47.13
3327,378,21,2024-02-19,3,141.39
3328,52,422,2024-04-06,10,459.1
3329,384,37,2024-10-20,5,65.4
3330,230,81,2024-02-20,3,132.57
3331,294,353,2024-02-20,1,46.97
3332,253,415,2024-06-06,2,59.02
3333,80,215,2024-06-21,5,125.8
3334,206,108,2024-12-10,1,25.38
3335,115,301,2024-03-03,5,108.3
3336,217,371,2024-12-05,1,17.4
3337,155,368,2024-11-19,2,89.2
3338,445,374,2024-12-22,3,72.78
3339,380,187,2024-04-16,1,22.98
3340,432,200,2024-02-02,1,9.96
3341,493,231,2024-10-13,1,9.37
3342,249,491,2024-12-14,6,89.22
3343,17,489,2024-11-01,1,34.02
3344,217,22,2024-12-11,6,235.38
3345,60,465,2024-10-31,1,24.93
3346,379,365,2024-01-01,2,21.28
3347,274,396,2024-06-04,5,111.7
3348,331,141,2024-04-11,2,98.84
3349,131,223,2024-12-20,4,26.08
3350,431,149,2024-01-31,2,34.18
3351,58,209,2024-01-11,3,146.01
3352,119,476,2024-02-27,2,78.84
3353,249,428,2024-09-30,3,68.19
3354,380,419,2024-06-21,1,9.28
3355,328,272,2024-05-09,1,5.16
3356,70,2,2024-12-08,2,71.6
3357,405,417,2024-11-09,6,279.66
3358,433,394,2024-01-28,3,81.45
3359,402,339,2024-12-07,3,130.53
3360,47,288,2024-12-30,4,111.64
3361,150,41,2024-10-01,2,86.18
3362,45,477,2024-08-04,4,110.84
3363,375,213,2024-10-22,1,6.79
3364,53,392,2024-11-12,7,248.64
3365,72,40,2024-09-18,9,233.73
3366,434,34,2024-12-01,4,65.96
3367,48,59,2024-12-31,4,104.0
3368,403,239,2024-08-27,2,89.02
3369,378,183,2024-10-26,4,61.6
3370,427,484,2024-07-07,1,37.51
3371,378,33,2024-12-26,1,35.06
3372,404,100,2024-09-23,2,99.78
3373,338,437,2024-10-01,2,88.58
3374,83,109,2024-03-17,1,8.54
3375,115,500,2024-08-19,10,159.4
3376,304,286,2024-10-30,4,33.16
3377,141,19,2024-10-07,2,22.62
3378,3,333,2024-06-22,2,55.52
3379,232,44,2024-01-11,1,13.55
3380,457,304,2024-09-25,1,13.48
3381,338,62,2024-12-24,3,79.02
3382,4,160,2024-12-11,2,68.96
3383,126,481,2024-01-04,2,21.1
3384,23,79,2024-03-09,1,32.48
3385,39,39,2024-12-17,2,21.98
3386,207,168,2024-07-01,1,14.13
3387,347,186,2024-03-17,1,41.33
3388,280,94,2024-11-11,3,50.58
3389,185,160,2024-02-02,5,172.4
3390,378,416,2024-09-28,4,196.4
3391,189,465,2024-12-18,3,74.79
3392,141,160,2024-12-25,6,206.88
3393,126,71,2024-10-09,1,38.5
3394,261,22,2024-10-04,2,78.46
3395,17,303,2024-09-09,7,45.99
3396,16,95,2024-05-11,3,148.59
3397,58,241,2024-12-21,1,14.06
3398,342,123,2024-04-27,9,338.4
3399,112,253,2024-09-09,2,23.32
3400,46,99,2024-04-22,5,234.65
3401,103,467,2024-03-19,3,41.46
3402,280,362,2024-10-29,2,58.86
3403,91,303,2024-08-04,1,6.57
3404,280,496,2024-03-06,3,131.25
3405,141,375,2024-01-08,1,34.15
3406,457,295,2024-12-09,1,28.66
3407,58,212,2024-03-23,1,18.69
3408,280,445,2024-03-24,2,27.22
3409,185,228,2024-07-17,3,92.25
3410,198,97,2024-03-13,5,228.7
3411,288,486,2024-11-16,1,19.13
3412,17,32,2024-01-15,4,86.24
3413,196,105,2024-11-17,2,60.04
3414,48,219,2024-03-09,4,83.6
3415,210,179,2024-11-03,2,96.42
3416,185,430,2024-04-28,2,23.8
3417,170,464,2024-04-08,1,38.54
3418,377,486,2024-10-13,3,57.39
3419,356,268,2024-03-09,1,8.1
3420,393,383,2024-12-17,2,84.34
3421,434,461,2024-12-04,1,9.6
3422,454,439,2024-11-22,3,48.0
3423,309,271,2024-09-06,1,22.08
3424,449,215,2024-06-23,3,75.48
3425,433,370,2024-04-04,4,175.64
3426,272,322,2024-11-19,2,52.98
3427,107,50,2024-10-19,2,74.0
3428,141,440,2024-12-11,2,54.84
3429,299,117,2024-05-11,2,29.74
3430,477,459,2024-11-04,1,35.77
3431,105,274,2024-01-15,10,488.0
3432,176,368,2024-11-18,1,44.6
3433,380,132,2024-04-04,1,20.46
3434,199,458,2024-03-09,1,37.28
3435,53,413,2024-05-04,1,10.35
3436,434,23,2024-11-25,2,77.1
3437,328,475,2024-04-25,5,238.8
3438,297,52,2024-04-14,1,16.53
3439,328,219,2024-12-09,3,62.7
3440,17,14,2024-11-18,4,24.16
3441,185,99,2024-09-22,1,46.93
3442,48,101,2024-11-24,5,242.45
3443,197,116,2024-06-02,3,125.46
3444,15,188,2024-11-24,3,60.42
3445,156,79,2024-06-22,3,97.44
3446,328,88,2024-03-13,2,80.44
3447,128,56,2024-11-29,1,7.87
3448,457,223,2024-02-14,1,6.52
3449,451,453,2024-05-17,3,145.65
3450,44,454,2024-12-29,2,19.12
3451,481,111,2024-10-22,7,282.03
3452,184,143,2024-10-26,2,87.3
3453,13,101,2024-12-26,2,96.98
3454,53,448,2024-09-30,3,18.78
3455,123,378,2024-03-02,4,24.04
3456,65,466,2024-03-16,3,111.51
3457,362,93,2024-11-02,2,34.86
3458,126,261,2024-03-30,5,71.25
3459,446,43,2024-02-18,2,94.78
3460,438,70,2024-05-11,5,117.25
3461,15,72,2024-08-27,5,232.7
3462,217,320,2024-10-17,2,10.14
3463,493,236,2024-10-03,1,10.78
3464,380,392,2024-12-01,1,35.52
3465,380,43,2024-11-01,2,94.78
3466,378,43,2024-11-19,3,142.17
3467,414,332,2024-11-15,2,98.16
3468,13,369,2024-11-20,1,22.65
3469,329,331,2024-07-04,1,15.36
3470,217,308,2024-03-18,3,62.25
3471,72,78,2024-05-17,1,13.07
3472,141,161,2024-08-26,2,43.2
3473,141,307,2024-07-01,1,14.43
3474,474,326,2024-12-13,2,30.3
3475,217,208,2024-09-17,2,50.0
3476,121,262,2024-07-26,1,21.02
3477,393,421,2024-11-12,1,40.05
3478,141,321,2024-11-18,2,48.64
3479,460,236,2024-05-20,3,32.34
3480,383,95,2024-01-20,1,49.53
3481,280,444,2024-11-30,2,25.46
3482,391,379,2024-03-18,1,5.7
3483,48,281,2024-05-28,7,114.38
3484,112,194,2024-12-17,4,135.52
3485,88,125,2024-10-13,1,32.41
3486,189,372,2024-11-20,1,17.73
3487,26,209,2024-11-24,1,48.67
3488,45,189,2024-12-25,4,54.6
3489,393,492,2024-07-04,4,176.28
3490,51,150,2024-12-27,7,223.65
3491,7,388,2024-03-31,1,26.62
3492,123,370,2024-04-26,3,131.73
3493,112,492,2024-11-10,5,220.35
3494,18,158,2024-11-16,2,49.38
3495,395,259,2024-06-19,6,86.88
3496,356,124,2024-05-04,3,81.3
3497,297,372,2024-04-09,8,141.84
3498,338,20,2024-12-02,1,48.13
3499,155,105,2024-12-10,6,180.12
3500,112,425,2024-11-12,2,48.46
3501,65,373,2025-12-04,1,39.09
3502,211,270,2025-03-04,2,26.34
3503,272,124,2025-03-02,3,81.3
3504,45,208,2025-04-07,3,75.0
3505,380,371,2025-01-14,1,17.4
3506,331,255,2025-11-25,4,98.04
3507,319,440,2025-07-15,2,54.84
3508,328,6,2025-12-29,6,39.36
3509,380,301,2025-01-26,1,21.66
3510,374,474,2025-03-05,1,46.84
3511,310,136,2025-06-21,4,39.56
3512,114,470,2025-10-31,1,27.67
3513,474,69,2025-04-12,6,52.74
3514,280,446,2025-10-26,2,68.98
3515,453,116,2025-05-18,1,41.82
3516,303,388,2025-06-01,10,266.2
3517,386,311,2025-11-06,3,96.84
3518,163,173,2025-05-09,2,12.14
3519,453,67,2025-12-23,2,20.46
3520,27,323,2025-11-27,1,35.83
3521,66,220,2025-05-30,2,33.02
3522,53,60,2025-01-23,4,140.56
3523,141,484,2025-12-31,1,37.51
3524,379,200,2025-09-07,2,19.92
3525,13,198,2025-11-25,1,22.38
3526,110,52,2025-06-24,7,115.71
3527,311,27,2025-05-11,5,210.7
3528,457,249,2025-04-19,3,98.85
3529,303,319,2025-11-21,1,42.61
3530,141,60,2025-05-24,1,35.14
3531,192,400,2025-01-17,1,34.57
3532,440,378,2025-08-22,6,36.06
3533,8,315,2025-01-08,4,171.6
3534,58,311,2025-11-15,5,161.4
3535,115,412,2025-12-19,1,9.83
3536,205,131,2025-12-23,3,81.84
3537,494,320,2025-11-23,7,35.49
3538,11,446,2025-10-26,4,137.96
3539,214,46,2025-09-20,6,199.02
3540,34,327,2025-09-12,7,149.8
3541,453,11,2025-06-04,4,143.8
3542,112,489,2025-09-26,1,34.02
3543,294,151,2025-04-25,4,135.48
3544,464,492,2025-07-19,7,308.49
3545,253,80,2025-11-18,2,69.68
3546,380,329,2025-11-29,2,76.98
3547,123,267,2025-06-24,3,112.47
3548,379,333,2025-11-30,1,27.76
3549,468,388,2025-03-29,1,26.62
3550,333,492,2025-05-01,2,88.14
3551,479,313,2025-12-29,2,94.32
3552,217,208,2025-11-26,3,75.0
3553,88,48,2025-11-14,4,98.8
3554,72,473,2025-07-14,5,151.3
3555,347,345,2025-08-14,5,129.45
3556,390,161,2025-11-26,3,64.8
3557,112,398,2025-11-09,1,33.41
3558,393,436,2025-05-26,2,31.8
3559,17,245,2025-01-01,4,64.24
3560,161,308,2025-11-17,2,41.5
3561,457,427,2025-02-02,8,144.0
3562,112,417,2025-04-03,3,139.83
3563,141,485,2025-12-01,1,23.16
3564,378,151,2025-10-09,3,101.61
3565,208,209,2025-11-02,4,194.68
3566,180,329,2025-09-28,2,76.98
3567,60,139,2025-11-08,1,35.4
3568,52,84,2025-08-10,1,44.59
3569,84,391,2025-12-24,5,167.1
3570,58,285,2025-10-12,4,110.6
3571,256,473,2025-08-21,2,60.52
3572,115,394,2025-04-23,4,108.6
3573,401,135,2025-12-22,1,15.13
3574,53,480,2025-04-08,1,38.15
3575,16,104,2025-06-30,2,21.12
3576,378,238,2025-03-18,1,48.97
3577,347,41,2025-12-06,3,129.27
3578,133,122,2025-03-25,5,153.75
3579,307,280,2025-06-15,3,50.34
3580,192,39,2025-03-07,6,65.94
3581,126,372,2025-06-19,8,141.84
3582,67,151,2025-06-05,2,67.74
3583,207,28,2025-02-09,1,37.51
3584,74,241,2025-05-04,2,28.12
3585,316,342,2025-12-24,2,34.22
3586,17,328,2025-02-27,1,10.26
3587,48,53,2025-12-18,3,87.84
3588,16,294,2025-12-14,2,85.06
3589,169,120,2025-08-24,4,192.12
3590,415,125,2025-05-27,5,162.05
3591,71,210,2025-04-22,1,40.93
3592,13,253,2025-11-24,4,46.64
3593,83,349,2025-11-14,6,266.16
3594,83,441,2025-08-02,7,285.04
3595,217,441,2025-07-25,4,162.88
3596,303,44,2025-01-18,3,40.65
3597,44,346,2025-05-12,1,9.97
3598,27,8,2025-11-22,4,195.96
3599,187,208,2025-08-04,3,75.0
3600,16,38,2025-09-25,9,148.23
3601,141,286,2025-09-15,3,24.87
3602,420,148,2025-05-14,4,49.0
3603,380,436,2025-12-05,2,31.8
3604,123,340,2025-10-24,5,249.9
3605,408,260,2025-11-23,8,396.72
3606,444,434,2025-06-20,4,182.32
3607,378,146,2025-10-21,2,29.0
3608,380,356,2025-08-31,3,76.95
3609,425,206,2025-12-08,2,76.02
3610,112,14,2025-09-22,7,42.28
3611,115,369,2025-07-03,3,67.95
3612,298,197,2025-08-18,2,86.06
3613,332,255,2025-09-14,4,98.04
3614,359,296,2025-12-11,1,11.49
3615,398,163,2025-01-21,3,57.33
3616,155,189,2025-10-22,1,13.65
3617,379,387,2025-01-29,10,474.2
3618,215,292,2025-10-22,1,26.94
3619,420,91,2025-04-29,4,111.28
3620,48,479,2025-07-09,2,76.54
3621,198,424,2025-07-05,5,202.5
3622,45,350,2025-10-21,2,63.34
3623,294,444,2025-05-13,7,89.11
3624,347,175,2025-12-19,2,65.7
3625,44,96,2025-11-30,2,25.1
3626,48,468,2025-12-16,7,214.13
3627,85,485,2025-12-06,3,69.48
3628,356,53,2025-05-17,1,29.28
3629,55,190,2025-08-18,2,76.72
3630,40,487,2025-08-09,5,196.3
3631,285,396,2025-10-25,3,67.02
3632,433,322,2025-05-07,3,79.47
3633,72,475,2025-12-27,5,238.8
3634,141,102,2025-10-06,2,80.44
3635,380,45,2025-10-09,5,127.45
3636,453,233,2025-06-11,1,10.39
3637,16,188,2025-04-07,3,60.42
3638,381,50,2025-07-24,1,37.0
3639,58,492,2025-12-02,3,132.21
3640,457,146,2025-03-28,7,101.5
3641,48,234,2025-01-12,2,14.3
3642,374,243,2025-12-23,3,26.61
3643,263,4,2025-12-25,1,43.52
3644,459,439,2025-12-17,4,64.0
3645,297,286,2025-12-30,5,41.45
3646,206,443,2025-07-02,4,176.2
3647,414,227,2025-11-15,1,38.17
3648,444,262,2025-03-23,2,42.04
3649,338,376,2025-11-18,3,87.78
3650,56,92,2025-11-11,2,68.42
3651,378,416,2025-10-04,3,147.3
3652,328,452,2025-01-30,1,40.78
3653,123,301,2025-06-21,3,64.98
3654,457,410,2025-12-05,2,88.66
3655,338,247,2025-04-11,1,24.42
3656,48,350,2025-10-18,1,31.67
3657,32,198,2025-12-17,3,67.14
3658,294,217,2025-08-16,2,70.76
3659,453,330,2025-08-31,2,64.04
3660,357,379,2025-03-28,4,22.8
3661,72,270,2025-05-31,1,13.17
3662,347,378,2025-11-26,1,6.01
3663,303,450,2025-03-20,5,228.75
3664,115,194,2025-06-03,4,135.52
3665,230,251,2025-09-14,1,8.87
3666,399,85,2025-08-01,4,77.72
3667,213,91,2025-11-22,4,111.28
3668,230,383,2025-08-11,8,337.36
3669,22,80,2025-05-05,5,174.2
3670,53,262,2025-06-20,5,105.1
3671,449,124,2025-11-13,4,108.4
3672,173,492,2025-09-06,1,44.07
3673,386,102,2025-02-22,2,80.44
3674,112,490,2025-04-19,5,64.4
3675,480,466,2025-04-05,3,111.51
3676,347,376,2025-12-31,2,58.52
3677,148,121,2025-12-03,3,127.41
3678,39,360,2025-12-11,8,394.72
3679,324,164,2025-12-18,3,125.49
3680,231,378,2025-07-16,4,24.04
3681,196,127,2025-04-13,7,81.62
3682,313,313,2025-05-09,4,188.64
3683,171,2,2025-12-20,1,35.8
3684,297,127,2025-02-02,3,34.98
3685,312,369,2025-11-30,1,22.65
3686,303,297,2025-12-11,7,249.55
3687,217,15,2025-09-05,5,119.15
3688,39,204,2025-02-26,4,106.08
3689,16,20,2025-02-07,6,288.78
3690,236,266,2025-09-20,2,66.58
3691,110,355,2025-07-22,4,32.4
3692,107,95,2025-07-17,1,49.53
3693,141,104,2025-12-26,1,10.56
3694,378,418,2025-05-13,3,95.64
3695,115,178,2025-06-15,5,139.45
3696,488,461,2025-04-24,6,57.6
3697,16,399,2025-11-21,6,86.04
3698,13,48,2025-11-22,2,49.4
3699,346,99,2025-10-24,1,46.93
3700,116,241,2025-12-19,1,14.06
3701,457,75,2025-08-20,2,94.22
3702,302,81,2025-11-04,1,44.19
3703,100,239,2025-11-15,4,178.04
3704,53,60,2025-03-25,1,35.14
3705,141,62,2025-03-06,3,79.02
3706,391,390,2025-03-11,2,79.92
3707,386,19,2025-12-24,1,11.31
3708,407,7,2025-07-07,3,130.89
3709,148,398,2025-12-26,2,66.82
3710,347,47,2025-11-06,1,20.37
3711,381,72,2025-11-21,6,279.24
3712,45,77,2025-09-11,3,132.84
3713,112,359,2025-01-27,5,140.95
3714,115,415,2025-06-13,4,118.04
3715,485,306,2025-11-07,2,87.84
3716,58,398,2025-10-27,1,33.41
3717,112,218,2025-03-09,7,37.52
3718,26,391,2025-09-13,6,200.52
3719,72,455,2025-01-31,4,108.12
3720,126,217,2025-03-16,1,35.38
3721,305,143,2025-08-18,1,43.65
3722,378,221,2025-02-24,2,49.62
3723,280,441,2025-07-05,1,40.72
3724,71,134,2025-12-11,7,250.04
3725,328,114,2025-12-21,4,29.12
3726,280,9,2025-01-02,3,42.99
3727,475,469,2025-07-16,4,93.0
3728,26,319,2025-07-26,1,42.61
3729,2,146,2025-11-12,2,29.0
3730,347,71,2025-05-16,5,192.5
3731,141,285,2025-07-04,1,27.65
3732,380,107,2025-11-04,1,19.85
3733,123,52,2025-11-18,2,33.06
3734,17,217,2025-12-16,2,70.76
3735,27,230,2025-09-26,1,6.1
3736,333,361,2025-12-04,1,39.75
3737,205,53,2025-08-14,1,29.28
3738,141,417,2025-05-03,5,233.05
3739,296,154,2025-09-09,1,17.44
3740,13,9,2025-03-07,3,42.99
3741,311,229,2025-09-17,2,40.92
3742,15,62,2025-05-01,3,79.02
3743,272,311,2025-12-26,2,64.56
3744,90,430,2025-12-15,2,23.8
3745,198,300,2025-12-03,1,26.87
3746,257,10,2025-03-28,1,24.63
3747,347,160,2025-07-14,8,275.84
3748,457,26,2025-01-03,2,42.1
3749,432,20,2025-08-30,1,48.13
3750,445,35,2025-10-18,5,159.05
3751,121,294,2025-11-23,1,42.53
3752,289,402,2025-12-03,1,21.38
3753,189,332,2025-10-02,5,245.4
3754,391,253,2025-12-13,3,34.98
3755,172,351,2025-04-19,1,34.98
3756,453,53,2025-10-24,2,58.56
3757,279,147,2025-02-07,7,316.4
3758,243,426,2025-09-08,1,32.82
3759,357,343,2025-04-24,3,129.09
3760,188,414,2025-09-04,1,22.55
3761,153,435,2025-12-06,9,249.84
3762,126,264,2025-01-15,2,41.02
3763,53,211,2025-12-04,1,16.19
3764,375,49,2025-11-01,5,247.5
3765,378,121,2025-09-26,2,84.94
3766,330,454,2025-10-17,10,95.6
3767,457,43,2025-12-29,8,379.12
3768,327,321,2025-11-18,3,72.96
3769,72,497,2025-11-01,2,48.2
3770,303,83,2025-05-18,4,35.76
3771,370,263,2025-12-12,4,39.16
3772,7,225,2025-12-17,7,252.28
3773,375,277,2025-02-01,1,33.21
3774,48,432,2025-08-03,1,8.84
3775,53,392,2025-06-13,3,106.56
3776,316,346,2025-03-29,5,49.85
3777,136,287,2025-04-22,6,241.14
3778,262,341,2025-11-13,3,58.77
3779,280,133,2025-10-08,6,125.76
3780,311,219,2025-10-04,1,20.9
3781,285,146,2025-10-06,3,43.5
3782,163,371,2025-09-08,2,34.8
3783,74,94,2025-12-19,1,16.86
3784,54,428,2025-10-14,3,68.19
3785,150,14,2025-05-09,1,6.04
3786,58,79,2025-03-15,3,97.44
3787,311,297,2025-03-30,4,142.6
3788,430,65,2025-07-18,1,22.7
3789,294,137,2025-12-25,2,52.66
3790,141,451,2025-08-20,2,11.26
3791,387,228,2025-07-05,3,92.25
3792,115,46,2025-01-27,1,33.17
3793,408,184,2025-12-19,3,15.75
3794,15,366,2025-10-06,2,26.2
3795,328,175,2025-08-14,1,32.85
3796,455,262,2025-12-11,1,21.02
3797,17,185,2025-12-01,6,131.88
3798,230,64,2025-06-05,3,72.3
3799,112,357,2025-10-28,1,11.85
3800,115,241,2025-09-13,4,56.24
3801,115,396,2025-12-24,2,44.68
3802,430,323,2025-10-19,1,35.83
3803,79,237,2025-12-01,5,202.15
3804,121,212,2025-05-15,2,37.38
3805,206,319,2025-11-27,1,42.61
3806,429,217,2025-07-09,3,106.14
3807,67,357,2025-11-08,3,35.55
3808,481,160,2025-12-13,3,103.44
3809,230,161,2025-06-19,5,108.0
3810,48,30,2025-03-05,5,152.9
3811,29,456,2025-12-08,3,60.33
3812,134,350,2025-02-03,4,126.68
3813,452,414,2025-10-25,2,45.1
3814,280,52,2025-05-23,2,33.06
3815,22,249,2025-07-02,1,32.95
3816,148,414,2025-10-19,1,22.55
3817,141,151,2025-10-06,6,203.22
3818,456,315,2025-11-09,2,85.8
3819,165,135,2025-02-26,1,15.13
3820,136,443,2025-12-11,2,88.1
3821,13,293,2025-06-29,2,35.86
3822,112,401,2025-11-08,2,63.44
3823,356,133,2025-07-08,4,83.84
3824,48,395,2025-11-28,2,68.1
3825,163,310,2025-02-13,3,143.76
3826,140,83,2025-02-23,5,44.7
3827,203,220,2025-03-06,8,132.08
3828,80,69,2025-10-10,4,35.16
3829,378,91,2025-07-04,1,27.82
3830,326,418,2025-02-28,7,223.16
3831,115,4,2025-09-13,4,174.08
3832,359,203,2025-01-16,2,54.44
3833,378,89,2025-09-07,3,44.16
3834,58,477,2025-06-30,5,138.55
3835,187,437,2025-12-14,1,44.29
3836,457,471,2025-02-24,1,45.38
3837,265,176,2025-05-24,1,16.11
3838,399,25,2025-10-13,2,17.1
3839,356,136,2025-11-06,7,69.23
3840,458,356,2025-03-22,4,102.6
3841,88,25,2025-12-12,1,8.55
3842,27,147,2025-05-21,3,135.6
3843,72,58,2025-03-07,1,34.54
3844,207,395,2025-12-15,2,68.1
3845,378,231,2025-11-16,2,18.74
3846,453,331,2025-11-08,3,46.08
3847,112,445,2025-08-01,5,68.05
3848,72,460,2025-11-27,2,71.76
3849,115,311,2025-10-02,4,129.12
3850,44,366,2025-12-09,3,39.3
3851,123,167,2025-10-26,4,144.08
3852,123,170,2025-03-20,5,56.4
3853,347,264,2025-01-28,1,20.51
3854,56,264,2025-08-17,6,123.06
3855,60,131,2025-06-06,1,27.28
3856,145,28,2025-06-09,5,187.55
3857,115,244,2025-09-12,3,22.11
3858,347,8,2025-11-18,3,146.97
3859,71,124,2025-12-24,3,81.3
3860,349,339,2025-09-17,1,43.51
3861,483,297,2025-07-20,2,71.3
3862,115,157,2025-09-05,10,191.7
3863,266,54,2025-09-05,1,44.78
3864,243,19,2025-03-13,5,56.55
3865,28,364,2025-12-18,1,43.82
3866,456,333,2025-12-27,1,27.76
3867,483,406,2025-09-08,1,35.79
3868,439,256,2025-12-22,1,36.86
3869,480,108,2025-03-29,9,228.42
3870,456,474,2025-09-02,1,46.84
3871,58,95,2025-01-04,1,49.53
3872,371,198,2025-01-23,2,44.76
3873,339,431,2025-01-01,3,58.44
3874,269,367,2025-09-26,2,58.64
3875,112,191,2025-02-10,2,84.38
3876,317,460,2025-02-24,3,107.64
3877,378,302,2025-10-21,2,57.34
3878,441,329,2025-08-14,1,38.49
3879,289,427,2025-07-19,3,54.0
3880,58,235,2025-01-24,5,78.3
3881,60,484,2025-04-12,2,75.02
3882,72,170,2025-07-27,1,11.28
3883,50,217,2025-07-29,1,35.38
3884,356,154,2025-12-13,5,87.2
3885,228,145,2025-11-29,1,22.53
3886,121,396,2025-06-13,3,67.02
3887,469,390,2025-10-12,1,39.96
3888,303,194,2025-04-18,2,67.76
3889,46,311,2025-10-06,2,64.56
3890,459,285,2025-05-14,2,55.3
3891,279,401,2025-03-17,3,95.16
3892,149,93,2025-07-19,2,34.86
3893,18,12,2025-09-29,3,82.29
3894,45,221,2025-01-03,6,148.86
3895,371,296,2025-06-28,3,34.47
3896,378,284,2025-07-10,5,76.05
3897,356,479,2025-12-19,1,38.27
3898,344,161,2025-08-11,8,172.8
3899,53,344,2025-08-10,4,158.52
3900,72,50,2025-07-06,2,74.0
3901,54,48,2025-10-05,3,74.1
3902,88,91,2025-12-14,1,27.82
3903,72,231,2025-08-17,1,9.37
3904,187,370,2025-12-29,4,175.64
3905,448,178,2025-03-27,3,83.67
3906,71,223,2025-12-02,4,26.08
3907,280,433,2025-12-05,5,110.45
3908,58,481,2025-01-19,4,42.2
3909,333,210,2025-07-30,1,40.93
3910,45,143,2025-04-27,5,218.25
3911,464,313,2025-04-06,2,94.32
3912,126,46,2025-11-01,2,66.34
3913,48,83,2025-12-17,3,26.82
3914,127,38,2025-05-05,2,32.94
3915,6,4,2025-12-26,2,87.04
3916,115,47,2025-06-18,1,20.37
3917,232,454,2025-01-06,5,47.8
3918,112,219,2025-10-11,1,20.9
3919,175,28,2025-11-08,5,187.55
3920,72,415,2025-01-15,2,59.02
3921,276,132,2025-01-31,6,122.76
3922,329,294,2025-10-29,4,170.12
3923,228,416,2025-06-10,3,147.3
3924,452,294,2025-09-14,1,42.53
3925,375,143,2025-06-20,7,305.55
3926,53,492,2025-07-24,3,132.21
3927,324,413,2025-12-16,2,20.7
3928,72,19,2025-04-25,1,11.31
3929,84,114,2025-06-18,3,21.84
3930,379,225,2025-12-07,1,36.04
3931,217,216,2025-12-11,2,49.26
3932,164,20,2025-05-18,4,192.52
3933,432,457,2025-10-08,1,28.22
3934,48,163,2025-04-10,5,95.55
3935,325,208,2025-12-30,6,150.0
3936,186,418,2025-06-02,2,63.76
3937,195,318,2025-02-12,2,80.22
3938,15,290,2025-12-06,1,43.81
3939,163,462,2025-10-18,4,196.92
3940,26,375,2025-08-23,1,34.15
3941,347,487,2025-03-08,1,39.26
3942,53,308,2025-11-13,9,186.75
3943,184,350,2025-06-10,2,63.34
3944,13,208,2025-04-21,4,100.0
3945,88,358,2025-05-27,7,50.26
3946,378,342,2025-12-29,1,17.11
3947,478,183,2025-06-26,5,77.0
3948,126,41,2025-03-14,2,86.18
3949,48,465,2025-12-30,5,124.65
3950,375,226,2025-10-22,3,81.66
3951,141,490,2025-01-10,5,64.4
3952,45,238,2025-08-07,3,146.91
3953,27,330,2025-06-24,1,32.02
3954,141,5,2025-11-03,9,98.55
3955,433,396,2025-11-07,4,89.36
3956,328,143,2025-12-04,2,87.3
3957,141,260,2025-12-14,3,148.77
3958,422,154,2025-05-03,3,52.32
3959,444,451,2025-12-21,3,16.89
3960,474,390,2025-12-12,4,159.84
3961,217,24,2025-11-11,2,65.48
3962,486,482,2025-02-16,3,95.88
3963,435,31,2025-07-14,1,21.23
3964,141,399,2025-07-09,3,43.02
3965,280,367,2025-08-09,6,175.92
3966,56,158,2025-04-28,3,74.07
3967,13,2,2025-07-08,2,71.6
3968,17,172,2025-11-28,2,73.64
3969,58,38,2025-10-27,2,32.94
3970,55,95,2025-06-05,1,49.53
3971,115,322,2025-05-19,1,26.49
3972,377,405,2025-11-05,1,7.42
3973,380,293,2025-02-01,1,17.93
3974,141,183,2025-07-22,1,15.4
3975,109,262,2025-12-18,1,21.02
3976,53,197,2025-12-04,2,86.06
3977,328,145,2025-03-30,6,135.18
3978,214,172,2025-12-30,4,147.28
3979,201,166,2025-09-18,5,55.1
3980,136,160,2025-02-19,1,34.48
3981,125,344,2025-12-08,5,198.15
3982,303,235,2025-01-23,2,31.32
3983,231,456,2025-02-15,1,20.11
3984,457,47,2025-01-15,5,101.85
3985,441,4,2025-05-25,1,43.52
3986,16,35,2025-12-04,2,63.62
3987,494,466,2025-11-17,2,74.34
3988,160,55,2025-07-04,4,109.28
3989,297,282,2025-04-12,3,114.57
3990,232,354,2025-12-19,8,168.72
3991,454,265,2025-11-13,1,46.6
3992,155,246,2025-12-11,2,14.86
3993,115,281,2025-10-07,8,130.72
3994,267,461,2025-03-30,1,9.6
3995,393,444,2025-06-29,1,12.73
3996,261,84,2025-09-06,1,44.59
3997,409,66,2025-04-10,3,84.87
3998,217,31,2025-05-22,1,21.23
3999,110,375,2025-08-09,1,34.15
4000,115,216,2025-09-04,8,197.04
4001,131,359,2025-09-23,1,28.19
4002,45,19,2025-10-01,3,33.93
4003,217,113,2025-05-23,5,31.9
4004,45,357,2025-07-12,5,59.25
4005,45,258,2025-11-02,1,9.95
4006,67,101,2025-01-09,1,48.49
4007,243,479,2025-02-23,5,191.35
4008,53,313,2025-06-29,2,94.32
4009,17,307,2025-02-01,1,14.43
4010,72,241,2025-11-24,1,14.06
4011,17,299,2025-01-31,4,112.76
4012,13,135,2025-03-26,1,15.13
4013,115,318,2025-09-09,2,80.22
4014,324,481,2025-09-26,1,10.55
4015,92,286,2025-08-12,6,49.74
4016,62,236,2025-07-30,7,75.46
4017,63,477,2025-01-08,1,27.71
4018,379,31,2025-11-12,2,42.46
4019,325,336,2025-11-09,1,24.08
4020,433,310,2025-07-07,4,191.68
4021,328,155,2025-09-12,3,149.88
4022,16,198,2025-08-05,1,22.38
4023,217,131,2025-03-10,1,27.28
4024,333,482,2025-03-27,3,95.88
4025,347,348,2025-05-05,2,25.24
4026,402,377,2025-12-02,2,79.58
4027,347,379,2025-12-20,3,17.1
4028,393,465,2025-10-24,5,124.65
4029,24,135,2025-10-22,1,15.13
4030,45,369,2025-11-29,8,181.2
4031,112,456,2025-12-31,2,40.22
4032,4,134,2025-09-08,7,250.04
4033,434,40,2025-01-23,1,25.97
4034,315,208,2025-12-17,1,25.0
4035,239,399,2025-05-28,4,57.36
4036,315,170,2025-09-09,4,45.12
4037,88,370,2025-11-24,4,175.64
4038,272,185,2025-10-31,8,175.84
4039,121,202,2025-09-28,2,24.52
4040,115,221,2025-11-13,1,24.81
4041,207,190,2025-02-11,1,38.36
4042,433,261,2025-01-11,1,14.25
4043,303,166,2025-11-20,4,44.08
4044,190,94,2025-07-10,1,16.86
4045,185,70,2025-01-28,1,23.45
4046,88,93,2025-10-04,2,34.86
4047,187,334,2025-05-22,2,71.36
4048,114,419,2025-11-06,1,9.28
4049,126,232,2025-12-07,3,28.86
4050,347,493,2025-11-08,6,168.48
4051,280,254,2025-01-21,7,297.99
4052,280,41,2025-12-05,2,86.18
4053,54,163,2025-02-18,1,19.11
4054,48,222,2025-12-09,6,177.54
4055,313,25,2025-08-09,1,8.55
4056,13,355,2025-12-28,2,16.2
4057,217,114,2025-12-27,6,43.68
4058,78,350,2025-03-14,2,63.34
4059,60,467,2025-08-04,1,13.82
4060,107,418,2025-12-21,1,31.88
4061,27,167,2025-09-01,3,108.06
4062,217,248,2025-01-01,5,234.95
4063,112,164,2025-03-10,2,83.66
4064,13,310,2025-04-14,2,95.84
4065,350,391,2025-11-04,2,66.84
4066,17,466,2025-11-16,1,37.17
4067,198,364,2025-07-12,1,43.82
4068,13,308,2025-04-24,3,62.25
4069,4,177,2025-10-16,1,36.2
4070,386,466,2025-10-27,1,37.17
4071,179,117,2025-10-25,3,44.61
4072,16,1,2025-09-20,1,21.34
4073,294,401,2025-11-27,2,63.44
4074,336,180,2025-07-03,8,200.72
4075,442,500,2025-02-02,2,31.88
4076,280,392,2025-07-16,2,71.04
4077,380,51,2025-12-13,1,46.3
4078,448,114,2025-07-12,6,43.68
4079,53,494,2025-09-06,5,33.3
4080,230,274,2025-12-14,5,244.0
4081,179,386,2025-08-11,1,6.36
4082,350,354,2025-12-31,9,189.81
4083,340,9,2025-04-23,3,42.99
4084,474,287,2025-06-05,10,401.9
4085,48,92,2025-09-23,4,136.84
4086,444,109,2025-02-06,2,17.08
4087,265,443,2025-07-27,4,176.2
4088,126,140,2025-10-18,2,62.98
4089,317,4,2025-05-27,2,87.04
4090,433,396,2025-12-31,1,22.34
4091,72,113,2025-03-29,4,25.52
4092,56,340,2025-11-17,2,99.96
4093,27,198,2025-11-22,1,22.38
4094,379,164,2025-11-02,1,41.83
4095,115,189,2025-04-21,1,13.65
4096,479,393,2025-05-03,6,264.0
4097,486,478,2025-07-01,3,106.38
4098,71,231,2025-07-07,2,18.74
4099,328,416,2025-04-16,1,49.1
4100,58,37,2025-07-06,3,39.24
4101,53,77,2025-02-24,2,88.56
4102,151,464,2025-09-25,7,269.78
4103,209,208,2025-09-21,1,25.0
4104,17,219,2025-08-03,2,41.8
4105,48,68,2025-02-20,2,59.1
4106,338,357,2025-11-15,3,35.55
4107,426,216,2025-10-21,2,49.26
4108,490,461,2025-12-31,6,57.6
4109,53,323,2025-04-20,4,143.32
4110,163,94,2025-04-17,1,16.86
4111,72,181,2025-03-19,5,193.65
4112,410,145,2025-08-13,3,67.59
4113,328,365,2025-12-16,1,10.64
4114,67,157,2025-12-15,2,38.34
4115,189,294,2025-07-13,2,85.06
4116,127,418,2025-06-03,1,31.88
4117,375,440,2025-07-02,2,54.84
4118,377,241,2025-05-11,1,14.06
4119,477,219,2025-07-09,3,62.7
4120,478,333,2025-08-04,2,55.52
4121,15,26,2025-07-11,3,63.15
4122,27,180,2025-11-06,1,25.09
4123,15,219,2025-08-22,1,20.9
4124,196,470,2025-12-20,2,55.34
4125,163,314,2025-12-25,2,19.18
4126,4,153,2025-07-14,8,64.4
4127,453,382,2025-12-31,1,33.19
4128,433,314,2025-11-26,1,9.59
4129,466,427,2025-10-08,4,72.0
4130,207,116,2025-05-15,3,125.46
4131,383,389,2025-07-01,3,76.17
4132,294,25,2025-09-05,3,25.65
4133,261,371,2025-03-24,7,121.8
4134,371,299,2025-11-18,5,140.95
4135,328,458,2025-05-04,4,149.12
4136,457,441,2025-02-06,2,81.44
4137,364,179,2025-06-29,1,48.21
4138,444,242,2025-11-12,5,168.95
4139,466,6,2025-11-02,1,6.56
4140,29,476,2025-07-10,1,39.42
4141,13,73,2025-05-02,6,127.38
4142,457,105,2025-03-25,4,120.08
4143,311,271,2025-12-28,4,88.32
4144,250,494,2025-06-11,1,6.66
4145,495,313,2025-12-03,1,47.16
4146,325,97,2025-11-18,1,45.74
4147,72,115,2025-07-03,7,196.84
4148,189,456,2025-01-07,1,20.11
4149,45,18,2025-03-22,5,197.35
4150,187,209,2025-08-06,1,48.67
4151,201,366,2025-06-22,3,39.3
4152,68,401,2025-11-26,5,158.6
4153,249,364,2025-01-26,4,175.28
4154,126,79,2025-12-13,6,194.88
4155,170,456,2025-10-16,1,20.11
4156,148,107,2025-04-02,5,99.25
4157,27,485,2025-05-26,1,23.16
4158,133,201,2025-09-09,2,74.5
4159,17,102,2025-06-28,1,40.22
4160,317,5,2025-03-26,1,10.95
4161,386,105,2025-07-04,5,150.1
4162,97,240,2025-04-09,2,99.8
4163,146,402,2025-03-29,2,42.76
4164,144,73,2025-01-28,4,84.92
4165,249,128,2025-06-27,6,144.24
4166,110,29,2025-05-12,1,31.12
4167,454,395,2025-12-24,1,34.05
4168,121,367,2025-05-07,6,175.92
4169,189,235,2025-01-18,1,15.66
4170,58,47,2025-10-24,2,40.74
4171,45,150,2025-04-26,1,31.95
4172,109,470,2025-07-29,5,138.35
4173,347,426,2025-09-24,6,196.92
4174,230,212,2025-11-11,1,18.69
4175,48,474,2025-10-28,1,46.84
4176,409,447,2025-10-08,6,217.5
4177,217,174,2025-11-21,2,75.66
4178,141,411,2025-04-11,7,105.21
4179,402,145,2025-06-13,4,90.12
4180,4,249,2025-11-05,1,32.95
4181,112,52,2025-09-03,1,16.53
4182,218,495,2025-01-17,2,40.62
4183,447,213,2025-06-23,5,33.95
4184,72,233,2025-01-30,5,51.95
4185,380,409,2025-08-23,3,64.68
4186,432,356,2025-03-04,2,51.3
4187,457,253,2025-11-29,1,11.66
4188,43,384,2025-12-31,1,33.92
4189,13,185,2025-08-06,5,109.9
4190,14,348,2025-03-06,2,25.24
4191,31,436,2025-10-21,7,111.3
4192,416,419,2025-11-01,1,9.28
4193,58,157,2025-06-15,2,38.34
4194,297,7,2025-08-19,1,43.63
4195,8,315,2025-04-28,3,128.7
4196,249,98,2025-11-03,4,186.84
4197,48,204,2025-05-23,2,53.04
4198,289,213,2025-03-29,1,6.79
4199,71,407,2025-12-16,1,42.19
4200,122,42,2025-09-01,6,290.1
4201,45,15,2025-02-26,3,71.49
4202,207,60,2025-12-05,1,35.14
4203,101,112,2025-12-25,1,8.02
4204,82,120,2025-06-22,2,96.06
4205,97,89,2025-11-05,5,73.6
4206,141,221,2025-11-06,2,49.62
4207,13,331,2025-05-17,3,46.08
4208,347,115,2025-04-24,3,84.36
4209,496,274,2025-01-09,5,244.0
4210,378,91,2025-12-03,5,139.1
4211,72,191,2025-12-26,4,168.76
4212,3,276,2025-12-04,1,19.85
4213,81,153,2025-07-16,6,48.3
4214,206,135,2025-10-17,3,45.39
4215,45,429,2025-06-10,5,212.9
4216,487,476,2025-11-06,2,78.84
4217,268,126,2025-08-17,5,126.65
4218,81,145,2025-11-13,7,157.71
4219,280,306,2025-06-24,2,87.84
4220,457,313,2025-06-06,1,47.16
4221,72,99,2025-11-06,1,46.93
4222,17,314,2025-02-10,1,9.59
4223,281,481,2025-12-10,2,21.1
4224,457,47,2025-11-23,2,40.74
4225,93,302,2025-03-25,3,86.01
4226,385,50,2025-05-23,3,111.0
4227,439,11,2025-04-24,1,35.95
4228,16,362,2025-07-01,1,29.43
4229,17,277,2025-12-24,2,66.42
4230,328,165,2025-04-04,3,96.3
4231,392,461,2025-04-08,1,9.6
4232,17,474,2025-12-18,2,93.68
4233,476,393,2025-04-25,3,132.0
4234,157,84,2025-07-23,5,222.95
4235,228,91,2025-12-28,5,139.1
4236,321,313,2025-04-28,6,282.96
4237,386,418,2025-12-07,2,63.76
4238,457,453,2025-02-11,3,145.65
4239,83,91,2025-11-27,2,55.64
4240,457,1,2025-07-10,8,170.72
4241,17,103,2025-11-26,6,259.5
4242,418,435,2025-03-22,2,55.52
4243,225,378,2025-06-06,3,18.03
4244,13,208,2025-09-11,7,175.0
4245,141,217,2025-07-21,4,141.52
4246,328,326,2025-12-06,6,90.9
4247,88,127,2025-03-21,4,46.64
4248,100,60,2025-08-15,2,70.28
4249,125,297,2025-03-19,5,178.25
4250,462,339,2025-09-10,2,87.02
4251,217,360,2025-01-23,2,98.68
4252,402,197,2025-12-13,4,172.12
4253,53,71,2025-06-27,2,77.0
4254,478,457,2025-10-19,7,197.54
4255,164,322,2025-05-09,3,79.47
4256,45,297,2025-11-29,5,178.25
4257,303,392,2025-05-16,3,106.56
4258,115,392,2025-12-10,2,71.04
4259,328,284,2025-08-18,4,60.84
4260,90,287,2025-11-16,2,80.38
4261,185,39,2025-09-13,7,76.93
4262,148,58,2025-10-17,2,69.08
4263,333,106,2025-12-17,2,59.16
4264,25,150,2025-11-04,4,127.8
4265,58,406,2025-05-11,3,107.37
4266,58,168,2025-09-13,8,113.04
4267,17,205,2025-12-02,1,5.83
4268,447,309,2025-07-10,6,70.44
4269,403,427,2025-09-09,1,18.0
4270,455,450,2025-11-01,2,91.5
4271,141,169,2025-12-26,2,47.14
4272,255,135,2025-09-08,5,75.65
4273,116,444,2025-03-12,1,12.73
4274,356,469,2025-12-26,1,23.25
4275,51,390,2025-01-12,3,119.88
4276,311,331,2025-12-25,1,15.36
4277,453,50,2025-12-13,3,111.0
4278,419,341,2025-04-15,5,97.95
4279,126,258,2025-07-19,4,39.8
4280,280,272,2025-12-21,2,10.32
4281,380,58,2025-10-02,3,103.62
4282,280,25,2025-07-23,1,8.55
4283,45,308,2025-06-09,3,62.25
4284,333,489,2025-08-22,2,68.04
4285,8,85,2025-07-30,2,38.86
4286,280,60,2025-03-25,2,70.28
4287,263,71,2025-10-28,2,77.0
4288,48,64,2025-04-28,3,72.3
4289,453,226,2025-04-21,4,108.88
4290,47,156,2025-06-29,2,63.36
4291,294,308,2025-06-20,2,41.5
4292,243,274,2025-12-27,1,48.8
4293,56,171,2025-12-05,4,128.6
4294,126,2,2025-04-27,4,143.2
4295,53,477,2025-10-31,5,138.55
4296,303,325,2025-11-08,8,323.2
4297,406,329,2025-07-09,2,76.98
4298,71,284,2025-06-11,2,30.42
4299,474,72,2025-11-06,4,186.16
4300,44,251,2025-07-17,2,17.74
4301,126,271,2025-02-11,5,110.4
4302,375,230,2025-06-03,2,12.2
4303,386,183,2025-05-12,4,61.6
4304,189,58,2025-12-24,5,172.7
4305,325,360,2025-03-19,5,246.7
4306,324,19,2025-04-10,2,22.62
4307,112,64,2025-09-08,2,48.2
4308,272,123,2025-12-03,5,188.0
4309,144,480,2025-10-06,1,38.15
4310,456,35,2025-09-06,2,63.62
4311,328,147,2025-09-07,5,226.0
4312,249,93,2025-06-03,1,17.43
4313,110,475,2025-07-27,2,95.52
4314,348,26,2025-11-26,1,21.05
4315,264,97,2025-03-14,1,45.74
4316,266,227,2025-08-24,4,152.68
4317,115,159,2025-10-13,1,36.21
4318,499,132,2025-03-20,6,122.76
4319,338,27,2025-07-29,3,126.42
4320,380,58,2025-11-23,1,34.54
4321,58,273,2025-06-08,6,74.58
4322,17,49,2025-11-11,4,198.0
4323,196,464,2025-07-17,1,38.54
4324,354,398,2025-07-24,2,66.82
4325,218,299,2025-12-27,2,56.38
4326,292,169,2025-12-12,3,70.71
4327,363,380,2025-11-05,1,13.17
4328,176,382,2025-04-03,3,99.57
4329,72,420,2025-10-29,1,33.14
4330,203,461,2025-04-20,1,9.6
4331,391,154,2025-06-19,6,104.64
4332,88,407,2025-06-04,6,253.14
4333,373,201,2025-11-06,9,335.25
4334,380,108,2025-04-07,2,50.76
4335,457,397,2025-07-18,1,28.15
4336,414,41,2025-12-16,1,43.09
4337,13,378,2025-09-29,4,24.04
4338,494,323,2025-12-27,5,179.15
4339,141,190,2025-08-19,2,76.72
4340,302,114,2025-07-14,5,36.4
4341,249,382,2025-10-22,2,66.38
4342,58,394,2025-11-15,5,135.75
4343,13,383,2025-03-13,4,168.68
4344,378,6,2025-05-19,1,6.56
4345,256,158,2025-03-19,1,24.69
4346,143,22,2025-06-08,3,117.69
4347,347,439,2025-06-18,2,32.0
4348,45,154,2025-05-02,1,17.44
4349,333,478,2025-07-29,3,106.38
4350,82,72,2025-08-13,6,279.24
4351,80,291,2025-11-17,1,7.77
4352,328,321,2025-11-02,2,48.64
4353,152,47,2025-12-25,2,40.74
4354,378,334,2025-08-08,2,71.36
4355,285,291,2025-07-19,1,7.77
4356,23,149,2025-12-04,1,17.09
4357,45,430,2025-10-22,2,23.8
4358,13,438,2025-08-15,1,33.39
4359,20,210,2025-12-21,1,40.93
4360,378,194,2025-06-17,5,169.4
4361,105,40,2025-11-22,1,25.97
4362,493,325,2025-12-15,6,242.4
4363,325,210,2025-12-21,5,204.65
4364,380,97,2025-07-04,3,137.22
4365,328,136,2025-03-07,1,9.89
4366,341,447,2025-07-30,1,36.25
4367,457,271,2025-11-15,4,88.32
4368,13,295,2025-06-07,2,57.32
4369,230,356,2025-07-13,4,102.6
4370,328,292,2025-12-21,1,26.94
4371,341,233,2025-11-09,4,41.56
4372,457,439,2025-11-12,4,64.0
4373,209,70,2025-11-18,5,117.25
4374,13,329,2025-05-07,8,307.92
4375,347,388,2025-12-04,2,53.24
4376,380,104,2025-05-24,2,21.12
4377,115,260,2025-08-17,2,99.18
4378,107,493,2025-08-24,2,56.16
4379,257,231,2025-04-10,1,9.37
4380,58,319,2025-05-01,6,255.66
4381,125,497,2025-06-17,1,24.1
4382,187,404,2025-07-12,1,15.65
4383,16,442,2025-05-21,5,242.4
4384,311,231,2025-10-24,2,18.74
4385,13,29,2025-11-03,4,124.48
4386,410,52,2025-10-23,3,49.59
4387,434,431,2025-07-25,3,58.44
4388,26,51,2025-10-23,7,324.1
4389,425,488,2025-03-09,2,98.3
4390,217,382,2025-11-16,2,66.38
4391,15,94,2025-12-14,1,16.86
4392,303,95,2025-08-10,1,49.53
4393,386,89,2025-12-21,2,29.44
4394,380,99,2025-12-02,2,93.86
4395,386,26,2025-02-13,2,42.1
4396,16,29,2025-07-23,7,217.84
4397,163,400,2025-01-20,4,138.28
4398,45,36,2025-11-24,3,103.53
4399,380,6,2025-12-19,2,13.12
4400,53,254,2025-06-02,1,42.57
4401,13,409,2025-11-01,2,43.12
4402,380,336,2025-02-25,2,48.16
4403,25,290,2025-03-18,1,43.81
4404,50,254,2025-12-21,1,42.57
4405,289,446,2025-11-09,6,206.94
4406,457,254,2025-11-26,1,42.57
4407,255,428,2025-11-03,1,22.73
4408,303,423,2025-05-02,1,25.63
4409,45,95,2025-12-30,2,99.06
4410,333,93,2025-07-05,1,17.43
4411,58,299,2025-11-05,1,28.19
4412,256,453,2025-08-27,1,48.55
4413,129,329,2025-04-06,3,115.47
4414,247,210,2025-05-05,1,40.93
4415,458,13,2025-11-24,8,112.32
4416,107,300,2025-05-12,2,53.74
4417,347,295,2025-01-04,3,85.98
4418,53,88,2025-12-19,5,201.1
4419,207,376,2025-07-25,3,87.78
4420,454,220,2025-07-16,4,66.04
4421,280,110,2025-09-14,2,60.3
4422,383,138,2025-12-17,2,49.54
4423,170,421,2025-09-08,3,120.15
4424,491,17,2025-12-04,2,10.74
4425,168,154,2025-09-03,1,17.44
4426,391,478,2025-11-25,5,177.3
4427,45,427,2025-12-13,1,18.0
4428,121,262,2025-05-18,2,42.04
4429,17,61,2025-12-17,1,41.05
4430,156,96,2025-07-09,1,12.55
4431,272,381,2025-04-06,4,42.4
4432,58,184,2025-11-28,6,31.5
4433,328,32,2025-04-07,1,21.56
4434,196,381,2025-07-26,4,42.4
4435,328,2,2025-05-04,2,71.6
4436,280,130,2025-11-03,1,6.64
4437,53,197,2025-01-31,3,129.09
4438,303,351,2025-03-08,2,69.96
4439,398,484,2025-11-19,4,150.04
4440,141,199,2025-11-20,1,42.81
4441,378,483,2025-06-18,5,70.15
4442,46,126,2025-07-09,1,25.33
4443,355,142,2025-10-27,3,146.88
4444,466,488,2025-03-04,2,98.3
4445,289,48,2025-09-03,3,74.1
4446,44,257,2025-07-09,1,21.14
4447,58,97,2025-11-05,3,137.22
4448,39,105,2025-11-03,2,60.04
4449,190,165,2025-07-01,2,64.2
4450,410,442,2025-10-10,2,96.96
4451,126,282,2025-11-04,1,38.19
4452,303,362,2025-11-26,4,117.72
4453,303,335,2025-11-05,1,47.29
4454,328,77,2025-12-10,8,354.24
4455,319,455,2025-01-12,1,27.03
4456,240,117,2025-06-05,4,59.48
4457,393,82,2025-12-14,7,319.9
4458,328,151,2025-12-01,1,33.87
4459,303,283,2025-12-18,4,68.0
4460,72,322,2025-03-14,1,26.49
4461,58,147,2025-06-19,3,135.6
4462,115,238,2025-03-02,3,146.91
4463,13,28,2025-05-14,1,37.51
4464,378,16,2025-09-15,1,10.07
4465,45,291,2025-12-07,4,31.08
4466,53,65,2025-07-12,1,22.7
4467,8,6,2025-12-23,2,13.12
4468,375,160,2025-11-08,2,68.96
4469,48,458,2025-12-21,1,37.28
4470,325,197,2025-12-28,5,215.15
4471,155,4,2025-10-11,2,87.04
4472,26,252,2025-11-07,5,63.1
4473,378,252,2025-06-14,10,126.2
4474,347,384,2025-04-11,3,101.76
4475,64,232,2025-11-06,9,86.58
4476,42,479,2025-12-23,2,76.54
4477,45,142,2025-07-05,9,440.64
4478,98,437,2025-10-15,2,88.58
4479,453,243,2025-12-26,2,17.74
4480,302,186,2025-03-02,1,41.33
4481,344,156,2025-12-26,2,63.36
4482,280,121,2025-06-05,2,84.94
4483,26,372,2025-04-02,2,35.46
4484,457,78,2025-07-05,1,13.07
4485,311,84,2025-07-09,2,89.18
4486,185,411,2025-04-13,1,15.03
4487,299,397,2025-11-04,1,28.15
4488,408,2,2025-09-15,5,179.0
4489,56,257,2025-06-11,5,105.7
4490,389,265,2025-04-03,1,46.6
4491,89,133,2025-09-13,5,104.8
4492,347,23,2025-12-27,1,38.55
4493,131,337,2025-12-10,4,137.12
4494,380,61,2025-11-08,4,164.2
4495,389,218,2025-10-31,1,5.36
4496,331,198,2025-08-04,1,22.38
4497,324,54,2025-04-23,3,134.34
4498,126,42,2025-10-20,1,48.35
4499,189,471,2025-12-07,7,317.66
4500,308,383,2025-05-25,1,42.17
4501,113,24,2025-11-18,4,130.96
4502,217,390,2025-10-13,9,359.64
4503,126,370,2025-11-25,2,87.82
4504,238,421,2025-10-28,2,80.1
4505,280,40,2025-12-21,1,25.97
4506,17,362,2025-05-17,1,29.43
4507,181,268,2025-04-17,4,32.4
4508,126,367,2025-11-20,1,29.32
4509,13,283,2025-07-14,3,51.0
4510,217,67,2025-10-27,6,61.38
4511,34,129,2025-12-19,2,81.48
4512,444,429,2025-09-16,1,42.58
4513,347,461,2025-07-28,6,57.6
4514,438,188,2025-05-01,4,80.56
4515,58,87,2025-12-02,3,104.52
4516,45,110,2025-06-26,5,150.75
4517,280,201,2025-04-27,3,111.75
4518,31,283,2025-07-22,2,34.0
4519,13,200,2025-07-16,5,49.8
4520,280,126,2025-06-14,3,75.99
4521,303,46,2025-12-23,2,66.34
4522,325,422,2025-12-29,1,45.91
4523,350,102,2025-08-01,2,80.44
4524,372,393,2025-12-21,1,44.0
4525,457,318,2025-05-07,2,80.22
4526,453,258,2025-03-18,1,9.95
4527,139,308,2025-06-04,5,103.75
4528,123,24,2025-01-28,1,32.74
4529,39,391,2025-02-16,5,167.1
4530,86,366,2025-07-10,4,52.4
4531,44,120,2025-12-20,2,96.06
4532,280,451,2025-01-01,4,22.52
4533,217,252,2025-07-25,2,25.24
4534,280,164,2025-11-28,2,83.66
4535,457,71,2025-06-25,2,77.0
4536,44,414,2025-08-16,1,22.55
4537,312,260,2025-07-19,1,49.59
4538,141,391,2025-03-28,3,100.26
4539,33,10,2025-04-24,1,24.63
4540,356,396,2025-07-24,1,22.34
4541,107,34,2025-08-02,2,32.98
4542,318,238,2025-04-27,1,48.97
4543,269,273,2025-05-21,10,124.3
4544,115,111,2025-08-24,1,40.29
4545,58,398,2025-12-17,1,33.41
4546,148,258,2025-12-27,5,49.75
4547,126,83,2025-11-13,3,26.82
4548,389,207,2025-11-13,9,60.03
4549,325,24,2025-04-17,2,65.48
4550,18,350,2025-03-15,1,31.67
4551,15,483,2025-02-27,2,28.06
4552,259,214,2025-12-13,3,54.48
4553,391,221,2025-03-29,4,99.24
4554,380,409,2025-10-14,1,21.56
4555,317,91,2025-09-13,1,27.82
4556,375,4,2025-07-08,2,87.04
4557,303,243,2025-09-27,1,8.87
4558,197,220,2025-02-11,7,115.57
4559,493,211,2025-06-22,2,32.38
4560,231,256,2025-08-29,4,147.44
4561,72,301,2025-03-28,4,86.64
4562,375,76,2025-12-17,5,206.65
4563,45,234,2025-12-24,4,28.6
4564,217,247,2025-11-06,1,24.42
4565,356,334,2025-12-27,6,214.08
4566,347,217,2025-03-16,1,35.38
4567,423,191,2025-03-29,1,42.19
4568,448,120,2025-09-19,1,48.03
4569,328,107,2025-03-14,3,59.55
4570,48,383,2025-04-29,2,84.34
4571,58,49,2025-09-18,10,495.0
4572,121,254,2025-04-13,5,212.85
4573,72,231,2025-09-28,2,18.74
4574,378,205,2025-01-07,6,34.98
4575,333,351,2025-11-29,1,34.98
4576,48,212,2025-10-07,5,93.45
4577,294,437,2025-12-13,1,44.29
4578,181,222,2025-03-09,8,236.72
4579,471,17,2025-01-08,4,21.48
4580,17,452,2025-06-02,2,81.56
4581,206,56,2025-11-18,3,23.61
4582,227,359,2025-10-05,1,28.19
4583,378,82,2025-04-28,6,274.2
4584,141,153,2025-07-12,8,64.4
4585,152,368,2025-07-05,2,89.2
4586,209,442,2025-06-06,1,48.48
4587,288,136,2025-06-07,3,29.67
4588,328,259,2025-07-15,5,72.4
4589,306,187,2025-11-14,4,91.92
4590,428,6,2025-01-02,3,19.68
4591,16,305,2025-09-27,1,31.66
4592,325,452,2025-02-12,5,203.9
4593,492,468,2025-05-18,1,30.59
4594,112,127,2025-12-12,1,11.66
4595,115,21,2025-04-12,1,47.13
4596,333,437,2025-10-11,8,354.32
4597,444,146,2025-12-08,2,29.0
4598,89,298,2025-12-08,2,93.32
4599,302,320,2025-09-23,1,5.07
4600,453,436,2025-04-06,1,15.9
4601,328,416,2025-10-05,2,98.2
4602,243,63,2025-11-18,1,22.38
4603,53,83,2025-05-09,5,44.7
4604,61,161,2025-11-25,6,129.6
4605,126,61,2025-10-31,1,41.05
4606,270,236,2025-07-03,2,21.56
4607,58,197,2025-04-30,1,43.03
4608,479,105,2025-05-03,6,180.12
4609,45,93,2025-12-04,2,34.86
4610,3,119,2025-05-16,4,199.52
4611,410,243,2025-07-31,2,17.74
4612,75,129,2025-08-30,2,81.48
4613,140,62,2025-03-01,2,52.68
4614,17,338,2025-01-19,4,40.68
4615,303,139,2025-05-28,1,35.4
4616,123,441,2025-03-12,2,81.44
4617,303,52,2025-02-07,3,49.59
4618,126,265,2025-05-27,5,233.0
4619,303,134,2025-10-21,2,71.44
4620,432,441,2025-07-24,1,40.72
4621,90,322,2025-08-08,4,105.96
4622,457,303,2025-12-26,1,6.57
4623,422,248,2025-01-25,2,93.98
4624,497,102,2025-10-27,8,321.76
4625,460,221,2025-11-19,2,49.62
4626,17,175,2025-10-02,2,65.7
4627,185,30,2025-05-14,6,183.48
4628,107,377,2025-08-26,2,79.58
4629,71,359,2025-11-06,2,56.38
4630,16,10,2025-03-26,4,98.52
4631,16,186,2025-08-22,2,82.66
4632,71,378,2025-11-28,2,12.02
4633,17,89,2025-07-18,1,14.72
4634,48,181,2025-11-18,4,154.92
4635,325,229,2025-10-06,1,20.46
4636,48,331,2025-10-09,1,15.36
4637,4,473,2025-04-06,1,30.26
4638,58,404,2025-09-20,1,15.65
4639,181,21,2025-07-06,1,47.13
4640,333,424,2025-05-27,5,202.5
4641,48,35,2025-07-07,2,63.62
4642,243,315,2025-01-23,1,42.9
4643,4,190,2025-02-08,4,153.44
4644,325,429,2025-04-06,2,85.16
4645,328,356,2025-10-13,1,25.65
4646,225,249,2025-12-05,3,98.85
4647,122,426,2025-05-04,5,164.1
4648,52,145,2025-07-05,1,22.53
4649,58,294,2025-12-01,2,85.06
4650,53,228,2025-04-14,5,153.75
4651,457,106,2025-12-22,9,266.22
4652,58,330,2025-11-04,7,224.14
4653,164,154,2025-05-03,1,17.44
4654,185,461,2025-02-12,5,48.0
4655,48,238,2025-11-15,2,97.94
4656,128,458,2025-09-16,6,223.68
4657,432,310,2025-12-07,1,47.92
4658,147,415,2025-01-09,1,29.51
4659,441,226,2025-06-17,1,27.22
4660,476,97,2025-12-20,1,45.74
4661,56,287,2025-01-06,1,40.19
4662,308,87,2025-11-03,1,34.84
4663,131,257,2025-11-26,5,105.7
4664,58,85,2025-08-25,2,38.86
4665,228,194,2025-09-24,5,169.4
4666,54,353,2025-09-02,2,93.94
4667,88,33,2025-07-23,3,105.18
4668,228,257,2025-01-11,5,105.7
4669,88,90,2025-06-24,1,16.56
4670,58,428,2025-05-25,4,90.92
4671,72,135,2025-05-18,3,45.39
4672,101,378,2025-08-21,1,6.01
4673,372,135,2025-08-30,1,15.13
4674,378,278,2025-07-13,4,194.44
4675,116,132,2025-12-12,6,122.76
4676,43,387,2025-03-29,1,47.42
4677,115,189,2025-11-26,3,40.95
4678,361,383,2025-02-12,3,126.51
4679,258,474,2025-02-15,3,140.52
4680,360,158,2025-03-25,2,49.38
4681,470,198,2025-10-27,1,22.38
4682,147,18,2025-07-25,2,78.94
4683,88,469,2025-11-15,2,46.5
4684,275,331,2025-04-13,2,30.72
4685,280,281,2025-11-16,7,114.38
4686,258,467,2025-04-14,3,41.46
4687,348,232,2025-02-01,2,19.24
4688,44,347,2025-06-17,3,18.3
4689,15,294,2025-07-25,2,85.06
4690,355,356,2025-11-23,3,76.95
4691,13,380,2025-11-13,5,65.85
4692,13,433,2025-10-28,3,66.27
4693,280,356,2025-03-27,2,51.3
4694,72,280,2025-12-14,5,83.9
4695,52,106,2025-08-14,1,29.58
4696,17,296,2025-02-25,7,80.43
4697,112,484,2025-12-16,5,187.55
4698,378,345,2025-11-17,10,258.9
4699,280,288,2025-12-16,1,27.91
4700,324,396,2025-12-25,5,111.7
4701,328,274,2025-08-30,2,97.6
4702,89,301,2025-10-06,1,21.66
4703,405,352,2025-11-19,7,42.07
4704,155,491,2025-12-22,2,29.74
4705,58,58,2025-10-23,1,34.54
4706,197,14,2025-10-14,10,60.4
4707,414,225,2025-02-11,1,36.04
4708,17,491,2025-12-17,10,148.7
4709,60,338,2025-12-24,4,40.68
4710,72,239,2025-11-26,4,178.04
4711,328,198,2025-08-28,3,67.14
4712,457,176,2025-05-08,6,96.66
4713,126,53,2025-12-25,2,58.56
4714,303,462,2025-12-19,5,246.15
4715,195,397,2025-06-07,1,28.15
4716,105,323,2025-12-05,1,35.83
4717,351,323,2025-01-01,2,71.66
4718,115,233,2025-12-31,1,10.39
4719,440,90,2025-04-14,3,49.68
4720,385,168,2025-12-27,4,56.52
4721,217,265,2025-12-15,2,93.2
4722,48,329,2025-06-19,3,115.47
4723,416,2,2025-02-14,2,71.6
4724,36,440,2025-03-20,1,27.42
4725,58,286,2025-07-05,1,8.29
4726,280,234,2025-01-20,1,7.15
4727,130,100,2025-04-30,3,149.67
4728,206,412,2025-05-07,3,29.49
4729,163,268,2025-04-09,3,24.3
4730,48,6,2025-12-03,4,26.24
4731,303,153,2025-11-22,1,8.05
4732,58,300,2025-04-20,1,26.87
4733,39,128,2025-12-15,1,24.04
4734,89,422,2025-05-15,5,229.55
4735,195,1,2025-05-13,1,21.34
4736,45,433,2025-05-11,4,88.36
4737,294,358,2025-01-12,4,28.72
4738,400,418,2025-11-23,2,63.76
4739,58,498,2025-12-22,1,10.88
4740,343,280,2025-11-27,1,16.78
4741,313,128,2025-11-15,2,48.08
4742,217,102,2025-11-14,8,321.76
4743,232,310,2025-01-13,4,191.68
4744,72,67,2025-07-19,2,20.46
4745,16,70,2025-11-30,4,93.8
4746,41,95,2025-04-17,1,49.53
4747,34,214,2025-10-01,2,36.32
4748,96,91,2025-12-19,1,27.82
4749,217,302,2025-10-19,6,172.02
4750,4,111,2025-12-18,2,80.58
4751,454,264,2025-08-13,2,41.02
4752,160,7,2025-10-12,2,87.26
4753,373,486,2025-09-02,5,95.65
4754,53,168,2025-10-08,1,14.13
4755,378,80,2025-04-25,10,348.4
4756,115,149,2025-01-29,1,17.09
4757,75,76,2025-10-15,5,206.65
4758,433,380,2025-12-31,3,39.51
4759,475,37,2025-01-10,1,13.08
4760,498,254,2025-04-26,2,85.14
4761,45,17,2025-12-16,3,16.11
4762,33,153,2025-10-27,1,8.05
4763,189,466,2025-12-05,1,37.17
4764,126,266,2025-11-05,1,33.29
4765,278,219,2025-05-19,2,41.8
4766,230,287,2025-03-31,6,241.14
4767,427,472,2025-12-19,8,224.72
4768,356,206,2025-10-28,2,76.02
4769,39,126,2025-02-22,3,75.99
4770,347,480,2025-10-14,2,76.3
4771,196,435,2025-12-05,5,138.8
4772,293,132,2025-11-10,1,20.46
4773,112,247,2025-05-03,3,73.26
4774,126,255,2025-07-01,2,49.02
4775,462,32,2025-04-16,1,21.56
4776,48,495,2025-09-22,1,20.31
4777,72,303,2025-12-24,1,6.57
4778,112,153,2025-04-02,4,32.2
4779,185,434,2025-12-10,2,91.16
4780,300,221,2025-01-09,1,24.81
4781,45,397,2025-09-28,1,28.15
4782,328,355,2025-12-29,5,40.5
4783,72,403,2025-02-25,2,30.02
4784,107,46,2025-12-18,2,66.34
4785,413,304,2025-10-28,2,26.96
4786,380,310,2025-07-09,5,239.6
4787,333,178,2025-06-01,2,55.78
4788,71,459,2025-11-04,5,178.85
4789,59,343,2025-11-20,2,86.06
4790,141,332,2025-03-13,2,98.16
4791,4,457,2025-02-01,5,141.1
4792,393,61,2025-06-29,2,82.1
4793,429,77,2025-12-08,1,44.28
4794,31,202,2025-01-07,4,49.04
4795,155,264,2025-11-02,2,41.02
4796,60,322,2025-09-22,8,211.92
4797,417,7,2025-11-18,1,43.63
4798,53,498,2025-10-11,6,65.28
4799,15,444,2025-07-20,1,12.73
4800,272,29,2025-11-05,7,217.84
4801,13,258,2025-08-09,6,59.7
4802,156,250,2025-11-27,1,12.65
4803,141,306,2025-10-16,1,43.92
4804,53,277,2025-11-20,5,166.05
4805,294,41,2025-10-10,1,43.09
4806,50,194,2025-12-26,1,33.88
4807,467,25,2025-05-11,2,17.1
4808,280,58,2025-05-22,3,103.62
4809,17,76,2025-06-15,1,41.33
4810,328,244,2025-12-22,2,14.74
4811,268,372,2025-11-10,3,53.19
4812,303,471,2025-12-22,3,136.14
4813,196,200,2025-08-03,4,39.84
4814,466,296,2025-09-24,1,11.49
4815,96,68,2025-08-13,5,147.75
4816,11,473,2025-06-25,1,30.26
4817,35,38,2025-01-24,4,65.88
4818,452,465,2025-03-16,2,49.86
4819,141,170,2025-07-13,6,67.68
4820,67,123,2025-05-13,2,75.2
4821,396,455,2025-01-24,3,81.09
4822,328,320,2025-07-27,2,10.14
4823,141,304,2025-12-19,1,13.48
4824,13,74,2025-11-08,2,90.24
4825,272,393,2025-05-06,7,308.0
4826,27,119,2025-09-23,5,249.4
4827,141,26,2025-12-13,3,63.15
4828,232,179,2025-01-28,6,289.26
4829,493,132,2025-12-22,5,102.3
4830,141,164,2025-10-05,1,41.83
4831,207,474,2025-10-23,2,93.68
4832,468,62,2025-03-01,4,105.36
4833,392,109,2025-06-12,1,8.54
4834,74,208,2025-05-11,1,25.0
4835,217,64,2025-11-12,2,48.2
4836,24,7,2025-06-14,1,43.63
4837,303,159,2025-03-14,2,72.42
4838,217,388,2025-01-15,2,53.24
4839,198,410,2025-01-07,10,443.3
4840,8,489,2025-07-03,1,34.02
4841,53,217,2025-08-22,2,70.76
4842,385,226,2025-07-12,3,81.66
4843,72,108,2025-04-10,1,25.38
4844,126,364,2025-08-09,2,87.64
4845,53,349,2025-11-07,5,221.8
4846,126,164,2025-12-15,4,167.32
4847,381,327,2025-12-03,3,64.2
4848,325,434,2025-12-30,4,182.32
4849,280,284,2025-07-13,1,15.21
4850,187,322,2025-11-16,3,79.47
4851,8,352,2025-09-01,2,12.02
4852,264,434,2025-12-24,2,91.16
4853,328,413,2025-09-08,3,31.05
4854,379,222,2025-04-20,2,59.18
4855,266,109,2025-12-05,4,34.16
4856,89,149,2025-09-28,1,17.09
4857,493,123,2025-09-05,4,150.4
4858,223,193,2025-12-29,3,88.62
4859,172,243,2025-04-06,6,53.22
4860,404,445,2025-11-08,2,27.22
4861,48,12,2025-03-22,3,82.29
4862,135,316,2025-12-03,1,8.81
4863,453,71,2025-04-09,1,38.5
4864,382,77,2025-10-20,6,265.68
4865,71,442,2025-11-11,1,48.48
4866,47,30,2025-11-05,6,183.48
4867,72,104,2025-07-23,3,31.68
4868,62,404,2025-01-23,1,15.65
4869,157,321,2025-11-06,4,97.28
4870,240,240,2025-03-15,1,49.9
4871,334,359,2025-07-24,8,225.52
4872,264,15,2025-07-10,6,142.98
4873,126,122,2025-04-12,2,61.5
4874,327,408,2025-10-06,2,20.14
4875,380,328,2025-02-27,2,20.52
4876,307,139,2025-11-05,1,35.4
4877,27,260,2025-07-26,1,49.59
4878,328,432,2025-03-19,6,53.04
4879,466,362,2025-01-02,2,58.86
4880,85,453,2025-11-12,7,339.85
4881,54,294,2025-07-03,2,85.06
4882,302,54,2025-08-19,2,89.56
4883,488,348,2025-10-25,2,25.24
4884,72,132,2025-09-09,3,61.38
4885,249,417,2025-07-19,2,93.22
4886,302,74,2025-10-26,5,225.6
4887,45,68,2025-07-07,4,118.2
4888,347,67,2025-05-13,1,10.23
4889,401,413,2025-10-30,3,31.05
4890,56,288,2025-12-11,7,195.37
4891,72,94,2025-01-23,3,50.58
4892,17,71,2025-11-30,6,231.0
4893,433,481,2025-12-23,2,21.1
4894,17,175,2025-12-21,2,65.7
4895,115,434,2025-08-16,2,91.16
4896,45,105,2025-03-31,2,60.04
4897,44,337,2025-10-02,2,68.56
4898,126,197,2025-02-17,3,129.09
4899,90,295,2025-04-24,3,85.98
4900,407,498,2025-08-19,5,54.4
4901,206,264,2025-01-22,2,41.02
4902,41,99,2025-05-25,6,281.58
4903,183,79,2025-12-28,1,32.48
4904,115,294,2025-02-18,6,255.18
4905,328,51,2025-07-05,2,92.6
4906,335,209,2025-06-15,7,340.69
4907,75,166,2025-11-17,2,22.04
4908,347,495,2025-12-12,1,20.31
4909,126,198,2025-05-01,2,44.76
4910,396,439,2025-11-14,1,16.0
4911,31,181,2025-06-14,1,38.73
4912,148,134,2025-04-09,1,35.72
4913,189,3,2025-10-30,1,15.75
4914,93,468,2025-04-17,2,61.18
4915,289,421,2025-09-08,2,80.1
4916,4,210,2025-02-01,1,40.93
4917,88,79,2025-06-30,6,194.88
4918,141,409,2025-07-06,3,64.68
4919,404,115,2025-09-24,1,28.12
4920,72,109,2025-12-24,1,8.54
4921,115,422,2025-10-14,3,137.73
4922,500,450,2025-12-30,2,91.5
4923,452,138,2025-06-05,1,24.77
4924,58,153,2025-10-17,2,16.1
4925,19,385,2025-04-25,3,81.75
4926,494,165,2025-08-01,2,64.2
4927,58,455,2025-05-09,2,54.06
4928,303,337,2025-11-02,9,308.52
4929,121,76,2025-11-09,3,123.99
4930,53,182,2025-01-08,6,142.56
4931,368,144,2025-11-11,3,57.81
4932,393,79,2025-08-28,1,32.48
4933,222,242,2025-11-22,1,33.79
4934,457,337,2025-07-12,2,68.56
4935,372,370,2025-07-09,1,43.91
4936,45,430,2025-09-24,3,35.7
4937,354,413,2025-09-13,7,72.45
4938,377,87,2025-07-08,8,278.72
4939,437,193,2025-11-12,4,118.16
4940,269,150,2025-04-14,6,191.7
4941,112,359,2025-12-15,1,28.19
4942,378,191,2025-12-07,1,42.19
4943,53,240,2025-12-26,2,99.8
4944,29,422,2025-11-29,2,91.82
4945,437,304,2025-06-20,5,67.4
4946,45,236,2025-12-08,4,43.12
4947,323,485,2025-08-15,3,69.48
4948,250,348,2025-12-08,5,63.1
4949,147,162,2025-11-26,5,244.2
4950,193,29,2025-11-21,3,93.36
4951,493,361,2025-11-15,1,39.75
4952,249,161,2025-08-16,1,21.6
4953,426,277,2025-12-29,3,99.63
4954,229,264,2025-08-07,1,20.51
4955,126,286,2025-06-20,3,24.87
4956,51,86,2025-12-25,2,51.02
4957,348,227,2025-08-18,2,76.34
4958,58,351,2025-12-31,2,69.96
4959,457,93,2025-05-13,1,17.43
4960,163,378,2025-11-01,1,6.01
4961,481,332,2025-09-05,4,196.32
4962,347,262,2025-07-21,4,84.08
4963,287,4,2025-01-27,6,261.12
4964,380,448,2025-11-20,1,6.26
4965,217,302,2025-03-16,3,86.01
4966,294,141,2025-10-08,6,296.52
4967,433,312,2025-12-14,6,218.82
4968,141,216,2025-05-11,2,49.26
4969,364,401,2025-10-28,4,126.88
4970,311,354,2025-12-11,2,42.18
4971,347,393,2025-08-24,1,44.0
4972,347,166,2025-12-07,2,22.04
4973,289,226,2025-11-25,3,81.66
4974,381,245,2025-03-03,3,48.18
4975,410,364,2025-11-17,5,219.1
4976,411,108,2025-06-17,1,25.38
4977,126,334,2025-02-16,6,214.08
4978,493,436,2025-03-08,1,15.9
4979,206,322,2025-12-04,4,105.96
4980,72,381,2025-11-20,1,10.6
4981,190,276,2025-12-15,1,19.85
4982,88,183,2025-05-10,2,30.8
4983,497,415,2025-07-16,1,29.51
4984,135,372,2025-12-27,5,88.65
4985,156,112,2025-11-03,7,56.14
4986,314,260,2025-08-25,3,148.77
4987,27,232,2025-06-16,4,38.48
4988,217,340,2025-12-22,2,99.96
4989,302,364,2025-07-18,1,43.82
4990,356,472,2025-02-18,4,112.36
4991,228,117,2025-04-27,1,14.87
4992,5,36,2025-12-24,2,69.02
4993,158,409,2025-05-08,2,43.12
4994,196,407,2025-12-10,2,84.38
4995,280,177,2025-05-06,4,144.8
4996,378,472,2025-09-21,3,84.27
4997,457,218,2025-12-30,1,5.36
4998,17,40,2025-01-06,2,51.94
4999,56,457,2025-09-03,10,282.2
5000,410,342,2025-11-27,2,34.22
5001,90,419,2025-02-19,3,27.84
5002,13,377,2025-11-10,10,397.9
5003,406,208,2025-11-05,1,25.0
5004,13,416,2025-05-07,1,49.1
5005,380,295,2025-10-30,4,114.64
5006,457,286,2025-11-06,6,49.74
5007,19,213,2025-08-04,2,13.58
5008,64,469,2025-01-11,1,23.25
5009,45,407,2025-12-02,5,210.95
5010,121,315,2025-11-08,3,128.7
5011,169,498,2025-12-07,2,21.76
5012,58,49,2025-07-12,2,99.0
5013,433,142,2025-02-05,5,244.8
5014,17,109,2025-06-20,1,8.54
5015,66,465,2025-02-10,2,49.86
5016,14,417,2025-03-26,1,46.61
5017,45,195,2025-05-25,1,11.63
5018,29,458,2025-11-12,3,111.84
5019,48,249,2025-10-06,3,98.85
5020,53,153,2025-12-26,3,24.15
5021,435,166,2025-12-31,1,11.02
5022,115,374,2025-11-11,4,97.04
5023,121,400,2025-12-31,1,34.57
5024,270,73,2025-12-13,1,21.23
5025,325,241,2025-05-01,4,56.24
5026,185,194,2025-02-12,4,135.52
5027,453,298,2025-07-16,5,233.3
5028,218,270,2025-02-09,2,26.34
5029,45,448,2025-06-03,3,18.78
5030,466,226,2025-10-10,2,54.44
5031,126,358,2025-02-07,2,14.36
5032,406,246,2025-02-04,8,59.44
5033,206,48,2025-04-03,7,172.9
5034,105,88,2025-07-18,3,120.66
5035,437,40,2025-01-26,2,51.94
5036,381,164,2025-10-13,2,83.66
5037,126,209,2025-11-27,3,146.01
5038,146,421,2025-01-28,3,120.15
5039,72,191,2025-12-24,7,295.33
5040,86,18,2025-11-01,1,39.47
5041,156,448,2025-04-17,2,12.52
5042,58,346,2025-12-30,2,19.94
5043,53,50,2025-04-24,1,37.0
5044,380,53,2025-07-16,2,58.56
5045,303,10,2025-11-19,1,24.63
5046,15,435,2025-07-08,4,111.04
5047,60,20,2025-03-05,1,48.13
5048,45,95,2025-12-19,3,148.59
5049,13,49,2025-07-21,8,396.0
5050,72,59,2025-11-28,4,104.0
5051,500,52,2025-06-08,1,16.53
5052,21,490,2025-07-17,8,103.04
5053,90,172,2025-03-24,5,184.1
5054,350,156,2025-05-05,1,31.68
5055,179,220,2025-11-10,4,66.04
5056,150,99,2025-10-14,1,46.93
5057,107,127,2025-11-19,2,23.32
5058,466,142,2025-11-21,3,146.88
5059,251,426,2025-10-06,1,32.82
5060,48,197,2025-11-11,9,387.27
5061,115,137,2025-11-19,2,52.66
5062,4,447,2025-12-12,3,108.75
5063,325,54,2025-12-14,1,44.78
5064,87,435,2025-07-08,3,83.28
5065,121,473,2025-05-15,4,121.04
5066,444,107,2025-06-08,3,59.55
5067,45,391,2025-11-14,3,100.26
5068,408,79,2025-09-11,1,32.48
5069,301,473,2025-11-13,3,90.78
5070,17,329,2025-06-03,2,76.98
5071,131,382,2025-12-31,3,99.57
5072,56,211,2025-06-07,2,32.38
5073,13,212,2025-07-22,4,74.76
5074,478,241,2025-09-10,3,42.18
5075,429,404,2025-10-29,3,46.95
5076,318,43,2025-06-08,1,47.39
5077,226,46,2025-09-07,1,33.17
5078,45,195,2025-11-16,1,11.63
5079,328,483,2025-11-25,1,14.03
5080,449,463,2025-07-16,4,47.96
5081,185,294,2025-03-24,1,42.53
5082,74,402,2025-03-10,1,21.38
5083,69,95,2025-11-15,2,99.06
5084,17,199,2025-03-19,5,214.05
5085,112,307,2025-11-07,1,14.43
5086,325,6,2025-12-28,1,6.56
5087,378,342,2025-05-28,1,17.11
5088,453,291,2025-11-13,2,15.54
5089,13,211,2025-08-22,3,48.57
5090,457,17,2025-04-08,1,5.37
5091,489,15,2025-04-26,1,23.83
5092,410,375,2025-05-20,3,102.45
5093,243,140,2025-02-08,8,251.92
5094,273,337,2025-12-14,5,171.4
5095,347,145,2025-05-26,1,22.53
5096,53,373,2025-11-09,1,39.09
5097,350,20,2025-07-20,1,48.13
5098,79,6,2025-09-04,8,52.48
5099,378,396,2025-11-22,1,22.34
5100,17,458,2025-10-30,6,223.68
5101,119,437,2025-09-29,2,88.58
5102,72,449,2025-12-02,3,120.51
5103,272,133,2025-06-04,2,41.92
5104,230,455,2025-06-18,1,27.03
5105,140,32,2025-06-03,3,64.68
5106,347,106,2025-11-16,6,177.48
5107,269,51,2025-02-26,5,231.5
5108,324,449,2025-11-04,1,40.17
5109,58,70,2025-10-10,2,46.9
5110,368,285,2025-12-06,5,138.25
5111,401,236,2025-02-05,5,53.9
5112,72,396,2025-03-16,6,134.04
5113,343,189,2025-07-28,2,27.3
5114,72,123,2025-07-20,3,112.8
5115,315,155,2025-01-21,3,149.88
5116,56,87,2025-12-04,1,34.84
5117,141,39,2025-06-29,4,43.96
5118,126,211,2025-06-11,3,48.57
5119,115,209,2025-11-13,2,97.34
5120,16,388,2025-06-11,3,79.86
5121,303,325,2025-12-01,2,80.8
5122,238,299,2025-11-30,2,56.38
5123,107,219,2025-05-17,2,41.8
5124,377,30,2025-09-20,1,30.58
5125,338,222,2025-12-23,2,59.18
5126,27,187,2025-12-07,4,91.92
5127,194,327,2025-03-06,4,85.6
5128,379,208,2025-07-05,2,50.0
5129,13,340,2025-12-16,1,49.98
5130,185,57,2025-12-30,5,117.95
5131,130,441,2025-11-17,1,40.72
5132,347,449,2025-11-15,1,40.17
5133,98,278,2025-12-14,3,145.83
5134,347,249,2025-12-26,1,32.95
5135,112,257,2025-08-06,4,84.56
5136,17,72,2025-12-22,1,46.54
5137,217,146,2025-04-18,1,14.5
5138,384,99,2025-06-05,2,93.86
5139,328,140,2025-10-02,1,31.49
5140,457,117,2025-09-15,2,29.74
5141,4,178,2025-11-30,3,83.67
5142,112,164,2025-12-11,8,334.64
5143,395,304,2025-12-06,1,13.48
5144,196,61,2025-11-14,3,123.15
5145,455,21,2025-06-16,3,141.39
5146,417,9,2025-05-05,5,71.65
5147,56,466,2025-06-20,5,185.85
5148,297,447,2025-05-03,4,145.0
5149,53,477,2025-09-30,3,83.13
5150,210,148,2025-09-26,4,49.0
5151,378,329,2025-09-06,2,76.98
5152,37,114,2025-10-01,4,29.12
5153,13,345,2025-12-21,10,258.9
5154,303,50,2025-10-04,1,37.0
5155,183,129,2025-11-23,7,285.18
5156,500,8,2025-12-13,2,97.98
5157,299,402,2025-06-12,2,42.76
5158,426,389,2025-11-01,1,25.39
5159,125,309,2025-11-27,8,93.92
5160,107,458,2025-01-10,1,37.28
5161,18,35,2025-09-01,4,127.24
5162,317,232,2025-07-08,4,38.48
5163,76,163,2025-12-03,1,19.11
5164,465,36,2025-12-14,1,34.51
5165,377,326,2025-02-12,1,15.15
5166,17,328,2025-08-13,3,30.78
5167,314,441,2025-05-15,6,244.32
5168,397,145,2025-12-01,3,67.59
5169,16,109,2025-03-09,2,17.08
5170,210,364,2025-01-03,1,43.82
5171,74,308,2025-06-08,1,20.75
5172,13,197,2025-06-10,1,43.03
5173,17,143,2025-11-01,1,43.65
5174,386,114,2025-05-25,3,21.84
5175,196,184,2025-06-20,1,5.25
5176,412,472,2025-02-21,5,140.45
5177,13,467,2025-05-09,5,69.1
5178,53,227,2025-07-29,1,38.17
5179,303,425,2025-12-20,1,24.23
5180,48,464,2025-07-18,1,38.54
5181,92,196,2025-10-29,3,20.07
5182,68,114,2025-12-01,9,65.52
5183,280,430,2025-11-07,1,11.9
5184,107,4,2025-01-18,1,43.52
5185,141,55,2025-02-19,3,81.96
5186,228,251,2025-04-20,3,26.61
5187,13,95,2025-02-02,4,198.12
5188,303,95,2025-07-13,5,247.65
5189,298,33,2025-11-09,2,70.12
5190,328,373,2025-12-10,2,78.18
5191,228,1,2025-11-05,1,21.34
5192,45,381,2025-11-07,1,10.6
5193,236,470,2025-10-15,4,110.68
5194,196,226,2025-05-13,4,108.88
5195,280,315,2025-08-26,1,42.9
5196,347,472,2025-04-20,1,28.09
5197,146,175,2025-08-14,1,32.85
5198,122,35,2025-08-29,1,31.81
5199,71,245,2025-04-03,2,32.12
5200,115,80,2025-02-24,1,34.84
5201,431,349,2025-03-16,6,266.16
5202,145,105,2025-10-16,2,60.04
5203,280,277,2025-04-16,2,66.42
5204,360,369,2025-12-13,1,22.65
5205,312,43,2025-07-30,1,47.39
5206,13,21,2025-10-07,1,47.13
5207,4,292,2025-08-11,4,107.76
5208,466,360,2025-11-28,3,148.02
5209,322,436,2025-05-12,2,31.8
5210,405,366,2025-03-16,1,13.1
5211,309,212,2025-09-26,2,37.38
5212,110,471,2025-12-29,2,90.76
5213,380,418,2025-02-09,2,63.76
5214,453,95,2025-11-13,2,99.06
5215,356,33,2025-12-28,5,175.3
5216,474,113,2025-12-11,8,51.04
5217,27,345,2025-08-27,2,51.78
5218,102,134,2025-07-16,2,71.44
5219,17,143,2025-10-06,5,218.25
5220,280,12,2025-11-27,2,54.86
5221,45,497,2025-06-14,3,72.3
5222,457,74,2025-09-11,5,225.6
5223,192,449,2025-07-05,2,80.34
5224,71,360,2025-10-08,1,49.34
5225,121,444,2025-11-09,1,12.73
5226,1,462,2025-03-14,1,49.23
5227,300,237,2025-04-29,3,121.29
5228,328,147,2025-12-23,6,271.2
5229,303,192,2025-11-15,1,48.37
5230,220,13,2025-11-02,1,14.04
5231,453,232,2025-09-03,3,28.86
5232,303,397,2025-12-31,1,28.15
5233,126,475,2025-11-05,3,143.28
5234,65,250,2025-06-23,2,25.3
5235,94,323,2025-01-07,1,35.83
5236,367,219,2025-12-26,1,20.9
5237,217,14,2025-12-29,5,30.2
5238,362,150,2025-12-24,2,63.9
5239,423,105,2025-07-09,1,30.02
5240,28,12,2025-07-15,7,192.01
5241,417,310,2025-12-23,2,95.84
5242,15,196,2025-10-23,1,6.69
5243,207,457,2025-11-20,2,56.44
5244,356,470,2025-03-18,2,55.34
5245,112,75,2025-12-04,1,47.11
5246,473,477,2025-12-30,1,27.71
5247,328,40,2025-10-29,1,25.97
5248,474,403,2025-07-16,6,90.06
5249,115,277,2025-12-21,5,166.05
5250,380,147,2025-09-17,1,45.2
5251,434,33,2025-05-09,2,70.12
5252,386,427,2025-08-03,2,36.0
5253,355,331,2025-10-09,1,15.36
5254,126,101,2025-06-17,1,48.49
5255,359,477,2025-03-13,2,55.42
5256,201,282,2025-03-27,1,38.19
5257,217,455,2025-12-02,2,54.06
5258,387,356,2025-03-29,3,76.95
5259,165,48,2025-08-04,1,24.7
5260,361,217,2025-07-26,1,35.38
5261,37,225,2025-08-27,2,72.08
5262,272,82,2025-09-22,2,91.4
5263,13,171,2025-01-11,8,257.2
5264,107,330,2025-07-09,2,64.04
5265,217,280,2025-07-15,2,33.56
5266,341,84,2025-05-08,1,44.59
5267,241,464,2025-10-04,4,154.16
5268,297,277,2025-09-03,5,166.05
5269,302,3,2025-07-16,5,78.75
5270,357,175,2025-01-26,1,32.85
5271,34,221,2025-08-16,3,74.43
5272,72,327,2025-05-11,2,42.8
5273,280,448,2025-02-11,2,12.52
5274,155,3,2025-07-31,5,78.75
5275,328,275,2025-04-30,6,154.98
5276,328,328,2025-03-24,2,20.52
5277,16,487,2025-09-23,2,78.52
5278,457,62,2025-08-24,5,131.7
5279,269,335,2025-03-05,2,94.58
5280,115,5,2025-01-20,2,21.9
5281,303,367,2025-02-27,5,146.6
5282,288,111,2025-06-10,6,241.74
5283,276,435,2025-06-22,5,138.8
5284,144,479,2025-12-04,1,38.27
5285,12,187,2025-10-04,4,91.92
5286,212,209,2025-11-13,1,48.67
5287,376,438,2025-11-13,1,33.39
5288,27,78,2025-05-01,1,13.07
5289,23,350,2025-05-05,4,126.68
5290,48,66,2025-08-07,5,141.45
5291,58,235,2025-11-08,1,15.66
5292,130,26,2025-08-08,4,84.2
5293,457,43,2025-11-19,6,284.34
5294,141,36,2025-11-04,2,69.02
5295,380,259,2025-03-01,1,14.48
5296,302,343,2025-09-23,1,43.03
5297,455,471,2025-06-15,5,226.9
5298,15,184,2025-05-17,2,10.5
5299,488,207,2025-04-10,2,13.34
5300,331,474,2025-05-08,2,93.68
5301,434,416,2025-12-22,1,49.1
5302,303,419,2025-02-16,3,27.84
5303,303,159,2025-03-17,2,72.42
5304,16,369,2025-12-19,2,45.3
5305,380,353,2025-01-26,6,281.82
5306,55,341,2025-03-18,1,19.59
5307,58,164,2025-11-26,1,41.83
5308,302,422,2025-11-09,1,45.91
5309,324,374,2025-07-21,1,24.26
5310,71,461,2025-11-08,2,19.2
5311,272,416,2025-04-20,1,49.1
5312,126,270,2025-02-02,5,65.85
5313,369,59,2025-02-15,4,104.0
5314,397,496,2025-06-27,1,43.75
5315,163,358,2025-12-08,7,50.26
5316,48,320,2025-09-20,3,15.21
5317,230,362,2025-05-30,1,29.43
5318,120,202,2025-07-08,1,12.26
5319,378,72,2025-01-26,9,418.86
5320,462,437,2025-07-03,9,398.61
5321,90,394,2025-06-15,2,54.3
5322,377,38,2025-06-23,10,164.7
5323,437,485,2025-02-12,1,23.16
5324,158,255,2025-05-28,6,147.06
5325,303,49,2025-10-10,3,148.5
5326,133,311,2025-11-05,1,32.28
5327,13,388,2025-11-12,4,106.48
5328,347,261,2025-08-16,2,28.5
5329,396,278,2025-12-22,5,243.05
5330,426,270,2025-12-14,6,79.02
5331,69,451,2025-01-24,4,22.52
5332,16,304,2025-08-13,1,13.48
5333,355,6,2025-07-17,3,19.68
5334,378,487,2025-08-13,2,78.52
5335,412,496,2025-04-18,3,131.25
5336,289,290,2025-10-08,2,87.62
5337,268,239,2025-06-16,1,44.51
5338,24,152,2025-10-16,1,46.77
5339,398,13,2025-12-12,2,28.08
5340,196,64,2025-12-31,4,96.4
5341,44,248,2025-12-13,3,140.97
5342,303,303,2025-02-27,7,45.99
5343,53,274,2025-12-12,2,97.6
5344,383,220,2025-03-10,1,16.51
5345,328,368,2025-07-02,3,133.8
5346,48,268,2025-10-21,7,56.7
5347,231,26,2025-12-12,3,63.15
5348,131,10,2025-11-19,1,24.63
5349,58,33,2025-03-21,3,105.18
5350,185,88,2025-10-16,3,120.66
5351,333,77,2025-07-21,10,442.8
5352,110,421,2025-12-14,1,40.05
5353,141,7,2025-07-29,4,174.52
5354,230,403,2025-04-05,1,15.01
5355,375,360,2025-11-05,5,246.7
5356,56,13,2025-05-31,3,42.12
5357,53,414,2025-12-23,3,67.65
5358,27,462,2025-07-22,2,98.46
5359,25,278,2025-08-02,6,291.66
5360,432,482,2025-07-10,2,63.92
5361,25,336,2025-11-09,2,48.16
5362,124,182,2025-09-27,6,142.56
5363,88,260,2025-11-28,1,49.59
5364,198,336,2025-11-08,2,48.16
5365,304,111,2025-04-14,2,80.58
5366,434,79,2025-06-11,1,32.48
5367,381,242,2025-08-12,1,33.79
5368,17,396,2025-10-08,6,134.04
5369,350,337,2025-11-18,5,171.4
5370,152,306,2025-05-24,3,131.76
5371,433,164,2025-01-01,4,167.32
5372,16,273,2025-11-20,1,12.43
5373,126,235,2025-11-01,1,15.66
5374,131,291,2025-12-20,1,7.77
5375,291,465,2025-05-24,1,24.93
5376,474,342,2025-06-21,3,51.33
5377,13,33,2025-05-30,2,70.12
5378,311,20,2025-12-04,3,144.39
5379,333,12,2025-10-10,3,82.29
5380,333,117,2025-02-07,6,89.22
5381,243,423,2025-08-09,1,25.63
5382,297,97,2025-12-25,1,45.74
5383,303,123,2025-12-04,3,112.8
5384,16,206,2025-05-28,2,76.02
5385,443,223,2025-11-05,5,32.6
5386,333,57,2025-04-22,3,70.77
5387,112,284,2025-08-17,4,60.84
5388,375,324,2025-06-03,4,184.32
5389,378,300,2025-11-27,1,26.87
5390,433,177,2025-08-29,5,181.0
5391,209,358,2025-11-23,1,7.18
5392,424,433,2025-03-06,1,22.09
5393,37,49,2025-05-09,10,495.0
5394,259,192,2025-02-11,8,386.96
5395,16,390,2025-11-24,2,79.92
5396,13,264,2025-04-14,1,20.51
5397,178,201,2025-12-21,1,37.25
5398,489,120,2025-12-14,1,48.03
5399,317,473,2025-05-26,3,90.78
5400,301,482,2025-02-24,1,31.96
5401,416,74,2025-11-24,6,270.72
5402,124,226,2025-11-24,1,27.22
5403,386,144,2025-12-31,4,77.08
5404,395,491,2025-09-18,1,14.87
5405,196,333,2025-12-03,1,27.76
5406,79,153,2025-10-08,2,16.1
5407,155,55,2025-03-06,1,27.32
5408,177,194,2025-07-12,2,67.76
5409,297,150,2025-02-23,3,95.85
5410,378,267,2025-10-07,5,187.45
5411,3,116,2025-06-14,6,250.92
5412,17,341,2025-01-21,9,176.31
5413,347,165,2025-03-21,1,32.1
5414,240,310,2025-10-31,1,47.92
5415,115,466,2025-12-26,2,74.34
5416,145,73,2025-08-27,3,63.69
5417,288,118,2025-02-17,5,27.6
5418,4,204,2025-02-18,3,79.56
5419,224,223,2025-06-07,4,26.08
5420,476,264,2025-01-05,3,61.53
5421,474,436,2025-08-10,3,47.7
5422,131,29,2025-11-12,1,31.12
5423,328,68,2025-01-06,4,118.2
5424,465,254,2025-11-08,3,127.71
5425,474,451,2025-04-10,1,5.63
5426,69,25,2025-08-15,1,8.55
5427,15,140,2025-05-20,2,62.98
5428,72,275,2025-11-10,4,103.32
5429,331,50,2025-11-18,1,37.0
5430,45,229,2025-12-22,1,20.46
5431,466,126,2025-11-04,1,25.33
5432,217,2,2025-09-06,1,35.8
5433,317,89,2025-09-12,1,14.72
5434,72,452,2025-04-24,4,163.12
5435,102,114,2025-03-25,2,14.56
5436,378,333,2025-09-22,7,194.32
5437,58,239,2025-05-13,4,178.04
5438,147,247,2025-06-16,1,24.42
5439,375,358,2025-06-03,4,28.72
5440,328,234,2025-12-30,1,7.15
5441,13,407,2025-09-28,3,126.57
5442,48,111,2025-10-04,2,80.58
5443,378,319,2025-02-04,1,42.61
5444,39,216,2025-07-30,3,73.89
5445,49,422,2025-07-11,1,45.91
5446,317,225,2025-07-03,2,72.08
5447,320,257,2025-03-25,2,42.28
5448,311,206,2025-07-19,1,38.01
5449,175,279,2025-11-13,1,30.5
5450,220,51,2025-07-07,1,46.3
5451,56,422,2025-09-24,10,459.1
5452,56,342,2025-03-22,2,34.22
5453,28,91,2025-06-13,2,55.64
5454,457,37,2025-04-10,5,65.4
5455,16,321,2025-02-10,3,72.96
5456,457,308,2025-06-08,2,41.5
5457,116,135,2025-07-29,2,30.26
5458,414,290,2025-07-13,2,87.62
5459,350,194,2025-08-01,3,101.64
5460,60,278,2025-05-01,1,48.61
5461,81,374,2025-12-08,1,24.26
5462,48,383,2025-11-19,7,295.19
5463,457,339,2025-11-20,3,130.53
5464,294,144,2025-02-11,1,19.27
5465,303,297,2025-01-24,1,35.65
5466,17,144,2025-04-17,2,38.54
5467,457,229,2025-01-18,3,61.38
5468,126,435,2025-12-21,5,138.8
5469,368,336,2025-08-20,1,24.08
5470,195,320,2025-12-19,3,15.21
5471,347,252,2025-12-05,1,12.62
5472,163,214,2025-12-26,2,36.32
5473,347,482,2025-09-18,6,191.76
5474,249,209,2025-02-07,5,243.35
5475,53,87,2025-07-27,3,104.52
5476,194,419,2025-07-12,1,9.28
5477,433,312,2025-07-14,2,72.94
5478,53,294,2025-09-03,5,212.65
5479,126,201,2025-12-23,2,74.5
5480,302,330,2025-11-04,5,160.1
5481,462,97,2025-07-16,4,182.96
5482,112,216,2025-03-08,6,147.78
5483,387,169,2025-05-16,1,23.57
5484,126,125,2025-12-10,2,64.82
5485,1,265,2025-06-10,4,186.4
5486,317,349,2025-06-14,3,133.08
5487,217,247,2025-11-04,5,122.1
5488,217,75,2025-04-21,6,282.66
5489,169,415,2025-12-04,1,29.51
5490,493,286,2025-11-06,6,49.74
5491,90,427,2025-11-29,2,36.0
5492,347,420,2025-04-30,4,132.56
5493,380,63,2025-04-26,3,67.14
5494,107,133,2025-09-09,1,20.96
5495,289,120,2025-11-09,1,48.03
5496,466,5,2025-11-20,6,65.7
5497,444,397,2025-10-17,7,197.05
5498,433,186,2025-10-23,6,247.98
5499,60,469,2025-08-21,4,93.0
5500,48,360,2025-11-20,1,49.34
5501,44,334,2025-11-07,7,249.76
5502,115,35,2025-07-17,5,159.05
5503,149,232,2025-10-07,1,9.62
5504,228,362,2025-03-22,1,29.43
5505,45,334,2025-12-10,1,35.68
5506,53,353,2025-12-09,3,140.91
5507,115,211,2025-12-08,3,48.57
5508,249,158,2025-11-14,6,148.14
5509,393,149,2025-09-21,1,17.09
5510,121,80,2025-12-28,3,104.52
5511,466,414,2025-03-09,5,112.75
5512,172,211,2025-11-10,2,32.38
5513,355,219,2025-02-22,3,62.7
5514,328,314,2025-07-09,5,47.95
5515,112,318,2025-06-12,2,80.22
5516,380,164,2025-12-15,2,83.66
5517,53,351,2025-06-11,3,104.94
5518,37,441,2025-12-06,1,40.72
5519,272,163,2025-11-01,2,38.22
5520,16,19,2025-04-19,3,33.93
5521,29,222,2025-08-23,3,88.77
5522,16,292,2025-07-06,2,53.88
5523,408,48,2025-07-19,5,123.5
5524,112,312,2025-09-25,3,109.41
5525,433,65,2025-11-26,1,22.7
5526,21,218,2025-03-01,3,16.08
5527,112,104,2025-04-14,5,52.8
5528,155,132,2025-09-08,1,20.46
5529,385,196,2025-12-24,2,13.38
5530,162,398,2025-11-17,5,167.05
5531,470,91,2025-04-08,2,55.64
5532,333,11,2025-03-11,2,71.9
5533,474,84,2025-12-01,8,356.72
5534,373,414,2025-10-30,3,67.65
5535,267,432,2025-05-30,3,26.52
5536,133,146,2025-09-26,2,29.0
5537,247,208,2025-02-28,2,50.0
5538,373,104,2025-03-18,1,10.56
5539,410,70,2025-11-11,3,70.35
5540,207,379,2025-04-09,4,22.8
5541,160,221,2025-11-17,2,49.62
5542,58,210,2025-09-15,4,163.72
5543,13,447,2025-12-21,5,181.25
5544,230,319,2025-10-03,2,85.22
5545,386,409,2025-01-25,2,43.12
5546,193,53,2025-12-30,2,58.56
5547,206,1,2025-06-14,3,64.02
5548,13,352,2025-11-14,1,6.01
5549,48,105,2025-06-19,1,30.02
5550,162,295,2025-12-20,2,57.32
5551,60,166,2025-12-30,4,44.08
5552,97,439,2025-06-14,4,64.0
5553,393,24,2025-05-11,1,32.74
5554,48,408,2025-12-29,3,30.21
5555,16,461,2025-12-18,2,19.2
5556,45,170,2025-06-02,1,11.28
5557,493,447,2025-12-18,4,145.0
5558,12,448,2025-11-25,5,31.3
5559,103,390,2025-11-21,4,159.84
5560,94,441,2025-05-08,3,122.16
5561,348,180,2025-07-11,1,25.09
5562,378,436,2025-02-25,4,63.6
5563,163,44,2025-09-20,8,108.4
5564,453,330,2025-04-25,6,192.12
5565,290,236,2025-03-28,2,21.56
5566,350,199,2025-08-29,2,85.62
5567,134,111,2025-12-24,1,40.29
5568,375,207,2025-04-20,2,13.34
5569,466,120,2025-11-23,1,48.03
5570,294,190,2025-12-07,2,76.72
5571,141,230,2025-08-27,6,36.6
5572,60,444,2025-12-10,2,25.46
5573,108,456,2025-07-22,1,20.11
5574,249,357,2025-07-18,1,11.85
5575,287,417,2025-12-30,2,93.22
5576,8,314,2025-12-28,1,9.59
5577,322,365,2025-05-10,2,21.28
5578,222,404,2025-12-15,1,15.65
5579,434,244,2025-01-25,2,14.74
5580,187,447,2025-08-01,1,36.25
5581,311,42,2025-08-15,2,96.7
5582,72,163,2025-04-03,4,76.44
5583,115,319,2025-10-07,3,127.83
5584,489,436,2025-10-02,1,15.9
5585,107,372,2025-07-13,2,35.46
5586,333,126,2025-06-09,2,50.66
5587,134,188,2025-06-22,1,20.14
5588,45,483,2025-12-28,2,28.06
5589,58,442,2025-10-30,7,339.36
5590,378,36,2025-01-19,1,34.51
5591,379,423,2025-06-25,2,51.26
5592,321,291,2025-11-20,3,23.31
5593,378,281,2025-06-03,1,16.34
5594,193,404,2025-08-24,6,93.9
5595,433,241,2025-02-24,2,28.12
5596,97,262,2025-09-25,2,42.04
5597,103,205,2025-11-24,3,17.49
5598,217,363,2025-12-18,3,22.44
5599,86,176,2025-11-12,8,128.88
5600,115,142,2025-01-21,4,195.84
5601,48,295,2025-11-01,4,114.64
5602,58,162,2025-12-28,1,48.84
5603,133,90,2025-05-18,6,99.36
5604,350,449,2025-02-03,1,40.17
5605,26,231,2025-01-16,5,46.85
5606,432,233,2025-10-03,4,41.56
5607,325,443,2025-04-15,2,88.1
5608,230,145,2025-04-20,1,22.53
5609,16,470,2025-11-22,4,110.68
5610,107,43,2025-08-08,2,94.78
5611,93,212,2025-11-28,2,37.38
5612,53,105,2025-08-10,1,30.02
5613,112,5,2025-07-17,1,10.95
5614,122,396,2025-04-29,2,44.68
5615,387,398,2025-06-20,2,66.82
5616,441,309,2025-11-16,2,23.48
5617,372,156,2025-11-02,4,126.72
5618,16,498,2025-12-30,10,108.8
5619,364,430,2025-06-26,6,71.4
5620,48,111,2025-07-12,2,80.58
5621,393,273,2025-02-08,4,49.72
5622,141,375,2025-09-23,1,34.15
5623,375,444,2025-09-27,2,25.46
5624,16,160,2025-11-27,6,206.88
5625,497,238,2025-10-12,4,195.88
5626,347,89,2025-11-02,1,14.72
5627,189,47,2025-08-07,10,203.7
5628,408,43,2025-07-07,2,94.78
5629,126,488,2025-07-28,1,49.15
5630,26,152,2025-04-26,1,46.77
5631,347,458,2025-02-23,1,37.28
5632,438,156,2025-11-12,3,95.04
5633,157,122,2025-08-24,4,123.0
5634,280,401,2025-12-10,3,95.16
5635,303,209,2025-10-04,7,340.69
5636,217,29,2025-10-11,2,62.24
5637,347,12,2025-12-30,2,54.86
5638,25,354,2025-11-13,3,63.27
5639,385,326,2025-12-29,1,15.15
5640,280,208,2025-03-24,2,50.0
5641,217,352,2025-08-05,1,6.01
5642,82,88,2025-06-21,3,120.66
5643,29,489,2025-10-25,1,34.02
5644,494,410,2025-10-16,7,310.31
5645,484,118,2025-01-12,1,5.52
5646,198,253,2025-10-30,1,11.66
5647,324,81,2025-10-02,1,44.19
5648,88,287,2025-10-15,2,80.38
5649,112,285,2025-03-26,2,55.3
5650,189,172,2025-10-03,1,36.82
5651,348,453,2025-01-22,6,291.3
5652,358,205,2025-11-05,1,5.83
5653,16,406,2025-05-01,7,250.53
5654,107,434,2025-01-26,2,91.16
5655,76,355,2025-08-26,8,64.8
5656,13,132,2025-01-19,5,102.3
5657,331,170,2025-12-19,2,22.56
5658,53,462,2025-05-02,2,98.46
5659,45,113,2025-06-26,2,12.76
5660,179,373,2025-08-17,6,234.54
5661,155,38,2025-11-30,1,16.47
5662,45,454,2025-02-21,6,57.36
5663,347,410,2025-01-03,4,177.32
5664,60,247,2025-07-30,5,122.1
5665,378,386,2025-11-29,3,19.08
5666,44,63,2025-08-07,4,89.52
5667,493,374,2025-12-17,1,24.26
5668,26,38,2025-11-10,3,49.41
5669,472,375,2025-05-26,1,34.15
5670,467,123,2025-06-05,3,112.8
5671,256,111,2025-12-14,3,120.87
5672,280,337,2025-06-08,4,137.12
5673,344,389,2025-11-09,2,50.78
5674,109,428,2025-09-25,4,90.92
5675,16,189,2025-11-19,4,54.6
5676,17,270,2025-09-06,6,79.02
5677,457,270,2025-12-25,1,13.17
5678,343,264,2025-04-14,2,41.02
5679,134,249,2025-06-27,6,197.7
5680,76,143,2025-08-20,2,87.3
5681,54,295,2025-08-09,2,57.32
5682,243,183,2025-06-03,3,46.2
5683,333,351,2025-08-29,4,139.92
5684,326,359,2025-10-30,3,84.57
5685,378,496,2025-11-09,3,131.25
5686,38,351,2025-06-17,6,209.88
5687,280,430,2025-07-11,4,47.6
5688,138,132,2025-10-16,2,40.92
5689,289,37,2025-07-26,4,52.32
5690,457,314,2025-07-29,2,19.18
5691,328,468,2025-07-30,5,152.95
5692,329,419,2025-04-24,1,9.28
5693,380,44,2025-07-07,4,54.2
5694,217,89,2025-08-21,6,88.32
5695,419,406,2025-09-25,4,143.16
5696,267,196,2025-11-06,2,13.38
5697,90,224,2025-10-25,3,126.45
5698,334,498,2025-02-21,1,10.88
5699,325,284,2025-04-30,1,15.21
5700,171,383,2025-06-08,1,42.17
5701,282,54,2025-09-13,6,268.68
5702,58,177,2025-05-29,1,36.2
5703,168,249,2025-07-20,5,164.75
5704,303,254,2025-12-13,1,42.57
5705,325,320,2025-11-13,3,15.21
5706,395,421,2025-11-23,9,360.45
5707,217,412,2025-11-30,2,19.66
5708,107,497,2025-04-03,2,48.2
5709,350,286,2025-11-27,1,8.29
5710,71,282,2025-08-11,1,38.19
5711,230,112,2025-07-14,7,56.14
5712,88,148,2025-08-17,4,49.0
5713,13,426,2025-09-25,2,65.64
5714,471,357,2025-11-29,3,35.55
5715,275,192,2025-08-15,2,96.74
5716,325,50,2025-11-09,4,148.0
5717,347,220,2025-04-07,6,99.06
5718,466,265,2025-04-25,4,186.4
5719,174,228,2025-09-09,2,61.5
5720,380,247,2025-06-29,1,24.42
5721,110,327,2025-11-09,5,107.0
5722,248,337,2025-11-18,2,68.56
5723,16,487,2025-07-19,1,39.26
5724,126,250,2025-10-25,2,25.3
5725,457,178,2025-05-28,1,27.89
5726,141,57,2025-08-02,1,23.59
5727,123,393,2025-05-15,1,44.0
5728,230,356,2025-05-03,2,51.3
5729,242,493,2025-06-12,2,56.16
5730,121,332,2025-03-11,8,392.64
5731,402,169,2025-06-13,5,117.85
5732,249,78,2025-04-22,1,13.07
5733,462,283,2025-07-12,1,17.0
5734,333,249,2025-11-26,4,131.8
5735,321,51,2025-08-30,3,138.9
5736,396,396,2025-03-29,6,134.04
5737,101,86,2025-03-07,1,25.51
5738,148,228,2025-10-31,1,30.75
5739,183,325,2025-03-13,4,161.6
5740,288,369,2025-12-22,5,113.25
5741,280,285,2025-05-10,2,55.3
5742,363,365,2025-06-02,1,10.64
5743,83,19,2025-07-25,1,11.31
5744,347,10,2025-10-13,1,24.63
5745,141,389,2025-11-22,1,25.39
5746,494,405,2025-12-15,3,22.26
5747,48,484,2025-08-14,2,75.02
5748,217,57,2025-02-23,4,94.36
5749,439,395,2025-11-08,4,136.2
5750,408,181,2025-08-22,10,387.3
5751,27,451,2025-08-08,3,16.89
5752,141,251,2025-09-14,1,8.87
5753,121,399,2025-09-07,1,14.34
5754,347,386,2025-11-27,1,6.36
5755,241,467,2025-05-02,5,69.1
5756,228,222,2025-10-20,2,59.18
5757,482,212,2025-05-16,2,37.38
5758,88,267,2025-02-23,8,299.92
5759,58,341,2025-11-29,1,19.59
5760,39,397,2025-11-26,3,84.45
5761,50,423,2025-09-05,1,25.63
5762,114,122,2025-12-06,6,184.5
5763,115,73,2025-10-09,6,127.38
5764,347,46,2025-09-14,5,165.85
5765,16,39,2025-12-26,1,10.99
5766,19,43,2025-06-06,6,284.34
5767,482,413,2025-11-18,8,82.8
5768,433,202,2025-11-28,8,98.08
5769,410,194,2025-08-09,6,203.28
5770,289,144,2025-04-22,1,19.27
5771,399,341,2025-09-26,5,97.95
5772,30,472,2025-06-07,2,56.18
5773,303,30,2025-01-11,1,30.58
5774,350,228,2025-10-04,5,153.75
5775,347,275,2025-09-25,4,103.32
5776,230,196,2025-08-03,3,20.07
5777,371,125,2025-12-09,1,32.41
5778,53,57,2025-12-29,1,23.59
5779,58,101,2025-04-13,1,48.49
5780,196,240,2025-11-30,6,299.4
5781,275,223,2025-09-14,1,6.52
5782,303,380,2025-11-13,3,39.51
5783,115,326,2025-07-16,2,30.3
5784,54,280,2025-08-02,2,33.56
5785,325,53,2025-09-22,2,58.56
5786,17,199,2025-05-08,5,214.05
5787,150,240,2025-11-09,1,49.9
5788,493,368,2025-02-02,6,267.6
5789,41,402,2025-10-01,6,128.28
5790,283,331,2025-09-19,1,15.36
5791,457,362,2025-06-22,8,235.44
5792,72,378,2025-02-18,5,30.05
5793,426,73,2025-02-13,3,63.69
5794,16,61,2025-01-09,8,328.4
5795,74,374,2025-02-08,1,24.26
5796,328,72,2025-12-13,1,46.54
5797,13,282,2025-11-25,4,152.76
5798,58,73,2025-11-17,5,106.15
5799,27,280,2025-05-25,1,16.78
5800,378,3,2025-06-22,2,31.5
5801,378,246,2025-12-11,2,14.86
5802,474,63,2025-07-07,1,22.38
5803,53,78,2025-02-02,6,78.42
5804,27,263,2025-02-11,7,68.53
5805,58,478,2025-08-19,1,35.46
5806,347,253,2025-12-15,6,69.96
5807,112,17,2025-08-01,2,10.74
5808,494,156,2025-12-29,1,31.68
5809,328,169,2025-12-13,1,23.57
5810,452,303,2025-09-08,2,13.14
5811,457,388,2025-07-09,3,79.86
5812,165,440,2025-07-15,1,27.42
5813,211,347,2025-05-11,3,18.3
5814,252,390,2025-12-21,1,39.96
5815,128,384,2025-04-19,5,169.6
5816,316,459,2025-06-25,9,321.93
5817,328,155,2025-06-25,2,99.92
5818,148,359,2025-12-19,5,140.95
5819,457,278,2025-11-27,1,48.61
5820,196,84,2025-01-11,2,89.18
5821,379,419,2025-11-19,3,27.84
5822,280,54,2025-11-14,1,44.78
5823,59,158,2025-12-16,6,148.14
5824,122,175,2025-11-12,2,65.7
5825,16,199,2025-11-05,3,128.43
5826,13,389,2025-08-09,1,25.39
5827,24,271,2025-08-31,5,110.4
5828,22,371,2025-01-14,3,52.2
5829,96,35,2025-12-31,1,31.81
5830,260,18,2025-07-18,3,118.41
5831,214,225,2025-12-29,3,108.12
5832,486,290,2025-11-07,6,262.86
5833,242,302,2025-07-16,1,28.67
5834,72,344,2025-11-15,4,158.52
5835,107,64,2025-07-08,1,24.1
5836,380,209,2025-04-22,2,97.34
5837,324,84,2025-12-10,1,44.59
5838,303,111,2025-11-02,3,120.87
5839,13,404,2025-05-13,2,31.3
5840,19,290,2025-01-28,9,394.29
5841,328,205,2025-05-30,3,17.49
5842,412,451,2025-04-15,2,11.26
5843,45,259,2025-10-03,2,28.96
5844,31,442,2025-12-02,7,339.36
5845,444,148,2025-12-18,2,24.5
5846,457,493,2025-06-04,3,84.24
5847,58,132,2025-11-26,1,20.46
5848,392,411,2025-06-05,1,15.03
5849,148,497,2025-08-25,1,24.1
5850,137,282,2025-01-18,2,76.38
5851,48,22,2025-09-01,1,39.23
5852,408,455,2025-03-04,1,27.03
5853,206,287,2025-12-03,2,80.38
5854,45,277,2025-04-19,5,166.05
5855,365,255,2025-11-06,1,24.51
5856,17,413,2025-02-26,2,20.7
5857,457,243,2025-07-19,6,53.22
5858,144,5,2025-06-04,1,10.95
5859,328,242,2025-09-17,1,33.79
5860,387,250,2025-11-06,2,25.3
5861,217,349,2025-03-01,1,44.36
5862,288,185,2025-11-03,1,21.98
5863,394,256,2025-02-09,3,110.58
5864,121,208,2025-11-02,2,50.0
5865,58,400,2025-06-24,1,34.57
5866,192,130,2025-11-19,1,6.64
5867,74,29,2025-05-24,2,62.24
5868,422,478,2025-06-24,7,248.22
5869,3,260,2025-01-31,7,347.13
5870,350,204,2025-05-18,2,53.04
5871,53,443,2025-07-26,1,44.05
5872,45,206,2025-10-08,2,76.02
5873,318,361,2025-11-11,1,39.75
5874,141,370,2025-01-12,1,43.91
5875,275,343,2025-10-28,1,43.03
5876,45,24,2025-06-19,1,32.74
5877,198,65,2025-09-24,1,22.7
5878,328,426,2025-12-15,1,32.82
5879,338,259,2025-04-16,1,14.48
5880,2,469,2025-06-21,2,46.5
5881,181,43,2025-07-07,1,47.39
5882,238,172,2025-01-26,5,184.1
5883,393,469,2025-11-04,1,23.25
5884,104,82,2025-08-08,2,91.4
5885,155,355,2025-02-18,1,8.1
5886,246,373,2025-09-26,2,78.18
5887,225,246,2025-10-23,1,7.43
5888,433,102,2025-06-21,3,120.66
5889,229,266,2025-06-29,2,66.58
5890,260,57,2025-12-12,2,47.18
5891,294,458,2025-11-10,2,74.56
5892,490,25,2025-01-06,4,34.2
5893,58,329,2025-12-21,1,38.49
5894,126,321,2025-10-14,1,24.32
5895,115,215,2025-05-20,3,75.48
5896,56,451,2025-08-05,1,5.63
5897,303,65,2025-11-23,2,45.4
5898,105,401,2025-12-08,3,95.16
5899,88,473,2025-11-23,5,151.3
5900,297,76,2025-12-22,2,82.66
5901,223,95,2025-11-25,5,247.65
5902,295,492,2025-12-09,5,220.35
5903,58,325,2025-12-01,1,40.4
5904,294,112,2025-12-26,8,64.16
5905,194,411,2025-12-09,2,30.06
5906,493,316,2025-09-08,2,17.62
5907,261,409,2025-11-26,7,150.92
5908,13,405,2025-05-20,1,7.42
5909,148,239,2025-12-24,4,178.04
5910,324,74,2025-06-02,3,135.36
5911,126,222,2025-01-21,2,59.18
5912,393,155,2025-02-27,1,49.96
5913,206,163,2025-05-24,1,19.11
5914,48,329,2025-11-10,1,38.49
5915,115,377,2025-08-05,2,79.58
5916,489,116,2025-11-09,3,125.46
5917,78,301,2025-05-19,1,21.66
5918,48,406,2025-04-25,10,357.9
5919,294,172,2025-09-18,2,73.64
5920,347,457,2025-11-17,1,28.22
5921,338,128,2025-08-09,3,72.12
5922,123,217,2025-04-06,2,70.76
5923,259,478,2025-03-25,1,35.46
5924,220,81,2025-09-07,1,44.19
5925,72,205,2025-01-30,1,5.83
5926,13,250,2025-03-04,4,50.6
5927,314,28,2025-06-18,5,187.55
5928,126,140,2025-05-23,1,31.49
5929,325,485,2025-11-22,2,46.32
5930,17,191,2025-02-20,5,210.95
5931,344,411,2025-03-08,5,75.15
5932,53,433,2025-11-03,1,22.09
5933,13,179,2025-12-12,4,192.84
5934,90,477,2025-11-20,4,110.84
5935,457,171,2025-11-16,3,96.45
5936,280,458,2025-06-16,7,260.96
5937,355,324,2025-05-31,3,138.24
5938,152,62,2025-07-01,4,105.36
5939,407,337,2025-12-22,2,68.56
5940,45,5,2025-07-11,5,54.75
5941,249,22,2025-07-03,1,39.23
5942,37,257,2025-10-22,5,105.7
5943,224,450,2025-07-15,1,45.75
5944,13,468,2025-04-14,7,214.13
5945,457,23,2025-11-02,1,38.55
5946,53,435,2025-11-24,1,27.76
5947,352,269,2025-03-27,2,66.16
5948,54,410,2025-10-02,8,354.64
5949,466,285,2025-03-31,2,55.3
5950,406,376,2025-08-23,2,58.52
5951,129,477,2025-11-30,3,83.13
5952,29,172,2025-10-22,10,368.2
5953,24,246,2025-09-06,1,7.43
5954,286,81,2025-08-05,5,220.95
5955,196,230,2025-12-04,1,6.1
5956,54,10,2025-04-14,2,49.26
5957,13,492,2025-11-25,2,88.14
5958,367,390,2025-07-15,3,119.88
5959,90,178,2025-09-04,8,223.12
5960,378,134,2025-04-15,2,71.44
5961,22,270,2025-01-14,2,26.34
5962,468,173,2025-07-28,4,24.28
5963,311,221,2025-02-10,1,24.81
5964,82,107,2025-11-27,10,198.5
5965,141,470,2025-11-17,3,83.01
5966,58,369,2025-10-05,1,22.65
5967,147,170,2025-12-12,4,45.12
5968,261,247,2025-11-23,4,97.68
5969,306,353,2025-04-13,3,140.91
5970,116,56,2025-11-27,2,15.74
5971,347,74,2025-11-01,1,45.12
5972,196,173,2025-12-31,2,12.14
5973,380,260,2025-12-10,10,495.9
5974,441,432,2025-11-19,1,8.84
5975,155,267,2025-07-15,2,74.98
5976,386,7,2025-07-13,1,43.63
5977,377,396,2025-05-17,3,67.02
5978,294,161,2025-10-10,1,21.6
5979,296,355,2025-12-01,8,64.8
5980,479,493,2025-07-19,3,84.24
5981,42,79,2025-05-25,2,64.96
5982,370,311,2025-04-04,4,129.12
5983,44,324,2025-06-15,2,92.16
5984,45,115,2025-03-02,6,168.72
5985,241,232,2025-07-24,5,48.1
5986,378,338,2025-03-12,2,20.34
5987,347,473,2025-01-09,2,60.52
5988,58,173,2025-11-17,1,6.07
5989,457,436,2025-01-18,1,15.9
5990,453,395,2025-08-18,1,34.05
5991,29,410,2025-01-18,1,44.33
5992,493,425,2025-03-13,3,72.69
5993,148,80,2025-12-10,1,34.84
5994,452,77,2025-12-23,1,44.28
5995,72,126,2025-07-24,5,126.65
5996,141,116,2025-02-12,7,292.74
5997,400,17,2025-12-30,3,16.11
5998,280,472,2025-07-19,1,28.09
5999,496,210,2025-11-22,1,40.93
6000,53,448,2025-05-30,2,12.52
6001,280,376,2025-03-04,2,58.52
6002,303,455,2025-12-22,2,54.06
6003,110,149,2025-09-22,1,17.09
6004,53,102,2025-05-09,4,160.88
6005,470,325,2025-03-28,1,40.4
6006,378,358,2025-12-30,4,28.72
6007,328,159,2025-10-15,2,72.42
6008,492,382,2025-07-01,1,33.19
6009,208,52,2025-12-13,1,16.53
6010,72,12,2025-08-07,1,27.43
6011,50,140,2025-11-25,2,62.98
6012,44,339,2025-11-15,8,348.08
6013,88,14,2025-11-15,1,6.04
6014,375,317,2025-12-09,3,87.6
6015,328,310,2025-12-15,7,335.44
6016,62,383,2025-03-08,8,337.36
6017,87,494,2025-02-27,2,13.32
6018,16,219,2025-07-08,4,83.6
6019,455,24,2025-05-03,2,65.48
6020,380,42,2025-07-03,1,48.35
6021,189,209,2025-07-11,4,194.68
6022,46,477,2025-05-02,1,27.71
6023,369,205,2025-08-31,2,11.66
6024,364,303,2025-09-25,1,6.57
6025,4,208,2025-02-01,5,125.0
6026,242,3,2025-02-15,4,63.0
6027,294,335,2025-12-25,2,94.58
6028,324,418,2025-06-07,10,318.8
6029,72,227,2025-09-04,1,38.17
6030,380,143,2025-07-02,3,130.95
6031,453,45,2025-02-10,7,178.43
6032,135,230,2025-06-19,1,6.1
6033,148,340,2025-11-17,3,149.94
6034,8,482,2025-11-11,1,31.96
6035,13,420,2025-03-25,1,33.14
6036,126,160,2025-05-01,3,103.44
6037,86,179,2025-10-13,1,48.21
6038,263,332,2025-03-24,5,245.4
6039,483,445,2025-12-07,2,27.22
6040,335,254,2025-12-09,4,170.28
6041,465,422,2025-12-26,2,91.82
6042,466,428,2025-12-22,3,68.19
6043,448,233,2025-10-13,3,31.17
6044,410,296,2025-02-08,1,11.49
6045,51,226,2025-11-30,7,190.54
6046,347,245,2025-07-18,5,80.3
6047,280,451,2025-08-05,4,22.52
6048,458,314,2025-06-13,1,9.59
6049,148,206,2025-11-13,1,38.01
6050,58,53,2025-11-15,7,204.96
6051,379,249,2025-10-11,1,32.95
6052,408,339,2025-10-08,1,43.51
6053,418,203,2025-12-24,2,54.44
6054,493,65,2025-12-12,3,68.1
6055,16,200,2025-02-01,9,89.64
6056,457,342,2025-11-26,4,68.44
6057,72,213,2025-11-14,1,6.79
6058,432,496,2025-04-09,4,175.0
6059,378,438,2025-09-05,1,33.39
6060,303,336,2025-11-17,4,96.32
6061,494,320,2025-06-13,1,5.07
6062,467,437,2025-12-30,2,88.58
6063,72,32,2025-11-07,1,21.56
6064,237,486,2025-03-22,3,57.39
6065,39,497,2025-07-29,2,48.2
6066,72,396,2025-10-05,10,223.4
6067,102,110,2025-12-01,4,120.6
6068,56,63,2025-12-27,2,44.76
6069,294,425,2025-10-23,1,24.23
6070,166,312,2025-05-04,1,36.47
6071,115,212,2025-06-21,5,93.45
6072,217,116,2025-01-08,4,167.28
6073,123,338,2025-11-24,1,10.17
6074,217,454,2025-11-18,6,57.36
6075,347,90,2025-11-30,2,33.12
6076,482,165,2025-08-09,5,160.5
6077,111,390,2025-04-06,1,39.96
6078,408,411,2025-09-25,6,90.18
6079,421,223,2025-11-24,2,13.04
6080,26,401,2025-12-03,8,253.76
6081,366,13,2025-07-01,2,28.08
6082,289,360,2025-02-11,2,98.68
6083,46,358,2025-11-02,6,43.08
6084,126,88,2025-09-30,6,241.32
6085,88,489,2025-11-01,2,68.04
6086,48,454,2025-04-14,4,38.24
6087,303,98,2025-11-07,2,93.42
6088,16,319,2025-09-01,2,85.22
6089,290,240,2025-10-31,4,199.6
6090,489,101,2025-12-26,3,145.47
6091,289,391,2025-08-19,2,66.84
6092,90,369,2025-10-05,2,45.3
6093,350,201,2025-02-16,8,298.0
6094,140,76,2025-04-17,8,330.64
6095,153,54,2025-10-28,1,44.78
6096,17,106,2025-09-24,1,29.58
6097,73,490,2025-09-12,1,12.88
6098,16,322,2025-08-05,1,26.49
6099,294,493,2025-03-15,6,168.48
6100,251,350,2025-11-02,4,126.68
6101,176,118,2025-02-21,4,22.08
6102,426,179,2025-11-10,1,48.21
6103,195,433,2025-03-03,1,22.09
6104,72,224,2025-09-09,3,126.45
6105,302,323,2025-10-14,2,71.66
6106,44,181,2025-10-24,2,77.46
6107,39,454,2025-01-31,1,9.56
6108,412,394,2025-10-23,1,27.15
6109,302,354,2025-07-06,1,21.09
6110,45,67,2025-01-15,1,10.23
6111,243,2,2025-11-17,4,143.2
6112,185,102,2025-05-05,10,402.2
6113,162,393,2025-04-04,3,132.0
6114,457,447,2025-09-28,2,72.5
6115,143,314,2025-03-27,2,19.18
6116,328,128,2025-11-10,1,24.04
6117,432,33,2025-07-30,7,245.42
6118,233,3,2025-07-09,1,15.75
6119,297,283,2025-06-24,1,17.0
6120,94,154,2025-10-16,1,17.44
6121,358,2,2025-12-06,3,107.4
6122,289,419,2025-03-01,1,9.28
6123,494,362,2025-11-20,2,58.86
6124,44,429,2025-11-04,1,42.58
6125,17,69,2025-03-08,3,26.37
6126,326,429,2025-12-11,2,85.16
6127,433,121,2025-10-21,2,84.94
6128,433,255,2025-02-23,10,245.1
6129,272,306,2025-06-28,2,87.84
6130,17,419,2025-02-11,2,18.56
6131,231,229,2025-07-06,4,81.84
6132,377,43,2025-04-02,9,426.51
6133,13,131,2025-10-08,6,163.68
6134,337,4,2025-12-29,4,174.08
6135,156,35,2025-03-18,4,127.24
6136,45,92,2025-06-29,3,102.63
6137,44,492,2025-07-23,3,132.21
6138,48,24,2025-11-20,2,65.48
6139,71,228,2025-09-15,2,61.5
6140,112,403,2025-12-04,2,30.02
6141,433,389,2025-09-01,2,50.78
6142,408,167,2025-03-28,4,144.08
6143,328,282,2025-02-13,3,114.57
6144,488,238,2025-06-17,6,293.82
6145,462,338,2025-11-29,6,61.02
6146,324,195,2025-03-07,4,46.52
6147,353,101,2025-07-01,1,48.49
6148,337,326,2025-11-05,3,45.45
6149,328,352,2025-10-08,9,54.09
6150,457,383,2025-07-04,1,42.17
6151,266,296,2025-10-21,6,68.94
6152,44,357,2025-03-04,2,23.7
6153,377,109,2025-11-28,2,17.08
6154,198,452,2025-09-17,5,203.9
6155,348,204,2025-11-18,2,53.04
6156,317,497,2025-11-09,3,72.3
6157,484,5,2025-05-23,3,32.85
6158,189,401,2025-08-10,1,31.72
6159,432,446,2025-12-22,4,137.96
6160,203,207,2025-12-02,3,20.01
6161,37,328,2025-11-05,4,41.04
6162,203,426,2025-10-10,2,65.64
6163,375,128,2025-11-01,2,48.08
6164,358,169,2025-09-30,7,164.99
6165,126,237,2025-12-24,5,202.15
6166,39,260,2025-09-14,5,247.95
6167,309,169,2025-11-30,2,47.14
6168,261,270,2025-09-13,2,26.34
6169,380,251,2025-12-22,5,44.35
6170,347,413,2025-02-15,3,31.05
6171,112,162,2025-12-04,3,146.52
6172,403,112,2025-01-17,2,16.04
6173,320,165,2025-04-23,1,32.1
6174,338,67,2025-04-19,7,71.61
6175,112,115,2025-11-24,1,28.12
6176,61,162,2025-03-27,1,48.84
6177,297,415,2025-06-22,1,29.51
6178,126,97,2025-03-20,1,45.74
6179,72,150,2025-05-16,2,63.9
6180,466,364,2025-12-19,2,87.64
6181,217,19,2025-11-02,1,11.31
6182,122,499,2025-05-07,2,13.88
6183,410,410,2025-11-19,2,88.66
6184,442,289,2025-11-04,1,20.12
6185,217,245,2025-02-21,3,48.18
6186,206,16,2025-01-14,2,20.14
6187,217,465,2025-12-06,8,199.44
6188,13,187,2025-10-21,2,45.96
6189,408,344,2025-09-12,1,39.63
6190,338,298,2025-07-26,2,93.32
6191,297,220,2025-07-23,1,16.51
6192,393,473,2025-11-20,4,121.04
6193,112,296,2025-03-14,4,45.96
6194,380,15,2025-11-14,2,47.66
6195,478,194,2025-12-13,4,135.52
6196,137,456,2025-12-31,6,120.66
6197,217,32,2025-12-06,3,64.68
6198,79,54,2025-06-01,2,89.56
6199,227,13,2025-07-31,6,84.24
6200,16,20,2025-06-04,1,48.13
6201,380,235,2025-04-10,2,31.32
6202,31,94,2025-04-04,4,67.44
6203,243,302,2025-04-08,4,114.68
6204,17,296,2025-02-20,6,68.94
6205,328,436,2025-10-04,2,31.8
6206,120,22,2025-02-06,5,196.15
6207,345,120,2025-03-05,3,144.09
6208,126,162,2025-05-15,1,48.84
6209,405,456,2025-08-18,2,40.22
6210,115,205,2025-09-05,1,5.83
6211,13,492,2025-11-27,1,44.07
6212,448,28,2025-07-19,6,225.06
6213,326,297,2025-11-12,2,71.3
6214,58,433,2025-05-14,3,66.27
6215,143,454,2025-12-21,5,47.8
6216,375,470,2025-03-21,5,138.35
6217,205,282,2025-07-07,2,76.38
6218,407,134,2025-08-29,1,35.72
6219,410,214,2025-11-20,2,36.32
6220,160,45,2025-11-02,1,25.49
6221,217,280,2025-08-15,2,33.56
6222,45,263,2025-02-20,4,39.16
6223,72,363,2025-07-24,3,22.44
6224,328,175,2025-03-01,1,32.85
6225,137,18,2025-10-31,2,78.94
6226,58,407,2025-07-17,1,42.19
6227,20,157,2025-12-13,10,191.7
6228,115,74,2025-09-12,2,90.24
6229,16,390,2025-12-29,4,159.84
6230,155,192,2025-09-12,3,145.11
6231,58,44,2025-12-26,3,40.65
6232,230,285,2025-10-22,1,27.65
6233,250,1,2025-12-04,3,64.02
6234,347,188,2025-11-16,1,20.14
6235,126,242,2025-10-24,5,168.95
6236,436,297,2025-05-14,2,71.3
6237,217,332,2025-07-23,6,294.48
6238,115,47,2025-11-11,1,20.37
6239,244,27,2025-12-02,5,210.7
6240,48,7,2025-11-01,2,87.26
6241,254,84,2025-11-19,3,133.77
6242,16,17,2025-05-22,1,5.37
6243,247,187,2025-04-29,6,137.88
6244,224,346,2025-08-21,3,29.91
6245,123,445,2025-12-21,3,40.83
6246,26,131,2025-12-15,5,136.4
6247,375,343,2025-03-22,3,129.09
6248,457,179,2025-02-10,4,192.84
6249,27,48,2025-06-26,6,148.2
6250,123,445,2025-05-30,2,27.22
6251,495,395,2025-11-24,4,136.2
6252,14,393,2025-07-04,6,264.0
6253,53,414,2025-06-16,4,90.2
6254,39,267,2025-10-26,1,37.49
6255,185,140,2025-09-03,3,94.47
6256,444,258,2025-02-27,2,19.9
6257,182,131,2025-01-12,1,27.28
6258,167,108,2025-10-18,1,25.38
6259,176,378,2025-05-05,3,18.03
6260,126,467,2025-03-23,4,55.28
6261,403,129,2025-11-03,2,81.48
6262,493,306,2025-09-18,1,43.92
6263,104,61,2025-05-27,2,82.1
6264,272,334,2025-11-15,1,35.68
6265,141,453,2025-09-29,1,48.55
6266,474,316,2025-07-05,8,70.48
6267,163,436,2025-12-01,2,31.8
6268,360,446,2025-04-19,6,206.94
6269,347,368,2025-11-28,3,133.8
6270,54,241,2025-12-26,8,112.48
6271,191,157,2025-11-09,2,38.34
6272,213,491,2025-10-30,1,14.87
6273,256,407,2025-12-22,5,210.95
6274,48,256,2025-07-15,2,73.72
6275,303,319,2025-05-26,5,213.05
6276,146,318,2025-08-31,6,240.66
6277,420,269,2025-10-19,2,66.16
6278,351,133,2025-06-11,6,125.76
6279,60,3,2025-12-08,1,15.75
6280,386,213,2025-12-24,10,67.9
6281,162,94,2025-11-20,3,50.58
6282,302,129,2025-12-23,2,81.48
6283,217,431,2025-10-04,1,19.48
6284,265,310,2025-05-10,1,47.92
6285,280,472,2025-11-14,6,168.54
6286,82,70,2025-07-26,4,93.8
6287,115,495,2025-05-29,7,142.17
6288,432,266,2025-10-11,1,33.29
6289,380,68,2025-05-13,4,118.2
6290,408,28,2025-12-08,1,37.51
6291,296,35,2025-11-26,2,63.62
6292,215,447,2025-04-10,5,181.25
6293,347,67,2025-12-26,3,30.69
6294,426,434,2025-11-16,1,45.58
6295,141,464,2025-09-26,2,77.08
6296,474,319,2025-11-10,5,213.05
6297,311,222,2025-07-08,2,59.18
6298,17,322,2025-02-01,5,132.45
6299,72,481,2025-04-05,1,10.55
6300,158,300,2025-11-13,1,26.87
6301,410,200,2025-12-20,3,29.88
6302,16,275,2025-09-10,2,51.66
6303,56,230,2025-11-18,6,36.6
6304,377,430,2025-01-03,3,35.7
6305,223,47,2025-09-28,4,81.48
6306,17,470,2025-04-24,1,27.67
6307,166,151,2025-12-17,1,33.87
6308,427,200,2025-12-16,1,9.96
6309,444,96,2025-11-25,2,25.1
6310,466,77,2025-11-01,1,44.28
6311,228,426,2025-08-18,1,32.82
6312,93,94,2025-12-01,3,50.58
6313,474,417,2025-05-21,5,233.05
6314,356,246,2025-12-23,1,7.43
6315,45,440,2025-04-21,5,137.1
6316,380,29,2025-08-23,1,31.12
6317,246,112,2025-09-23,1,8.02
6318,280,88,2025-08-24,3,120.66
6319,13,160,2025-11-30,4,137.92
6320,217,170,2025-01-24,2,22.56
6321,294,297,2025-07-20,4,142.6
6322,380,151,2025-12-21,1,33.87
6323,72,185,2025-12-18,4,87.92
6324,77,446,2025-11-10,3,103.47
6325,333,195,2025-07-26,3,34.89
6326,187,383,2025-12-17,3,126.51
6327,48,320,2025-05-06,5,25.35
6328,297,181,2025-04-18,2,77.46
6329,135,457,2025-07-01,1,28.22
6330,60,491,2025-05-11,1,14.87
6331,451,305,2025-08-01,2,63.32
6332,141,116,2025-03-23,5,209.1
6333,280,124,2025-09-23,4,108.4
6334,11,74,2025-02-25,2,90.24
6335,126,165,2025-07-20,6,192.6
6336,418,345,2025-12-02,1,25.89
6337,216,144,2025-11-07,5,96.35
6338,45,326,2025-07-01,3,45.45
6339,72,164,2025-09-15,6,250.98
6340,27,237,2025-07-20,3,121.29
6341,305,175,2025-12-12,3,98.55
6342,13,457,2025-07-12,2,56.44
6343,41,69,2025-05-21,3,26.37
6344,353,187,2025-08-10,5,114.9
6345,463,115,2025-05-03,3,84.36
6346,27,74,2025-11-05,5,225.6
6347,392,331,2025-08-22,8,122.88
6348,249,50,2025-11-13,5,185.0
6349,325,427,2025-11-03,6,108.0
6350,217,31,2025-11-11,5,106.15
6351,254,323,2025-11-05,2,71.66
6352,13,263,2025-05-07,4,39.16
6353,112,422,2025-06-02,4,183.64
6354,53,403,2025-05-24,1,15.01
6355,328,378,2025-12-10,4,24.04
6356,317,149,2025-12-14,3,51.27
6357,53,91,2025-01-09,4,111.28
6358,379,368,2025-09-02,5,223.0
6359,483,32,2025-08-11,4,86.24
6360,432,46,2025-11-20,1,33.17
6361,206,155,2025-05-05,2,99.92
6362,457,105,2025-12-03,4,120.08
6363,230,411,2025-11-08,2,30.06
6364,157,355,2025-02-07,1,8.1
6365,112,253,2025-09-03,1,11.66
6366,217,14,2025-03-04,4,24.16
6367,324,258,2025-12-23,1,9.95
6368,433,287,2025-02-19,1,40.19
6369,454,280,2025-12-02,3,50.34
6370,105,155,2025-09-22,5,249.8
6371,457,347,2025-03-19,3,18.3
6372,350,99,2025-09-03,2,93.86
6373,15,49,2025-11-23,2,99.0
6374,75,251,2025-11-29,1,8.87
6375,72,467,2025-12-29,2,27.64
6376,436,462,2025-10-23,3,147.69
6377,266,149,2025-12-26,1,17.09
6378,15,401,2025-01-08,1,31.72
6379,187,304,2025-12-09,2,26.96
6380,365,244,2025-08-09,4,29.48
6381,209,178,2025-12-16,4,111.56
6382,221,78,2025-11-21,1,13.07
6383,280,202,2025-11-07,1,12.26
6384,327,373,2025-08-21,1,39.09
6385,126,162,2025-12-24,4,195.36
6386,380,489,2025-07-28,1,34.02
6387,15,31,2025-10-28,2,42.46
6388,54,207,2025-01-12,6,40.02
6389,4,441,2025-12-13,4,162.88
6390,225,31,2025-05-23,1,21.23
6391,328,401,2025-11-17,1,31.72
6392,141,287,2025-12-09,2,80.38
6393,380,410,2025-04-07,4,177.32
6394,453,147,2025-09-16,6,271.2
6395,16,125,2025-09-07,2,64.82
6396,299,96,2025-01-19,1,12.55
6397,303,352,2025-06-18,2,12.02
6398,289,446,2025-11-12,1,34.49
6399,129,401,2025-03-19,1,31.72
6400,17,399,2025-06-28,4,57.36
6401,15,281,2025-09-30,4,65.36
6402,112,75,2025-12-27,7,329.77
6403,317,211,2025-01-23,1,16.19
6404,410,265,2025-06-14,2,93.2
6405,61,119,2025-11-04,2,99.76
6406,347,235,2025-01-08,2,31.32
6407,77,20,2025-09-16,1,48.13
6408,347,57,2025-06-17,4,94.36
6409,172,92,2025-11-12,2,68.42
6410,22,457,2025-11-23,1,28.22
6411,26,198,2025-07-04,6,134.28
6412,53,265,2025-12-03,3,139.8
6413,297,175,2025-11-26,2,65.7
6414,375,90,2025-07-12,4,66.24
6415,90,474,2025-05-17,5,234.2
6416,316,232,2025-12-08,1,9.62
6417,410,324,2025-01-10,3,138.24
6418,311,346,2025-06-19,2,19.94
6419,378,48,2025-01-01,3,74.1
6420,308,398,2025-12-05,1,33.41
6421,250,465,2025-09-26,1,24.93
6422,184,381,2025-02-28,5,53.0
6423,404,189,2025-11-08,3,40.95
6424,201,11,2025-12-11,8,287.6
6425,495,44,2025-05-25,2,27.1
6426,457,36,2025-07-18,1,34.51
6427,58,124,2025-11-28,1,27.1
6428,112,447,2025-05-09,4,145.0
6429,128,89,2025-08-01,5,73.6
6430,163,449,2025-06-22,4,160.68
6431,90,146,2025-04-12,3,43.5
6432,303,428,2025-09-10,1,22.73
6433,311,433,2025-11-27,2,44.18
6434,58,58,2025-04-01,2,69.08
6435,115,332,2025-12-29,10,490.8
6436,207,357,2025-06-19,4,47.4
6437,280,418,2025-05-22,2,63.76
6438,134,143,2025-05-06,6,261.9
6439,141,28,2025-08-03,1,37.51
6440,280,350,2025-09-04,4,126.68
6441,89,488,2025-10-15,1,49.15
6442,479,155,2025-01-09,3,149.88
6443,16,321,2025-12-10,4,97.28
6444,249,366,2025-12-08,2,26.2
6445,420,104,2025-12-27,3,31.68
6446,251,366,2025-11-26,2,26.2
6447,280,338,2025-08-18,1,10.17
6448,20,141,2025-07-11,3,148.26
6449,378,175,2025-08-27,2,65.7
6450,381,444,2025-11-03,9,114.57
6451,370,405,2025-01-29,3,22.26
6452,285,373,2025-11-01,3,117.27
6453,325,478,2025-07-03,2,70.92
6454,347,299,2025-11-03,5,140.95
6455,39,410,2025-11-15,2,88.66
6456,290,109,2025-06-30,7,59.78
6457,430,440,2025-11-30,3,82.26
6458,309,370,2025-11-08,3,131.73
6459,306,235,2025-09-27,1,15.66
6460,217,175,2025-09-04,1,32.85
6461,451,425,2025-02-03,1,24.23
6462,275,293,2025-11-13,8,143.44
6463,104,373,2025-07-13,1,39.09
6464,324,282,2025-07-24,10,381.9
6465,221,33,2025-10-12,2,70.12
6466,45,500,2025-12-17,1,15.94
6467,252,5,2025-12-07,5,54.75
6468,191,24,2025-12-01,5,163.7
6469,348,385,2025-11-17,4,109.0
6470,228,85,2025-11-14,1,19.43
6471,380,293,2025-11-23,8,143.44
6472,121,305,2025-05-17,1,31.66
6473,433,277,2025-07-24,2,66.42
6474,100,178,2025-11-20,1,27.89
6475,121,416,2025-05-28,2,98.2
6476,66,185,2025-03-16,3,65.94
6477,322,53,2025-10-06,2,58.56
6478,462,2,2025-08-19,5,179.0
6479,45,387,2025-04-11,1,47.42
6480,228,30,2025-12-13,1,30.58
6481,90,177,2025-07-31,1,36.2
6482,434,6,2025-12-08,3,19.68
6483,375,398,2025-01-15,4,133.64
6484,158,264,2025-05-03,2,41.02
6485,265,189,2025-05-13,1,13.65
6486,498,304,2025-09-16,9,121.32
6487,302,205,2025-11-27,4,23.32
6488,112,70,2025-10-07,2,46.9
6489,217,273,2025-12-05,7,87.01
6490,366,119,2025-03-31,2,99.76
6491,377,255,2025-12-27,3,73.53
6492,347,19,2025-11-07,1,11.31
6493,126,4,2025-08-25,2,87.04
6494,432,480,2025-03-07,6,228.9
6495,131,98,2025-08-09,1,46.71
6496,411,455,2025-11-21,5,135.15
6497,378,66,2025-05-13,2,56.58
6498,58,138,2025-09-30,2,49.54
6499,2,386,2025-10-26,7,44.52
6500,490,338,2025-08-14,2,20.34
6501,38,152,2025-12-21,2,93.54
6502,303,50,2025-06-24,2,74.0
6503,232,318,2025-09-08,3,120.33
6504,303,323,2025-01-07,5,179.15
6505,147,268,2025-12-31,2,16.2
6506,45,270,2025-05-31,10,131.7
6507,377,309,2025-11-02,2,23.48
6508,362,442,2025-08-30,1,48.48
6509,155,85,2025-11-01,1,19.43
6510,129,494,2025-11-27,2,13.32
6511,380,66,2025-02-22,2,56.58
6512,376,208,2025-07-30,3,75.0
6513,294,153,2025-07-15,2,16.1
6514,483,296,2025-12-27,3,34.47
6515,107,371,2025-03-19,3,52.2
6516,163,95,2025-01-17,2,99.06
6517,347,167,2025-07-05,2,72.04
6518,177,152,2025-05-22,1,46.77
6519,375,315,2025-07-20,2,85.8
6520,471,179,2025-01-18,2,96.42
6521,27,102,2025-07-14,1,40.22
6522,126,77,2025-08-02,4,177.12
6523,240,482,2025-11-24,1,31.96
6524,16,180,2025-05-24,4,100.36
6525,112,88,2025-08-24,7,281.54
6526,88,289,2025-12-15,1,20.12
6527,328,409,2025-07-13,1,21.56
6528,437,266,2025-10-10,2,66.58
6529,178,107,2025-11-24,8,158.8
6530,192,397,2025-07-10,4,112.6
6531,244,264,2025-10-07,2,41.02
6532,277,221,2025-12-03,4,99.24
6533,131,254,2025-10-01,1,42.57
6534,27,327,2025-12-25,7,149.8
6535,293,418,2025-05-25,1,31.88
6536,325,131,2025-07-19,6,163.68
6537,416,226,2025-11-08,4,108.88
6538,206,67,2025-11-26,2,20.46
6539,167,177,2025-10-13,6,217.2
6540,148,379,2025-04-18,2,11.4
6541,416,258,2025-09-25,1,9.95
6542,311,23,2025-05-09,3,115.65
6543,326,21,2025-06-07,2,94.26
6544,141,262,2025-02-08,5,105.1
6545,54,202,2025-12-13,5,61.3
6546,294,153,2025-04-30,4,32.2
6547,44,91,2025-05-13,10,278.2
6548,47,17,2025-03-12,5,26.85
6549,429,24,2025-02-17,1,32.74
6550,29,219,2025-07-10,1,20.9
6551,261,207,2025-11-07,1,6.67
6552,280,337,2025-07-30,4,137.12
6553,457,416,2025-02-06,2,98.2
6554,89,358,2025-05-19,2,14.36
6555,323,365,2025-11-23,6,63.84
6556,141,22,2025-09-21,4,156.92
6557,377,111,2025-06-20,1,40.29
6558,80,1,2025-09-23,1,21.34
6559,328,393,2025-06-24,5,220.0
6560,271,99,2025-06-28,4,187.72
6561,380,36,2025-12-29,1,34.51
6562,53,494,2025-06-15,2,13.32
6563,53,307,2025-09-13,1,14.43
6564,80,321,2025-09-07,4,97.28
6565,280,295,2025-12-11,1,28.66
6566,104,273,2025-11-08,2,24.86
6567,72,248,2025-11-16,1,46.99
6568,324,363,2025-06-05,1,7.48
6569,27,9,2025-12-18,2,28.66
6570,378,79,2025-03-14,8,259.84
6571,112,144,2025-11-03,3,57.81
6572,187,22,2025-03-19,3,117.69
6573,72,480,2025-12-16,6,228.9
6574,37,80,2025-09-12,4,139.36
6575,347,35,2025-01-13,3,95.43
6576,111,404,2025-12-29,8,125.2
6577,115,199,2025-01-08,3,128.43
6578,289,252,2025-12-14,3,37.86
6579,141,426,2025-03-14,3,98.46
6580,45,443,2025-12-22,3,132.15
6581,377,101,2025-05-22,1,48.49
6582,339,394,2025-10-24,2,54.3
6583,217,114,2025-03-14,1,7.28
6584,152,285,2025-11-20,3,82.95
6585,347,434,2025-10-28,1,45.58
6586,488,391,2025-07-04,2,66.84
6587,380,177,2025-12-12,1,36.2
6588,350,406,2025-11-27,2,71.58
6589,347,483,2025-07-09,3,42.09
6590,94,430,2025-01-09,1,11.9
6591,316,465,2025-02-20,1,24.93
6592,317,140,2025-11-27,2,62.98
6593,198,16,2025-05-29,5,50.35
6594,297,425,2025-11-28,6,145.38
6595,215,135,2025-07-05,2,30.26
6596,429,469,2025-09-22,5,116.25
6597,303,312,2025-01-09,9,328.23
6598,58,149,2025-03-20,3,51.27
6599,180,465,2025-12-21,2,49.86
6600,401,148,2025-04-25,2,24.5
6601,474,100,2025-10-29,1,49.89
6602,306,72,2025-12-10,2,93.08
6603,10,456,2025-03-10,2,40.22
6604,42,67,2025-01-31,3,30.69
6605,51,199,2025-07-04,1,42.81
6606,112,158,2025-07-01,3,74.07
6607,437,305,2025-11-13,6,189.96
6608,141,64,2025-11-16,2,48.2
6609,293,421,2025-12-24,3,120.15
6610,310,488,2025-02-12,1,49.15
6611,217,141,2025-12-11,1,49.42
6612,51,426,2025-03-27,1,32.82
6613,26,308,2025-11-17,2,41.5
6614,126,174,2025-04-12,4,151.32
6615,123,170,2025-06-24,1,11.28
6616,410,191,2025-11-17,6,253.14
6617,123,148,2025-10-27,3,36.75
6618,280,4,2025-03-23,3,130.56
6619,121,470,2025-12-19,1,27.67
6620,185,466,2025-11-26,3,111.51
6621,413,475,2025-05-01,4,191.04
6622,131,349,2025-05-30,5,221.8
6623,425,78,2025-12-19,3,39.21
6624,457,219,2025-11-04,7,146.3
6625,478,444,2025-02-16,3,38.19
6626,58,492,2025-02-04,1,44.07
6627,393,84,2025-07-28,8,356.72
6628,164,416,2025-08-25,1,49.1
6629,54,398,2025-08-15,7,233.87
6630,325,258,2025-03-07,2,19.9
6631,301,422,2025-04-25,3,137.73
6632,45,328,2025-06-06,2,20.52
6633,385,348,2025-02-15,3,37.86
6634,408,129,2025-01-02,2,81.48
6635,345,493,2025-11-06,2,56.16
6636,253,223,2025-05-13,2,13.04
6637,417,280,2025-01-05,8,134.24
6638,319,229,2025-11-27,1,20.46
6639,249,107,2025-02-16,1,19.85
6640,50,285,2025-04-30,2,55.3
6641,45,203,2025-07-25,1,27.22
6642,189,365,2025-01-27,6,63.84
6643,377,2,2025-11-09,3,107.4
6644,60,473,2025-11-03,1,30.26
6645,30,477,2025-11-20,2,55.42
6646,15,110,2025-06-30,1,30.15
6647,280,350,2025-12-04,5,158.35
6648,185,403,2025-11-29,3,45.03
6649,240,15,2025-10-27,1,23.83
6650,148,116,2025-11-26,1,41.82
6651,422,359,2025-08-24,2,56.38
6652,395,269,2025-07-03,2,66.16
6653,126,486,2025-08-13,4,76.52
6654,27,294,2025-12-04,3,127.59
6655,168,471,2025-05-15,1,45.38
6656,141,488,2025-12-19,6,294.9
6657,123,446,2025-04-06,3,103.47
6658,172,8,2025-01-29,1,48.99
6659,382,112,2025-03-10,4,32.08
6660,308,131,2025-06-16,1,27.28
6661,198,206,2025-07-14,1,38.01
6662,303,83,2025-08-31,5,44.7
6663,48,404,2025-03-28,3,46.95
6664,110,440,2025-03-27,5,137.1
6665,269,285,2025-12-06,4,110.6
6666,386,307,2025-03-09,1,14.43
6667,379,330,2025-12-24,3,96.06
6668,380,461,2025-09-22,2,19.2
6669,410,279,2025-07-29,2,61.0
6670,187,106,2025-04-09,10,295.8
6671,470,47,2025-11-19,1,20.37
6672,158,180,2025-06-28,1,25.09
6673,47,384,2025-04-01,1,33.92
6674,58,158,2025-02-25,3,74.07
6675,432,321,2025-05-13,7,170.24
6676,444,297,2025-11-24,2,71.3
6677,3,294,2025-12-18,7,297.71
6678,496,387,2025-10-16,1,47.42
6679,112,466,2025-11-14,3,111.51
6680,77,237,2025-08-16,2,80.86
6681,302,185,2025-08-19,4,87.92
6682,26,46,2025-04-25,2,66.34
6683,377,397,2025-02-12,5,140.75
6684,425,410,2025-12-21,1,44.33
6685,112,103,2025-08-05,3,129.75
6686,92,59,2025-11-28,2,52.0
6687,294,313,2025-02-03,1,47.16
6688,54,94,2025-12-10,4,67.44
6689,17,389,2025-05-20,1,25.39
6690,328,443,2025-10-03,4,176.2
6691,408,423,2025-02-13,2,51.26
6692,488,490,2025-06-21,1,12.88
6693,13,196,2025-08-17,2,13.38
6694,243,199,2025-07-22,2,85.62
6695,280,24,2025-10-13,5,163.7
6696,433,115,2025-08-14,3,84.36
6697,482,290,2025-08-13,2,87.62
6698,244,54,2025-05-12,3,134.34
6699,182,317,2025-07-30,1,29.2
6700,280,60,2025-08-01,3,105.42
6701,238,347,2025-10-27,2,12.2
6702,109,3,2025-04-27,5,78.75
6703,340,283,2025-08-14,3,51.0
6704,115,18,2025-11-14,6,236.82
6705,272,483,2025-11-16,2,28.06
6706,453,425,2025-12-28,1,24.23
6707,102,141,2025-04-28,1,49.42
6708,217,251,2025-04-07,2,17.74
6709,198,305,2025-07-26,2,63.32
6710,363,228,2025-05-11,3,92.25
6711,187,498,2025-10-27,2,21.76
6712,155,141,2025-06-21,5,247.1
6713,380,368,2025-12-21,3,133.8
6714,179,254,2025-11-08,1,42.57
6715,376,313,2025-09-09,2,94.32
6716,297,450,2025-10-09,1,45.75
6717,449,444,2025-11-09,7,89.11
6718,9,118,2025-08-01,2,11.04
6719,84,298,2025-09-30,1,46.66
6720,23,156,2025-03-14,8,253.44
6721,13,244,2025-11-09,1,7.37
6722,185,45,2025-12-29,2,50.98
6723,375,430,2025-07-06,1,11.9
6724,303,209,2025-11-29,2,97.34
6725,156,106,2025-09-21,1,29.58
6726,144,137,2025-07-09,3,78.99
6727,156,382,2025-12-13,1,33.19
6728,281,101,2025-12-05,5,242.45
6729,163,305,2025-08-04,1,31.66
6730,207,419,2025-12-19,5,46.4
6731,288,224,2025-02-06,1,42.15
6732,44,59,2025-03-28,2,52.0
6733,226,244,2025-05-29,3,22.11
6734,13,219,2025-09-08,1,20.9
6735,1,139,2025-12-15,4,141.6
6736,338,12,2025-10-28,7,192.01
6737,48,210,2025-11-25,1,40.93
6738,389,241,2025-01-13,2,28.12
6739,420,349,2025-02-03,7,310.52
6740,76,473,2025-10-08,1,30.26
6741,296,237,2025-03-07,1,40.43
6742,189,492,2025-10-31,3,132.21
6743,408,256,2025-12-30,2,73.72
6744,331,399,2025-01-30,8,114.72
6745,87,433,2025-02-02,3,66.27
6746,88,21,2025-01-14,2,94.26
6747,412,349,2025-09-25,3,133.08
6748,131,413,2025-11-17,1,10.35
6749,229,110,2025-12-12,2,60.3
6750,328,445,2025-10-23,1,13.61
6751,353,30,2025-03-06,3,91.74
6752,334,126,2025-12-18,4,101.32
6753,4,379,2025-11-09,7,39.9
6754,323,425,2025-11-11,1,24.23
6755,442,288,2025-05-02,3,83.73
6756,386,13,2025-12-19,1,14.04
6757,2,224,2025-10-15,1,42.15
6758,126,64,2025-06-14,4,96.4
6759,380,461,2025-12-21,1,9.6
6760,28,101,2025-10-13,1,48.49
6761,4,184,2025-12-06,5,26.25
6762,466,16,2025-05-01,2,20.14
6763,185,413,2025-03-12,4,41.4
6764,302,474,2025-04-15,1,46.84
6765,107,111,2025-12-21,1,40.29
6766,453,66,2025-06-01,1,28.29
6767,380,389,2025-09-23,10,253.9
6768,126,155,2025-12-05,2,99.92
6769,155,466,2025-11-19,8,297.36
6770,56,363,2025-06-17,2,14.96
6771,281,308,2025-06-25,2,41.5
6772,217,139,2025-11-24,5,177.0
6773,384,425,2025-11-08,1,24.23
6774,303,441,2025-09-16,3,122.16
6775,185,437,2025-12-14,1,44.29
6776,333,95,2025-12-17,5,247.65
6777,389,402,2025-08-14,2,42.76
6778,141,125,2025-06-11,1,32.41
6779,44,433,2025-09-24,2,44.18
6780,444,8,2025-08-04,5,244.95
6781,457,454,2025-09-10,4,38.24
6782,45,336,2025-01-19,1,24.08
6783,297,14,2025-06-08,2,12.08
6784,474,402,2025-10-12,2,42.76
6785,356,441,2025-11-07,2,81.44
6786,45,340,2025-12-17,1,49.98
6787,203,322,2025-06-15,2,52.98
6788,48,190,2025-07-28,1,38.36
6789,192,76,2025-03-17,5,206.65
6790,274,306,2025-11-08,2,87.84
6791,207,448,2025-08-23,2,12.52
6792,393,292,2025-12-18,3,80.82
6793,347,224,2025-12-30,2,84.3
6794,132,338,2025-09-26,5,50.85
6795,377,176,2025-06-19,6,96.66
6796,190,135,2025-11-14,3,45.39
6797,217,467,2025-07-04,4,55.28
6798,70,185,2025-03-16,1,21.98
6799,457,356,2025-05-12,3,76.95
6800,126,29,2025-08-30,2,62.24
6801,196,181,2025-06-08,2,77.46
6802,164,411,2025-12-12,1,15.03
6803,386,105,2025-12-31,2,60.04
6804,113,213,2025-10-23,2,13.58
6805,328,155,2025-11-12,9,449.64
6806,119,389,2025-02-17,4,101.56
6807,356,467,2025-02-03,2,27.64
6808,53,321,2025-06-06,4,97.28
6809,454,197,2025-05-13,6,258.18
6810,466,446,2025-10-31,1,34.49
6811,362,260,2025-01-19,2,99.18
6812,380,189,2025-01-03,2,27.3
6813,53,56,2025-04-03,2,15.74
6814,207,25,2025-01-13,1,8.55
6815,155,363,2025-11-24,1,7.48
6816,141,95,2025-05-19,6,297.18
6817,465,326,2025-12-18,2,30.3
6818,115,287,2025-10-31,2,80.38
6819,366,51,2025-06-15,4,185.2
6820,408,383,2025-08-13,6,253.02
6821,328,279,2025-11-24,1,30.5
6822,112,381,2025-02-10,4,42.4
6823,106,158,2025-08-05,1,24.69
6824,112,393,2025-08-18,3,132.0
6825,161,209,2025-08-27,1,48.67
6826,53,350,2025-10-17,3,95.01
6827,410,313,2025-12-10,3,141.48
6828,53,157,2025-09-22,7,134.19
6829,485,316,2025-11-07,4,35.24
6830,168,207,2025-11-11,2,13.34
6831,217,321,2025-10-01,2,48.64
6832,452,481,2025-11-28,3,31.65
6833,46,200,2025-11-19,2,19.92
6834,280,339,2025-09-29,9,391.59
6835,303,125,2025-03-26,3,97.23
6836,45,137,2025-12-21,2,52.66
6837,228,240,2025-04-02,1,49.9
6838,126,199,2025-09-09,3,128.43
6839,148,362,2025-09-16,6,176.58
6840,466,27,2025-06-17,6,252.84
6841,206,346,2025-06-13,4,39.88
6842,2,423,2025-10-22,5,128.15
6843,126,454,2025-09-01,2,19.12
6844,67,327,2025-11-30,4,85.6
6845,187,110,2025-05-09,8,241.2
6846,27,211,2025-04-02,1,16.19
6847,432,410,2025-06-29,1,44.33
6848,343,221,2025-06-03,2,49.62
6849,303,26,2025-02-12,1,21.05
6850,388,178,2025-09-19,3,83.67
6851,8,322,2025-11-14,1,26.49
6852,71,26,2025-12-18,2,42.1
6853,112,427,2025-12-30,1,18.0
6854,135,211,2025-12-16,4,64.76
6855,141,400,2025-12-22,1,34.57
6856,82,21,2025-09-01,6,282.78
6857,293,23,2025-08-03,1,38.55
6858,88,179,2025-10-17,2,96.42
6859,189,298,2025-11-30,5,233.3
6860,163,434,2025-10-01,1,45.58
6861,150,49,2025-04-20,7,346.5
6862,327,421,2025-04-29,1,40.05
6863,277,246,2025-12-21,4,29.72
6864,141,220,2025-07-08,1,16.51
6865,303,56,2025-03-29,2,15.74
6866,272,422,2025-05-26,2,91.82
6867,217,23,2025-08-31,1,38.55
6868,408,410,2025-03-10,1,44.33
6869,141,90,2025-07-13,1,16.56
6870,311,174,2025-12-31,2,75.66
6871,206,170,2025-03-15,2,22.56
6872,126,346,2025-12-29,1,9.97
6873,303,233,2025-08-02,4,41.56
6874,311,463,2025-01-31,4,47.96
6875,440,250,2025-11-14,1,12.65
6876,72,498,2025-06-03,1,10.88
6877,209,446,2025-02-13,3,103.47
6878,39,410,2025-04-08,4,177.32
6879,243,9,2025-05-23,3,42.99
6880,71,496,2025-09-24,1,43.75
6881,126,459,2025-06-27,2,71.54
6882,389,117,2025-03-04,1,14.87
6883,105,384,2025-07-09,2,67.84
6884,457,294,2025-12-11,1,42.53
6885,115,166,2025-06-28,4,44.08
6886,347,26,2025-01-11,3,63.15
6887,4,115,2025-07-12,9,253.08
6888,273,363,2025-05-11,4,29.92
6889,126,2,2025-04-23,3,107.4
6890,187,120,2025-05-13,2,96.06
6891,53,403,2025-10-05,2,30.02
6892,115,57,2025-11-15,5,117.95
6893,16,283,2025-11-20,6,102.0
6894,477,382,2025-05-07,2,66.38
6895,8,195,2025-12-18,2,23.26
6896,380,182,2025-10-12,3,71.28
6897,471,123,2025-11-23,1,37.6
6898,474,370,2025-12-22,2,87.82
6899,436,97,2025-02-13,1,45.74
6900,11,148,2025-08-07,3,36.75
6901,375,371,2025-10-27,1,17.4
6902,189,476,2025-11-26,10,394.2
6903,163,293,2025-03-24,1,17.93
6904,310,437,2025-08-22,7,310.03
6905,230,201,2025-07-19,1,37.25
6906,71,218,2025-09-21,1,5.36
6907,17,211,2025-04-04,1,16.19
6908,32,404,2025-12-21,4,62.6
6909,349,441,2025-03-14,5,203.6
6910,377,224,2025-01-20,5,210.75
6911,490,2,2025-02-09,5,179.0
6912,131,70,2025-08-02,2,46.9
6913,333,476,2025-04-01,5,197.1
6914,235,422,2025-11-15,2,91.82
6915,233,69,2025-01-09,3,26.37
6916,347,289,2025-12-04,2,40.24
6917,80,157,2025-11-20,2,38.34
6918,289,493,2025-08-21,3,84.24
6919,457,304,2025-11-22,5,67.4
6920,280,498,2025-06-27,1,10.88
6921,485,479,2025-12-24,4,153.08
6922,16,181,2025-05-17,1,38.73
6923,88,451,2025-03-15,5,28.15
6924,39,278,2025-10-07,1,48.61
6925,309,135,2025-03-24,2,30.26
6926,155,192,2025-05-15,5,241.85
6927,163,336,2025-10-22,3,72.24
6928,245,385,2025-05-13,1,27.25
6929,378,314,2025-11-27,1,9.59
6930,280,77,2025-12-14,2,88.56
6931,128,493,2025-09-19,3,84.24
6932,380,109,2025-07-22,3,25.62
6933,350,21,2025-09-18,2,94.26
6934,262,192,2025-03-26,1,48.37
6935,16,28,2025-06-14,1,37.51
6936,432,246,2025-11-16,2,14.86
6937,131,149,2025-09-13,4,68.36
6938,45,71,2025-05-06,3,115.5
6939,154,172,2025-10-17,6,220.92
6940,185,352,2025-05-21,4,24.04
6941,126,162,2025-07-25,2,97.68
6942,274,400,2025-11-24,5,172.85
6943,280,343,2025-06-03,2,86.06
6944,4,258,2025-06-12,6,59.7
6945,198,17,2025-11-16,5,26.85
6946,126,317,2025-12-06,1,29.2
6947,6,231,2025-11-13,3,28.11
6948,90,101,2025-04-20,1,48.49
6949,224,500,2025-09-29,1,15.94
6950,77,294,2025-06-01,4,170.12
6951,410,137,2025-12-21,5,131.65
6952,325,75,2025-11-01,5,235.55
6953,112,179,2025-10-09,1,48.21
6954,328,55,2025-03-31,5,136.6
6955,116,313,2025-08-29,6,282.96
6956,217,391,2025-03-31,5,167.1
6957,71,108,2025-05-15,2,50.76
6958,347,46,2025-12-03,2,66.34
6959,219,190,2025-12-10,2,76.72
6960,104,147,2025-12-27,5,226.0
6961,148,427,2025-04-06,7,126.0
6962,328,467,2025-05-06,1,13.82
6963,408,407,2025-05-23,2,84.38
6964,408,292,2025-04-22,1,26.94
6965,183,127,2025-12-25,3,34.98
6966,115,471,2025-07-30,7,317.66
6967,375,242,2025-06-30,3,101.37
6968,408,475,2025-02-02,3,143.28
6969,107,56,2025-02-15,2,15.74
6970,378,379,2025-02-21,1,5.7
6971,347,250,2025-04-21,2,25.3
6972,444,224,2025-09-29,1,42.15
6973,163,139,2025-09-30,1,35.4
6974,379,375,2025-04-13,5,170.75
6975,115,169,2025-06-20,6,141.42
6976,457,225,2025-12-18,3,108.12
6977,437,88,2025-07-16,3,120.66
6978,433,304,2025-04-26,1,13.48
6979,347,334,2025-10-04,1,35.68
6980,327,58,2025-12-09,1,34.54
6981,352,493,2025-11-07,2,56.16
6982,112,298,2025-12-19,1,46.66
6983,328,464,2025-07-05,1,38.54
6984,200,155,2025-11-04,6,299.76
6985,148,360,2025-10-17,2,98.68
6986,368,201,2025-08-31,2,74.5
6987,421,76,2025-09-23,2,82.66
6988,37,235,2025-10-08,6,93.96
6989,117,160,2025-10-04,7,241.36
6990,249,98,2025-09-30,4,186.84
6991,53,51,2025-09-01,1,46.3
6992,347,184,2025-12-07,2,10.5
6993,317,149,2025-11-29,1,17.09
6994,280,76,2025-11-01,6,247.98
6995,16,483,2025-12-13,2,28.06
6996,17,6,2025-10-25,10,65.6
6997,432,82,2025-12-31,1,45.7
6998,193,243,2025-11-27,2,17.74
6999,131,334,2025-03-30,10,356.8
7000,405,253,2025-11-25,3,34.98
7001,246,155,2025-07-13,1,49.96
7002,315,250,2025-12-28,5,63.25
7003,48,407,2025-08-11,1,42.19
7004,350,358,2025-01-27,1,7.18
7005,299,495,2025-12-01,6,121.86
7006,333,142,2025-08-05,1,48.96
7007,398,304,2025-12-14,3,40.44
7008,161,386,2025-08-28,4,25.44
7009,442,164,2025-11-19,3,125.49
7010,443,87,2025-10-26,4,139.36
7011,112,497,2025-04-13,3,72.3
7012,143,265,2025-12-18,1,46.6
7013,410,93,2025-11-02,3,52.29
7014,243,41,2025-12-15,2,86.18
7015,378,372,2025-09-03,2,35.46
7016,112,164,2025-04-03,1,41.83
7017,328,418,2025-11-12,2,63.76
7018,266,192,2025-10-16,1,48.37
7019,189,290,2025-12-29,1,43.81
7020,77,102,2025-10-30,4,160.88
7021,113,65,2025-08-23,4,90.8
7022,206,467,2025-12-26,3,41.46
7023,446,144,2025-11-09,4,77.08
7024,356,299,2025-04-29,2,56.38
7025,112,363,2025-11-27,1,7.48
7026,53,298,2025-02-10,2,93.32
7027,347,14,2025-06-30,3,18.12
7028,123,441,2025-06-22,5,203.6
7029,58,483,2025-07-12,5,70.15
7030,155,255,2025-05-16,6,147.06
7031,45,215,2025-03-09,5,125.8
7032,237,445,2025-08-26,8,108.88
7033,16,111,2025-11-29,3,120.87
7034,176,33,2025-03-03,6,210.36
7035,487,385,2025-11-21,1,27.25
7036,71,450,2025-06-15,1,45.75
7037,176,384,2025-02-06,2,67.84
7038,312,457,2025-05-28,5,141.1
7039,15,123,2025-06-27,10,376.0
7040,327,207,2025-01-18,1,6.67
7041,163,401,2025-11-24,8,253.76
7042,13,121,2025-11-01,5,212.35
7043,466,361,2025-08-01,2,79.5
7044,380,470,2025-07-03,1,27.67
7045,432,13,2025-03-03,2,28.08
7046,134,33,2025-03-09,2,70.12
7047,112,95,2025-09-21,4,198.12
7048,58,108,2025-10-16,3,76.14
7049,393,341,2025-05-21,2,39.18
7050,45,54,2025-04-10,1,44.78
7051,13,151,2025-12-26,5,169.35
7052,457,103,2025-01-10,1,43.25
7053,212,293,2025-06-24,2,35.86
7054,45,348,2025-08-05,1,12.62
7055,233,67,2025-07-28,3,30.69
7056,372,410,2025-11-03,4,177.32
7057,450,255,2025-09-19,4,98.04
7058,136,244,2025-12-16,4,29.48
7059,318,246,2025-12-07,2,14.86
7060,409,44,2025-11-20,2,27.1
7061,17,22,2025-10-21,1,39.23
7062,457,301,2025-01-12,1,21.66
7063,343,414,2025-08-30,5,112.75
7064,294,144,2025-11-27,1,19.27
7065,83,399,2025-11-16,2,28.68
7066,347,179,2025-05-21,5,241.05
7067,112,465,2025-08-20,3,74.79
7068,155,339,2025-09-11,2,87.02
7069,433,308,2025-07-09,1,20.75
7070,473,162,2025-04-03,1,48.84
7071,129,459,2025-05-11,2,71.54
7072,72,394,2025-02-15,2,54.3
7073,126,352,2025-10-06,6,36.06
7074,444,387,2025-10-24,1,47.42
7075,380,231,2025-05-25,4,37.48
7076,108,234,2025-11-22,2,14.3
7077,17,330,2025-12-18,4,128.08
7078,347,391,2025-12-26,6,200.52
7079,328,474,2025-08-05,1,46.84
7080,115,64,2025-10-16,4,96.4
7081,27,343,2025-03-15,2,86.06
7082,53,483,2025-12-09,6,84.18
7083,145,210,2025-12-18,2,81.86
7084,217,492,2025-05-09,2,88.14
7085,115,357,2025-06-16,1,11.85
7086,58,61,2025-08-04,2,82.1
7087,17,168,2025-01-08,2,28.26
7088,294,403,2025-05-10,4,60.04
7089,12,338,2025-03-27,2,20.34
7090,274,337,2025-12-28,6,205.68
7091,386,328,2025-11-02,4,41.04
7092,347,412,2025-12-17,2,19.66
7093,495,74,2025-12-17,1,45.12
7094,13,145,2025-04-15,5,112.65
7095,112,31,2025-12-22,1,21.23
7096,45,127,2025-12-08,1,11.66
7097,2,50,2025-06-13,2,74.0
7098,378,460,2025-08-20,5,179.4
7099,223,139,2025-05-08,1,35.4
7100,244,152,2025-06-13,1,46.77
7101,297,108,2025-12-23,2,50.76
7102,217,106,2025-12-22,1,29.58
7103,115,59,2025-05-21,3,78.0
7104,13,195,2025-01-05,1,11.63
7105,324,28,2025-11-21,4,150.04
7106,26,136,2025-03-03,1,9.89
7107,466,384,2025-11-15,4,135.68
7108,45,162,2025-09-22,4,195.36
7109,249,343,2025-12-04,4,172.12
7110,303,212,2025-10-09,4,74.76
7111,44,162,2025-05-27,1,48.84
7112,405,498,2025-12-11,1,10.88
7113,356,31,2025-11-20,2,42.46
7114,393,496,2025-10-27,1,43.75
7115,451,190,2025-03-12,3,115.08
7116,15,486,2025-09-23,3,57.39
7117,16,261,2025-06-21,2,28.5
7118,289,24,2025-12-16,5,163.7
7119,201,414,2025-08-19,1,22.55
7120,45,184,2025-11-10,1,5.25
7121,274,130,2025-08-16,1,6.64
7122,4,18,2025-09-09,2,78.94
7123,328,198,2025-02-14,3,67.14
7124,189,280,2025-12-13,2,33.56
7125,39,411,2025-11-12,1,15.03
7126,470,181,2025-05-29,6,232.38
7127,13,299,2025-10-13,1,28.19
7128,13,240,2025-12-09,1,49.9
7129,131,309,2025-11-12,2,23.48
7130,294,73,2025-07-19,5,106.15
7131,473,74,2025-08-15,2,90.24
7132,347,362,2025-11-29,2,58.86
7133,126,112,2025-11-25,1,8.02
7134,189,127,2025-12-24,3,34.98
7135,88,481,2025-12-09,1,10.55
7136,466,219,2025-06-22,1,20.9
7137,487,213,2025-10-09,4,27.16
7138,311,365,2025-11-20,3,31.92
7139,457,89,2025-11-29,2,29.44
7140,56,349,2025-03-23,4,177.44
7141,347,271,2025-03-24,1,22.08
7142,13,83,2025-12-09,1,8.94
7143,45,244,2025-07-22,2,14.74
7144,380,393,2025-12-09,3,132.0
7145,49,173,2025-05-30,3,18.21
7146,243,259,2025-04-13,1,14.48
7147,45,363,2025-01-01,5,37.4
7148,380,245,2025-11-06,4,64.24
7149,107,87,2025-10-19,4,139.36
7150,45,227,2025-12-31,4,152.68
7151,410,94,2025-08-26,1,16.86
7152,123,420,2025-11-07,3,99.42
7153,45,367,2025-04-26,2,58.64
7154,112,41,2025-10-25,5,215.45
7155,22,1,2025-01-05,2,42.68
7156,432,489,2025-02-07,10,340.2
7157,31,498,2025-12-19,4,43.52
7158,115,185,2025-04-16,6,131.88
7159,311,93,2025-03-01,1,17.43
7160,208,114,2025-04-18,1,7.28
7161,260,319,2025-12-02,1,42.61
7162,123,54,2025-08-27,9,403.02
7163,185,482,2025-12-29,1,31.96
7164,17,351,2025-06-29,3,104.94
7165,13,270,2025-12-20,1,13.17
7166,115,242,2025-01-20,1,33.79
7167,378,447,2025-10-16,1,36.25
7168,60,178,2025-09-28,1,27.89
7169,487,212,2025-10-11,4,74.76
7170,44,416,2025-04-27,3,147.3
7171,234,485,2025-10-24,2,46.32
7172,380,102,2025-08-20,1,40.22
7173,413,30,2025-12-17,4,122.32
7174,115,239,2025-12-10,2,89.02
7175,280,485,2025-11-09,1,23.16
7176,429,217,2025-08-21,2,70.76
7177,206,175,2025-11-16,3,98.55
7178,444,295,2025-12-19,4,114.64
7179,169,91,2025-01-20,6,166.92
7180,62,66,2025-10-22,2,56.58
7181,417,467,2025-12-04,1,13.82
7182,228,334,2025-03-10,3,107.04
7183,375,465,2025-06-02,2,49.86
7184,112,476,2025-12-09,1,39.42
7185,56,55,2025-12-29,2,54.64
7186,19,230,2025-12-25,1,6.1
7187,464,345,2025-09-22,5,129.45
7188,379,273,2025-09-27,2,24.86
7189,378,28,2025-02-25,2,75.02
7190,217,220,2025-07-21,1,16.51
7191,199,276,2025-08-08,3,59.55
7192,72,496,2025-08-02,1,43.75
7193,154,380,2025-12-04,1,13.17
7194,375,127,2025-10-05,9,104.94
7195,328,150,2025-01-15,1,31.95
7196,115,411,2025-04-12,2,30.06
7197,48,222,2025-07-19,6,177.54
7198,377,343,2025-03-02,8,344.24
7199,333,398,2025-08-07,2,66.82
7200,48,38,2025-07-16,1,16.47
7201,338,235,2025-01-25,3,46.98
7202,457,189,2025-06-19,1,13.65
7203,46,195,2025-04-25,1,11.63
7204,328,449,2025-11-28,5,200.85
7205,95,335,2025-11-07,3,141.87
7206,121,38,2025-04-07,5,82.35
7207,444,335,2025-12-13,1,47.29
7208,406,137,2025-06-24,3,78.99
7209,176,418,2025-12-15,8,255.04
7210,141,13,2025-11-14,2,28.08
7211,434,127,2025-02-09,5,58.3
7212,378,374,2025-02-09,5,121.3
7213,131,199,2025-06-10,3,128.43
7214,29,123,2025-11-27,2,75.2
7215,378,465,2025-07-28,2,49.86
7216,328,379,2025-08-10,2,11.4
7217,149,63,2025-12-14,2,44.76
7218,26,35,2025-09-16,1,31.81
7219,115,129,2025-07-08,1,40.74
7220,16,215,2025-08-16,1,25.16
7221,17,70,2025-09-03,1,23.45
7222,376,460,2025-12-27,5,179.4
7223,13,8,2025-03-19,2,97.98
7224,328,149,2025-04-05,4,68.36
7225,198,215,2025-05-25,2,50.32
7226,88,57,2025-02-27,4,94.36
7227,328,152,2025-11-13,2,93.54
7228,378,457,2025-12-19,1,28.22
7229,174,335,2025-11-12,2,94.58
7230,77,478,2025-11-15,2,70.92
7231,432,247,2025-07-13,8,195.36
7232,318,344,2025-06-01,4,158.52
7233,165,160,2025-10-19,2,68.96
7234,39,32,2025-04-16,1,21.56
7235,45,304,2025-09-17,3,40.44
7236,325,380,2025-03-12,1,13.17
7237,449,186,2025-07-22,3,123.99
7238,407,240,2025-10-20,4,199.6
7239,185,18,2025-09-26,1,39.47
7240,156,104,2025-03-14,3,31.68
7241,375,127,2025-11-03,1,11.66
7242,155,124,2025-11-19,5,135.5
7243,340,135,2025-03-04,3,45.39
7244,493,176,2025-05-18,2,32.22
7245,311,79,2025-03-10,3,97.44
7246,104,312,2025-02-07,2,72.94
7247,373,109,2025-08-31,2,17.08
7248,429,103,2025-12-29,3,129.75
7249,434,169,2025-12-22,2,47.14
7250,156,499,2025-07-20,5,34.7
7251,422,365,2025-04-27,5,53.2
7252,168,341,2025-12-18,1,19.59
7253,206,484,2025-09-05,3,112.53
7254,457,397,2025-11-20,5,140.75
7255,138,479,2025-03-28,3,114.81
7256,16,304,2025-07-31,1,13.48
7257,207,71,2025-11-18,2,77.0
7258,218,98,2025-12-16,2,93.42
7259,141,47,2025-12-29,5,101.85
7260,304,417,2025-10-30,1,46.61
7261,249,439,2025-11-20,4,64.0
7262,112,277,2025-03-01,7,232.47
7263,280,398,2025-03-05,5,167.05
7264,410,461,2025-02-02,2,19.2
7265,121,214,2025-04-10,3,54.48
7266,139,209,2025-02-11,1,48.67
7267,198,19,2025-10-22,2,22.62
7268,45,166,2025-11-13,1,11.02
7269,317,28,2025-12-01,3,112.53
7270,387,430,2025-12-20,1,11.9
7271,303,453,2025-12-02,1,48.55
7272,126,250,2025-11-12,1,12.65
7273,110,378,2025-12-20,5,30.05
7274,477,312,2025-09-28,4,145.88
7275,148,476,2025-05-01,4,157.68
7276,241,248,2025-12-01,1,46.99
7277,434,481,2025-05-11,6,63.3
7278,377,251,2025-08-21,2,17.74
7279,169,66,2025-08-03,2,56.58
7280,393,286,2025-05-11,6,49.74
7281,49,209,2025-12-06,2,97.34
7282,350,409,2025-11-19,4,86.24
7283,48,237,2025-03-09,4,161.72
7284,115,479,2025-12-12,3,114.81
7285,294,326,2025-05-28,1,15.15
7286,416,498,2025-03-20,3,32.64
7287,56,416,2025-08-29,2,98.2
7288,477,36,2025-11-27,5,172.55
7289,377,231,2025-10-02,6,56.22
7290,474,307,2025-03-15,1,14.43
7291,378,486,2025-07-15,1,19.13
7292,132,482,2025-11-03,3,95.88
7293,55,439,2025-01-30,3,48.0
7294,328,368,2025-10-02,1,44.6
7295,386,201,2025-07-29,1,37.25
7296,472,414,2025-12-24,4,90.2
7297,328,324,2025-05-06,1,46.08
7298,177,204,2025-04-29,4,106.08
7299,141,434,2025-03-17,3,136.74
7300,427,164,2025-12-30,3,125.49
7301,112,277,2025-10-07,4,132.84
7302,141,461,2025-01-19,1,9.6
7303,333,264,2025-10-05,4,82.04
7304,188,453,2025-12-30,2,97.1
7305,266,85,2025-09-04,3,58.29
7306,434,149,2025-08-01,1,17.09
7307,56,420,2025-04-06,2,66.28
7308,108,439,2025-12-22,5,80.0
7309,163,152,2025-12-03,4,187.08
7310,249,254,2025-06-15,1,42.57
7311,355,188,2025-11-27,1,20.14
7312,485,346,2025-12-13,2,19.94
7313,97,168,2025-09-30,4,56.52
7314,123,362,2025-11-21,1,29.43
7315,66,378,2025-03-19,1,6.01
7316,473,82,2025-03-01,1,45.7
7317,187,174,2025-06-24,2,75.66
7318,131,233,2025-10-27,3,31.17
7319,410,36,2025-07-02,1,34.51
7320,48,317,2025-06-02,5,146.0
7321,283,80,2025-02-26,1,34.84
7322,272,186,2025-03-20,3,123.99
7323,112,311,2025-12-22,1,32.28
7324,433,291,2025-07-03,2,15.54
7325,157,347,2025-05-15,3,18.3
7326,126,472,2025-06-20,2,56.18
7327,453,385,2025-04-22,2,54.5
7328,170,259,2025-10-02,1,14.48
7329,18,312,2025-07-13,2,72.94
7330,328,349,2025-07-22,8,354.88
7331,332,82,2025-04-14,5,228.5
7332,392,168,2025-12-01,2,28.26
7333,17,293,2025-11-14,2,35.86
7334,303,108,2025-07-25,5,126.9
7335,17,250,2025-06-24,1,12.65
7336,106,472,2025-11-29,2,56.18
7337,126,373,2025-11-16,3,117.27
7338,434,130,2025-04-22,3,19.92
7339,73,54,2025-12-14,1,44.78
7340,40,45,2025-12-20,2,50.98
7341,16,258,2025-12-13,5,49.75
7342,370,490,2025-11-17,2,25.76
7343,408,310,2025-12-09,6,287.52
7344,379,43,2025-01-08,2,94.78
7345,378,118,2025-11-14,3,16.56
7346,123,357,2025-12-18,3,35.55
7347,13,63,2025-09-18,2,44.76
7348,115,412,2025-05-14,1,9.83
7349,301,309,2025-12-16,8,93.92
7350,328,47,2025-12-18,4,81.48
7351,13,40,2025-03-26,2,51.94
7352,380,4,2025-11-06,3,130.56
7353,350,38,2025-02-05,6,98.82
7354,350,348,2025-12-21,1,12.62
7355,378,86,2025-10-06,2,51.02
7356,143,248,2025-03-20,1,46.99
7357,58,460,2025-04-12,5,179.4
7358,282,326,2025-11-15,2,30.3
7359,328,358,2025-11-01,1,7.18
7360,378,488,2025-10-25,2,98.3
7361,110,421,2025-12-29,4,160.2
7362,155,132,2025-12-17,10,204.6
7363,270,59,2025-09-25,2,52.0
7364,433,223,2025-05-16,3,19.56
7365,446,232,2025-12-02,1,9.62
7366,380,433,2025-09-06,1,22.09
7367,366,5,2025-05-24,5,54.75
7368,483,329,2025-11-10,1,38.49
7369,58,13,2025-04-13,2,28.08
7370,187,358,2025-11-06,1,7.18
7371,462,96,2025-11-25,4,50.2
7372,141,453,2025-07-21,1,48.55
7373,475,178,2025-02-15,4,111.56
7374,386,86,2025-12-24,6,153.06
7375,378,206,2025-01-24,2,76.02
7376,242,407,2025-11-30,5,210.95
7377,328,92,2025-11-20,2,68.42
7378,90,387,2025-08-28,1,47.42
7379,16,21,2025-11-06,3,141.39
7380,444,107,2025-08-26,3,59.55
7381,379,406,2025-12-01,1,35.79
7382,115,341,2025-05-03,2,39.18
7383,388,133,2025-11-01,2,41.92
7384,290,229,2025-06-30,1,20.46
7385,203,313,2025-08-14,2,94.32
7386,228,13,2025-09-24,3,42.12
7387,141,174,2025-10-27,7,264.81
7388,328,44,2025-06-29,2,27.1
7389,179,125,2025-04-21,6,194.46
7390,280,434,2025-04-01,3,136.74
7391,457,47,2025-03-12,4,81.48
7392,144,459,2025-04-01,1,35.77
7393,141,187,2025-01-29,1,22.98
7394,115,346,2025-07-03,2,19.94
7395,257,411,2025-05-31,1,15.03
7396,410,277,2025-01-13,2,66.42
7397,343,285,2025-07-14,2,55.3
7398,90,425,2025-10-06,1,24.23
7399,189,279,2025-10-10,3,91.5
7400,369,62,2025-09-22,3,79.02
7401,410,421,2025-02-25,6,240.3
7402,82,238,2025-08-23,2,97.94
7403,45,138,2025-10-11,3,74.31
7404,483,79,2025-02-02,4,129.92
7405,275,446,2025-06-03,7,241.43
7406,217,341,2025-01-29,1,19.59
7407,123,157,2025-11-12,2,38.34
7408,45,166,2025-08-22,5,55.1
7409,48,273,2025-02-12,1,12.43
7410,379,363,2025-08-08,2,14.96
7411,112,111,2025-08-06,3,120.87
7412,58,84,2025-08-22,4,178.36
7413,466,295,2025-12-20,2,57.32
7414,390,158,2025-04-20,4,98.76
7415,211,128,2025-05-05,3,72.12
7416,474,68,2025-11-13,4,118.2
7417,117,339,2025-09-18,2,87.02
7418,408,171,2025-12-16,8,257.2
7419,393,459,2025-12-28,1,35.77
7420,347,211,2025-03-28,2,32.38
7421,230,354,2025-11-04,5,105.45
7422,90,452,2025-07-07,3,122.34
7423,110,206,2025-12-14,1,38.01
7424,350,100,2025-09-06,2,99.78
7425,39,410,2025-05-12,4,177.32
7426,433,105,2025-12-31,1,30.02
7427,347,240,2025-03-03,2,99.8
7428,297,245,2025-05-19,3,48.18
7429,450,273,2025-11-21,4,49.72
7430,21,122,2025-10-10,2,61.5
7431,457,63,2025-02-20,8,179.04
7432,16,462,2025-11-21,1,49.23
7433,320,227,2025-04-20,1,38.17
7434,389,452,2025-04-07,2,81.56
7435,379,123,2025-09-04,5,188.0
7436,230,189,2025-06-04,9,122.85
7437,60,246,2025-11-08,6,44.58
7438,141,174,2025-11-08,7,264.81
7439,206,379,2025-09-09,1,5.7
7440,303,129,2025-11-03,2,81.48
7441,264,274,2025-12-24,3,146.4
7442,26,106,2025-07-06,4,118.32
7443,121,324,2025-10-30,2,92.16
7444,49,59,2025-11-19,4,104.0
7445,108,125,2025-12-21,4,129.64
7446,217,410,2025-10-29,5,221.65
7447,380,198,2025-12-20,2,44.76
7448,169,43,2025-12-09,2,94.78
7449,71,2,2025-03-06,1,35.8
7450,328,466,2025-02-02,1,37.17
7451,17,286,2025-12-16,6,49.74
7452,346,493,2025-07-31,1,28.08
7453,449,201,2025-12-02,6,223.5
7454,189,73,2025-11-18,2,42.46
7455,25,317,2025-10-25,3,87.6
7456,230,84,2025-12-17,1,44.59
7457,60,430,2025-02-03,1,11.9
7458,294,432,2025-01-16,2,17.68
7459,135,35,2025-12-30,4,127.24
7460,493,379,2025-07-17,3,17.1
7461,247,358,2025-05-11,2,14.36
7462,327,88,2025-12-23,3,120.66
7463,498,241,2025-06-16,3,42.18
7464,302,200,2025-09-27,2,19.92
7465,347,21,2025-06-21,2,94.26
7466,405,53,2025-05-22,2,58.56
7467,486,29,2025-11-08,8,248.96
7468,13,448,2025-11-24,1,6.26
7469,32,218,2025-09-14,4,21.44
7470,26,347,2025-07-12,2,12.2
7471,206,433,2025-01-16,1,22.09
7472,196,67,2025-02-17,2,20.46
7473,207,469,2025-07-27,1,23.25
7474,60,177,2025-11-28,3,108.6
7475,317,165,2025-06-26,2,64.2
7476,466,241,2025-03-09,4,56.24
7477,380,422,2025-12-11,2,91.82
7478,39,397,2025-12-30,4,112.6
7479,432,287,2025-05-29,5,200.95
7480,217,170,2025-06-30,1,11.28
7481,442,425,2025-06-27,1,24.23
7482,126,43,2025-10-21,3,142.17
7483,17,437,2025-11-28,2,88.58
7484,410,289,2025-12-20,3,60.36
7485,17,108,2025-07-29,4,101.52
7486,473,316,2025-05-28,1,8.81
7487,338,138,2025-05-17,1,24.77
7488,53,176,2025-09-25,3,48.33
7489,113,289,2025-03-05,4,80.48
7490,423,175,2025-06-27,1,32.85
7491,273,193,2025-11-20,4,118.16
7492,72,160,2025-10-14,1,34.48
7493,115,262,2025-04-09,2,42.04
7494,187,454,2025-11-07,2,19.12
7495,307,97,2025-10-17,2,91.48
7496,462,309,2025-10-29,6,70.44
7497,141,147,2025-04-17,1,45.2
7498,35,25,2025-02-03,10,85.5
7499,243,32,2025-12-26,2,43.12
7500,148,128,2025-05-17,2,48.08
7494,187,454,2025-11-07,2,19.12
5598,217,363,2025-12-18,3,22.44
2228,47,68,2024-07-24,1,29.55
6113,162,393,2025-04-04,3,132.0
3582,67,151,2025-06-05,2,67.74
1179,141,339,2023-09-02,1,43.51
6995,16,483,2025-12-13,2,28.06
6784,474,402,2025-10-12,2,42.76
3151,295,246,2024-10-06,3,22.29
2143,297,447,2024-11-03,1,36.25
7381,379,406,2025-12-01,1,35.79
5511,466,414,2025-03-09,5,112.75
1913,280,230,2024-01-21,1,6.1
1019,17,226,2023-09-01,2,54.44
5230,220,13,2025-11-02,1,14.04
6265,141,453,2025-09-29,1,48.55
4342,58,394,2025-11-15,5,135.75
1870,457,86,2024-08-01,6,153.06
1307,415,424,2023-10-29,1,40.5
2115,302,477,2024-11-09,4,110.84
3276,448,390,2024-03-15,2,79.92
2454,457,139,2024-12-16,3,106.2
3585,316,342,2025-12-24,2,34.22
1267,349,73,2023-06-14,1,21.23
1258,43,231,2023-12-14,3,28.11
252,405,387,2023-11-15,5,237.1
1717,424,166,2024-10-06,5,55.1
5983,44,324,2025-06-15,2,92.16
7184,112,476,2025-12-09,1,39.42
3805,206,319,2025-11-27,1,42.61
1547,206,233,2024-12-11,2,20.78
3466,378,43,2024-11-19,3,142.17
838,325,304,2023-04-20,2,26.96
2807,23,8,2024-04-29,3,146.97
1356,402,369,2023-12-17,2,45.3
1984,366,407,2024-02-11,1,42.19
7398,90,425,2025-10-06,1,24.23
4196,249,98,2025-11-03,4,186.84
6706,453,425,2025-12-28,1,24.23
4439,398,484,2025-11-19,4,150.04
6678,496,387,2025-10-16,1,47.42
5388,375,324,2025-06-03,4,184.32
7153,45,367,2025-04-26,2,58.64
2252,479,32,2024-03-02,4,86.24
4526,453,258,2025-03-18,1,9.95
7138,311,365,2025-11-20,3,31.92
2881,302,444,2024-02-26,4,50.92
5440,328,234,2025-12-30,1,7.15
4688,44,347,2025-06-17,3,18.3
505,206,432,2023-09-22,4,35.36
5302,303,419,2025-02-16,3,27.84
4380,58,319,2025-05-01,6,255.66
2352,289,59,2024-03-28,4,104.0
6124,44,429,2025-11-04,1,42.58
4927,58,455,2025-05-09,2,54.06
2200,21,291,2024-10-05,4,31.08
2239,121,187,2024-02-04,1,22.98
1886,380,414,2024-12-17,1,22.55
2411,401,471,2024-12-02,2,90.76
1787,282,401,2024-01-24,1,31.72
4382,187,404,2025-07-12,1,15.65
227,461,308,2023-05-04,8,166.0
545,412,110,2023-12-03,2,60.3
2779,101,97,2024-10-14,3,137.22
2274,141,68,2024-01-27,1,29.55
1172,333,160,2023-11-08,1,34.48
6571,112,144,2025-11-03,3,57.81
6404,410,265,2025-06-14,2,93.2
3948,126,41,2025-03-14,2,86.18
3717,112,218,2025-03-09,7,37.52
2742,39,58,2024-06-18,4,138.16
1918,104,42,2024-03-14,1,48.35
6680,77,237,2025-08-16,2,80.86
5906,493,316,2025-09-08,2,17.62
3766,330,454,2025-10-17,10,95.6
3525,13,198,2025-11-25,1,22.38
3661,72,270,2025-05-31,1,13.17
5157,299,402,2025-06-12,2,42.76
5734,333,249,2025-11-26,4,131.8
938,206,16,2023-10-25,3,30.21
5137,217,146,2025-04-18,1,14.5
2819,378,244,2024-08-15,1,7.37
7042,13,121,2025-11-01,5,212.35
5615,387,398,2025-06-20,2,66.82
4621,90,322,2025-08-08,4,105.96
5651,348,453,2025-01-22,6,291.3
3177,378,422,2024-12-13,2,91.82
1075,104,452,2023-10-16,3,122.34
4813,196,200,2025-08-03,4,39.84
2578,126,311,2024-12-17,2,64.56
334,193,339,2024-03-01,6,261.06
962,380,405,2023-11-18,8,59.36
3777,136,287,2025-04-22,6,241.14
209,346,449,2024-01-03,10,401.7
5981,42,79,2025-05-25,2,64.96
2322,386,414,2024-11-29,3,67.65
576,72,234,2023-08-28,2,14.3
3627,85,485,2025-12-06,3,69.48
5334,378,487,2025-08-13,2,78.52
6215,143,454,2025-12-21,5,47.8
