emp_id,emp_name,department,salary,gender,degree,hire_date,country,image_url,age
1001,Deborah Cruz,IT,192000,FEMALE,PHD,2015-09-28,CHINA,https://api.dicebear.com/7.x/avataaars/svg?seed=b4b4693f,59
1002,Jack Davis,MARKETING,105000,MALE,BS,2015-05-23,CHINA,https://api.dicebear.com/7.x/avataaars/svg?seed=d347e818,26
1003,Keith Phillips,IT,152000,MALE,BS,2015-01-06,ITALY,https://api.dicebear.com/7.x/avataaars/svg?seed=34065df5,58
1004,Timothy Sanchez,SALES,136000,MALE,MIS,2015-08-02,USA,https://api.dicebear.com/7.x/avataaars/svg?seed=4289e046,26
1005,Janet Price,IT,116000,FEMALE,BA,2015-08-17,CHINA,https://api.dicebear.com/7.x/avataaars/svg?seed=2a9e3c07,45
1006,Diane Brooks,SALES,84000,FEMALE,BA,2015-06-16,USA,https://api.dicebear.com/7.x/avataaars/svg?seed=73b50477,37
1007,Albert Edwards,IT,145000,MALE,BS,2015-09-12,CHINA,https://api.dicebear.com/7.x/avataaars/svg?seed=5f257f1c,59
1008,Rachel Lee,AI,228000,FEMALE,PHD,2015-05-01,USA,https://api.dicebear.com/7.x/avataaars/svg?seed=2e41be23,33
1009,Heather Miller,IT,183000,FEMALE,MS,2015-04-21,USA,https://api.dicebear.com/7.x/avataaars/svg?seed=c151a848,38
1010,Jeffrey Gray,IT,119000,MALE,BS,2015-09-01,USA,https://api.dicebear.com/7.x/avataaars/svg?seed=2e2caac0,48
1011,Luis Foster,SALES,170000,MALE,MS,2015-11-06,USA,https://api.dicebear.com/7.x/avataaars/svg?seed=6033a408,33
1012,Albert Johnson,IT,142000,MALE,MS,2015-05-23,CHINA,https://api.dicebear.com/7.x/avataaars/svg?seed=64562765,63
1013,Alan Chavez,AI,159000,MALE,MIS,2015-06-15,CHINA,https://api.dicebear.com/7.x/avataaars/svg?seed=e5bcd474,48
1014,Angela Ramirez,BUSINESS,119000,FEMALE,BA,2015-10-13,CANADA,https://api.dicebear.com/7.x/avataaars/svg?seed=65ac4eac,55
1015,Frances Wilson,SALES,128000,FEMALE,BA,2015-11-20,ITALY,https://api.dicebear.com/7.x/avataaars/svg?seed=af290a55,57
1016,Russell Torres,AI,118000,MALE,MIS,2015-02-11,CANADA,https://api.dicebear.com/7.x/avataaars/svg?seed=48bc76aa,54
1017,Brenda Brooks,AI,140000,FEMALE,MIS,2015-11-23,CHINA,https://api.dicebear.com/7.x/avataaars/svg?seed=ac6bee80,40
1018,Johnny Hill,IT,129000,MALE,MS,2015-04-02,INDIA,https://api.dicebear.com/7.x/avataaars/svg?seed=fe735dce,58
1019,Janice Phillips,AI,102000,FEMALE,BS,2015-11-16,ITALY,https://api.dicebear.com/7.x/avataaars/svg?seed=a5e32f82,23
1020,Emma King,BUSINESS,191000,FEMALE,PHD,2015-12-02,USA,https://api.dicebear.com/7.x/avataaars/svg?seed=43e6e1b2,52
1021,Frances Price,MARKETING,109000,FEMALE,BS,2015-12-23,CANADA,https://api.dicebear.com/7.x/avataaars/svg?seed=001cb88b,43
1022,Laura Mendoza,MARKETING,221000,FEMALE,PHD,2015-11-12,INDIA,https://api.dicebear.com/7.x/avataaars/svg?seed=9b484cf9,58
1023,Keith Hill,IT,156000,MALE,BS,2015-05-04,USA,https://api.dicebear.com/7.x/avataaars/svg?seed=0022afa4,33
1024,Ethan Taylor,AI,176000,MALE,MIS,2015-11-11,USA,https://api.dicebear.com/7.x/avataaars/svg?seed=a55a7728,35
1025,Johnny Lopez,IT,155000,MALE,MS,2015-12-28,USA,https://api.dicebear.com/7.x/avataaars/svg?seed=b3126cb1,39
1026,Brandon Turner,AI,152000,MALE,MIS,2015-10-10,USA,https://api.dicebear.com/7.x/avataaars/svg?seed=86f1a8e8,40
1027,Christina Thomas,BUSINESS,91000,FEMALE,BS,2015-10-20,CANADA,https://api.dicebear.com/7.x/avataaars/svg?seed=d52d89b9,59
1028,Charles Stewart,IT,149000,MALE,BS,2015-11-13,USA,https://api.dicebear.com/7.x/avataaars/svg?seed=7d197fd9,29
1029,Jacqueline Hill,BUSINESS,91000,FEMALE,BS,2015-03-07,INDIA,https://api.dicebear.com/7.x/avataaars/svg?seed=5331c3aa,31
1030,Debra Evans,MARKETING,139000,FEMALE,BA,2015-06-28,ITALY,https://api.dicebear.com/7.x/avataaars/svg?seed=c30aa9f0,31
1031,Howard White,SALES,172000,MALE,MS,2015-11-06,GERMANY,https://api.dicebear.com/7.x/avataaars/svg?seed=0ca2c1a7,46
1032,Benjamin Brooks,SALES,105000,MALE,MIS,2015-05-07,CHINA,https://api.dicebear.com/7.x/avataaars/svg?seed=a7867146,52
1033,Alexis Jimenez,IT,101000,FEMALE,BA,2015-02-05,GERMANY,https://api.dicebear.com/7.x/avataaars/svg?seed=0033d0bd,53
1034,Abigail Parker,BUSINESS,136000,FEMALE,BS,2015-08-13,USA,https://api.dicebear.com/7.x/avataaars/svg?seed=f8e714a0,49
1035,James Jones,MARKETING,130000,MALE,MIS,2015-01-11,CHINA,https://api.dicebear.com/7.x/avataaars/svg?seed=f5ec7b6a,47
1036,Kayla Ortiz,IT,112000,FEMALE,MS,2015-01-21,USA,https://api.dicebear.com/7.x/avataaars/svg?seed=45ed5a2f,68
1037,Brittany Young,IT,149000,FEMALE,MIS,2015-03-04,USA,https://api.dicebear.com/7.x/avataaars/svg?seed=7e258cfb,43
1038,Heather Cook,MARKETING,124000,FEMALE,BS,2015-02-27,CHINA,https://api.dicebear.com/7.x/avataaars/svg?seed=2efd541e,32
1039,Elizabeth Hill,AI,143000,FEMALE,BS,2015-10-17,USA,https://api.dicebear.com/7.x/avataaars/svg?seed=a8133979,55
1040,Debra Parker,IT,153000,FEMALE,MS,2015-06-25,USA,https://api.dicebear.com/7.x/avataaars/svg?seed=7fab69f2,56
1041,Deborah Perez,BUSINESS,107000,FEMALE,MIS,2015-04-24,CHINA,https://api.dicebear.com/7.x/avataaars/svg?seed=1acd3a98,38
1042,Steven Ramirez,SALES,160000,MALE,BS,2015-03-04,CHINA,https://api.dicebear.com/7.x/avataaars/svg?seed=09a36dd2,54
1043,Patrick Alvarez,SALES,133000,MALE,BS,2015-09-20,GERMANY,https://api.dicebear.com/7.x/avataaars/svg?seed=c231a817,38
1044,Susan Kim,SALES,98000,FEMALE,BS,2015-01-23,INDIA,https://api.dicebear.com/7.x/avataaars/svg?seed=61f1b6d9,23
1045,Mark Turner,BUSINESS,129000,MALE,BA,2015-09-09,USA,https://api.dicebear.com/7.x/avataaars/svg?seed=b5fc3cac,29
1046,Ethan Hughes,IT,111000,MALE,BS,2015-05-14,ITALY,https://api.dicebear.com/7.x/avataaars/svg?seed=64204fcf,22
1047,Logan Gonzalez,MARKETING,139000,MALE,MIS,2015-10-23,ITALY,https://api.dicebear.com/7.x/avataaars/svg?seed=03a4efe1,63
1048,Paul Turner,SALES,175000,MALE,MS,2015-02-10,INDIA,https://api.dicebear.com/7.x/avataaars/svg?seed=ff8ca892,64
1049,Mark Wilson,BUSINESS,130000,MALE,MIS,2015-04-25,CHINA,https://api.dicebear.com/7.x/avataaars/svg?seed=95cf2b53,62
1050,Shirley Gutierrez,IT,126000,FEMALE,BA,2015-05-06,CHINA,https://api.dicebear.com/7.x/avataaars/svg?seed=8c1f1949,48
1051,David Peterson,BUSINESS,166000,MALE,PHD,2015-08-11,USA,https://api.dicebear.com/7.x/avataaars/svg?seed=c2b3a0ea,72
1052,Kathleen Smith,SALES,96000,FEMALE,BS,2015-10-22,INDIA,https://api.dicebear.com/7.x/avataaars/svg?seed=53b84581,29
1053,Christian Martin,SALES,150000,MALE,BS,2015-12-24,USA,https://api.dicebear.com/7.x/avataaars/svg?seed=404d5ee3,26
1054,Betty Allen,IT,168000,FEMALE,MS,2015-05-15,USA,https://api.dicebear.com/7.x/avataaars/svg?seed=d8778ade,43
1055,Susan Gonzalez,IT,86000,FEMALE,BA,2015-06-26,ITALY,https://api.dicebear.com/7.x/avataaars/svg?seed=07eca7d7,40
1056,Marilyn Green,BUSINESS,99000,FEMALE,BS,2015-01-01,CHINA,https://api.dicebear.com/7.x/avataaars/svg?seed=b069902f,28
1057,Kimberly James,IT,147000,FEMALE,MIS,2015-08-20,USA,https://api.dicebear.com/7.x/avataaars/svg?seed=460847a1,46
1058,Jonathan Sanders,SALES,132000,MALE,BS,2015-03-04,USA,https://api.dicebear.com/7.x/avataaars/svg?seed=6f11672f,43
1059,Aaron Phillips,BUSINESS,174000,MALE,PHD,2015-12-28,CANADA,https://api.dicebear.com/7.x/avataaars/svg?seed=34d38cbb,52
1060,Evelyn Turner,IT,99000,FEMALE,BS,2015-12-24,USA,https://api.dicebear.com/7.x/avataaars/svg?seed=85e8356d,30
1061,Jessica Lee,SALES,158000,FEMALE,MIS,2015-08-26,INDIA,https://api.dicebear.com/7.x/avataaars/svg?seed=46039a27,61
1062,Sara Gray,BUSINESS,163000,FEMALE,PHD,2015-07-25,USA,https://api.dicebear.com/7.x/avataaars/svg?seed=f1476b74,67
1063,Carolyn Ward,SALES,101000,FEMALE,BS,2015-08-04,GERMANY,https://api.dicebear.com/7.x/avataaars/svg?seed=f545a260,52
1064,Julie Cruz,SALES,89000,FEMALE,BA,2015-11-11,CHINA,https://api.dicebear.com/7.x/avataaars/svg?seed=b1242863,38
1065,John Price,MARKETING,183000,MALE,MS,2015-04-22,USA,https://api.dicebear.com/7.x/avataaars/svg?seed=9563c7fc,61
1066,Debra Gutierrez,MARKETING,97000,FEMALE,BS,2015-11-24,GERMANY,https://api.dicebear.com/7.x/avataaars/svg?seed=10f81d69,49
1067,Gary Morris,AI,134000,MALE,BS,2015-09-20,USA,https://api.dicebear.com/7.x/avataaars/svg?seed=3f722f9c,31
1068,Susan Johnson,IT,174000,FEMALE,MS,2015-08-28,CHINA,https://api.dicebear.com/7.x/avataaars/svg?seed=ac88da47,55
1069,Kevin Martinez,BUSINESS,181000,MALE,PHD,2015-06-09,USA,https://api.dicebear.com/7.x/avataaars/svg?seed=f3382ec5,43
1070,Richard Cook,IT,129000,MALE,BA,2015-04-03,USA,https://api.dicebear.com/7.x/avataaars/svg?seed=4f2287df,47
1071,Lauren Cruz,MARKETING,142000,FEMALE,BS,2015-08-15,GERMANY,https://api.dicebear.com/7.x/avataaars/svg?seed=dd3377ce,27
1072,Samantha Thomas,BUSINESS,87000,FEMALE,BS,2015-07-14,USA,https://api.dicebear.com/7.x/avataaars/svg?seed=8b9abc00,28
1073,Barbara Bailey,MARKETING,110000,FEMALE,MS,2015-10-20,USA,https://api.dicebear.com/7.x/avataaars/svg?seed=bb25c553,30
1074,Vincent Hill,MARKETING,156000,MALE,BS,2015-11-22,USA,https://api.dicebear.com/7.x/avataaars/svg?seed=1b9f398e,35
1075,Kyle Baker,AI,116000,MALE,MS,2015-08-11,USA,https://api.dicebear.com/7.x/avataaars/svg?seed=1447dec7,39
1076,Ann Foster,MARKETING,216000,FEMALE,PHD,2015-12-22,CHINA,https://api.dicebear.com/7.x/avataaars/svg?seed=acf077e7,58
1077,Zachary Anderson,SALES,113000,MALE,BS,2015-06-12,CHINA,https://api.dicebear.com/7.x/avataaars/svg?seed=571bd457,22
1078,Vincent Nguyen,MARKETING,128000,MALE,BA,2015-01-06,CHINA,https://api.dicebear.com/7.x/avataaars/svg?seed=15044222,28
1079,Megan Moore,BUSINESS,94000,FEMALE,BA,2015-10-07,USA,https://api.dicebear.com/7.x/avataaars/svg?seed=25695b28,38
1080,Deborah Thomas,BUSINESS,112000,FEMALE,BS,2015-04-23,USA,https://api.dicebear.com/7.x/avataaars/svg?seed=7f11ea9c,51
1081,Debra Wilson,BUSINESS,110000,FEMALE,MIS,2015-11-19,USA,https://api.dicebear.com/7.x/avataaars/svg?seed=ebac8d87,64
1082,Donald Foster,BUSINESS,163000,MALE,MIS,2015-09-05,CHINA,https://api.dicebear.com/7.x/avataaars/svg?seed=db69fa66,61
1083,Christian Smith,MARKETING,116000,MALE,MS,2015-07-27,USA,https://api.dicebear.com/7.x/avataaars/svg?seed=1332fbec,60
1084,Lawrence Morris,MARKETING,107000,MALE,BS,2015-03-24,USA,https://api.dicebear.com/7.x/avataaars/svg?seed=e4b6d9df,59
1085,Steven Wilson,BUSINESS,122000,MALE,BA,2015-07-14,GERMANY,https://api.dicebear.com/7.x/avataaars/svg?seed=8a93c537,54
1086,Russell Ruiz,IT,116000,MALE,BA,2015-06-10,USA,https://api.dicebear.com/7.x/avataaars/svg?seed=e72f13de,47
1087,Kelly Moore,IT,137000,FEMALE,BS,2015-12-24,CHINA,https://api.dicebear.com/7.x/avataaars/svg?seed=9c7f2bcf,60
1088,Roger Hill,MARKETING,150000,MALE,MS,2015-11-07,USA,https://api.dicebear.com/7.x/avataaars/svg?seed=6f6b1b4c,60
1089,Stephanie Clark,MARKETING,118000,FEMALE,BA,2015-11-05,USA,https://api.dicebear.com/7.x/avataaars/svg?seed=a0a3d6b5,44
1090,Alan Wood,IT,145000,MALE,BA,2015-12-21,USA,https://api.dicebear.com/7.x/avataaars/svg?seed=b759aa80,56
1091,Katherine Price,SALES,130000,FEMALE,BS,2015-08-19,GERMANY,https://api.dicebear.com/7.x/avataaars/svg?seed=e47d72ea,57
1092,Madison Bennett,BUSINESS,153000,FEMALE,BS,2015-07-26,CHINA,https://api.dicebear.com/7.x/avataaars/svg?seed=bffc271c,40
1093,Patricia Gutierrez,SALES,143000,FEMALE,PHD,2015-03-02,USA,https://api.dicebear.com/7.x/avataaars/svg?seed=730747ea,52
1094,Bruce Davis,IT,115000,MALE,BA,2015-05-22,GERMANY,https://api.dicebear.com/7.x/avataaars/svg?seed=89e5ccb1,32
1095,Nicholas Jackson,SALES,198000,MALE,MS,2015-04-25,CHINA,https://api.dicebear.com/7.x/avataaars/svg?seed=9d9f96d1,43
1096,Gloria Jones,AI,167000,FEMALE,MS,2015-10-28,CHINA,https://api.dicebear.com/7.x/avataaars/svg?seed=e333367c,31
1097,Ralph Patel,MARKETING,138000,MALE,MS,2015-09-13,CHINA,https://api.dicebear.com/7.x/avataaars/svg?seed=e09b3630,66
1098,Kathleen Rogers,AI,87000,FEMALE,BA,2015-07-14,CHINA,https://api.dicebear.com/7.x/avataaars/svg?seed=e17d8c64,46
1099,Roy Green,MARKETING,91000,MALE,BS,2015-12-09,CHINA,https://api.dicebear.com/7.x/avataaars/svg?seed=9d1b3335,22
1100,Stephanie Richardson,BUSINESS,168000,FEMALE,PHD,2015-12-23,USA,https://api.dicebear.com/7.x/avataaars/svg?seed=836cdb83,68
1101,Bobby Mitchell,MARKETING,209000,MALE,PHD,2015-04-25,CHINA,https://api.dicebear.com/7.x/avataaars/svg?seed=1137f54c,66
1102,Natalie Harris,AI,197000,FEMALE,PHD,2015-11-03,GERMANY,https://api.dicebear.com/7.x/avataaars/svg?seed=186a5c5c,39
1103,Melissa Thompson,MARKETING,155000,FEMALE,PHD,2015-01-14,USA,https://api.dicebear.com/7.x/avataaars/svg?seed=2116760d,52
1104,Stephen Bailey,AI,121000,MALE,MIS,2015-10-28,CANADA,https://api.dicebear.com/7.x/avataaars/svg?seed=2144a9d8,34
1105,Angela Smith,AI,144000,FEMALE,BS,2015-01-05,GERMANY,https://api.dicebear.com/7.x/avataaars/svg?seed=3b762e88,31
1106,Katherine Kim,SALES,123000,FEMALE,BS,2015-10-18,ITALY,https://api.dicebear.com/7.x/avataaars/svg?seed=6daa3c50,53
1107,Carolyn Martinez,AI,152000,FEMALE,BS,2015-03-17,CANADA,https://api.dicebear.com/7.x/avataaars/svg?seed=7b9f2040,36
1108,Sarah Cook,IT,163000,FEMALE,MS,2015-09-13,CHINA,https://api.dicebear.com/7.x/avataaars/svg?seed=e183e83f,59
1109,Nancy Hall,IT,108000,FEMALE,BA,2015-06-12,CHINA,https://api.dicebear.com/7.x/avataaars/svg?seed=11bbd6b7,43
1110,Justin Ramirez,MARKETING,172000,MALE,MIS,2015-09-27,CHINA,https://api.dicebear.com/7.x/avataaars/svg?seed=253cf5bf,54
1111,Kayla Wood,SALES,99000,FEMALE,BS,2015-08-08,ITALY,https://api.dicebear.com/7.x/avataaars/svg?seed=5e519ede,44
1112,Bobby Ward,MARKETING,171000,MALE,PHD,2015-11-11,USA,https://api.dicebear.com/7.x/avataaars/svg?seed=9bcf092a,30
1113,Maria Anderson,BUSINESS,117000,FEMALE,BS,2015-12-10,INDIA,https://api.dicebear.com/7.x/avataaars/svg?seed=c05f9969,56
1114,Linda Gutierrez,AI,150000,FEMALE,BS,2015-08-16,CHINA,https://api.dicebear.com/7.x/avataaars/svg?seed=70b34e00,54
1115,David Nguyen,IT,122000,MALE,BA,2015-02-04,CHINA,https://api.dicebear.com/7.x/avataaars/svg?seed=be5e01d3,54
1116,Kevin Foster,MARKETING,178000,MALE,MS,2015-11-03,ITALY,https://api.dicebear.com/7.x/avataaars/svg?seed=16a271bb,25
1117,Rebecca Bennett,IT,159000,FEMALE,MIS,2015-04-18,CHINA,https://api.dicebear.com/7.x/avataaars/svg?seed=ed5bce85,30
1118,Isabella Patel,BUSINESS,192000,FEMALE,MS,2015-12-22,GERMANY,https://api.dicebear.com/7.x/avataaars/svg?seed=7c974e21,29
1119,Joshua Brown,BUSINESS,127000,MALE,BS,2015-02-03,ITALY,https://api.dicebear.com/7.x/avataaars/svg?seed=7be347e8,24
1120,Susan Thompson,AI,176000,FEMALE,MIS,2015-10-27,USA,https://api.dicebear.com/7.x/avataaars/svg?seed=b716cfc5,28
1121,Ryan King,BUSINESS,134000,MALE,BS,2015-11-13,GERMANY,https://api.dicebear.com/7.x/avataaars/svg?seed=fc999a23,50
1122,Peter Green,SALES,159000,MALE,MS,2015-02-18,CHINA,https://api.dicebear.com/7.x/avataaars/svg?seed=00504323,68
1123,James Chavez,MARKETING,148000,MALE,PHD,2015-01-23,GERMANY,https://api.dicebear.com/7.x/avataaars/svg?seed=06ea5ff2,65
1124,Karen Rivera,MARKETING,98000,FEMALE,BS,2015-11-10,USA,https://api.dicebear.com/7.x/avataaars/svg?seed=a77b5f5c,40
1125,Russell Lopez,AI,166000,MALE,MS,2015-07-27,USA,https://api.dicebear.com/7.x/avataaars/svg?seed=e3932cfc,49
1126,Amber Brown,BUSINESS,125000,FEMALE,MIS,2015-04-05,CHINA,https://api.dicebear.com/7.x/avataaars/svg?seed=fcdf5230,58
1127,Fernando Gomez,MARKETING,122000,MALE,BS,2015-05-22,USA,https://api.dicebear.com/7.x/avataaars/svg?seed=94a9f37a,31
1128,Brittany Chavez,AI,106000,FEMALE,MIS,2015-09-05,GERMANY,https://api.dicebear.com/7.x/avataaars/svg?seed=0e9e950c,59
1129,Donald Garcia,SALES,178000,MALE,MIS,2015-07-18,CHINA,https://api.dicebear.com/7.x/avataaars/svg?seed=2b72e848,62
1130,Dylan Hernandez,AI,136000,MALE,MS,2015-04-14,INDIA,https://api.dicebear.com/7.x/avataaars/svg?seed=8d81a798,47
1131,Grace Rogers,IT,105000,FEMALE,BS,2015-04-20,GERMANY,https://api.dicebear.com/7.x/avataaars/svg?seed=f5c7f81f,33
1132,Nicholas Harris,SALES,108000,MALE,BS,2015-01-28,CANADA,https://api.dicebear.com/7.x/avataaars/svg?seed=c16939c4,58
1133,Kayla Peterson,BUSINESS,192000,FEMALE,MS,2015-02-10,CHINA,https://api.dicebear.com/7.x/avataaars/svg?seed=55282834,60
1134,Doris Rodriguez,AI,117000,FEMALE,MIS,2015-12-19,INDIA,https://api.dicebear.com/7.x/avataaars/svg?seed=14303fce,36
1135,Judith Nelson,AI,101000,FEMALE,BS,2015-02-10,CHINA,https://api.dicebear.com/7.x/avataaars/svg?seed=d400c461,37
1136,Randy Rodriguez,IT,125000,MALE,BS,2015-08-11,USA,https://api.dicebear.com/7.x/avataaars/svg?seed=6cb13be9,53
1137,Philip James,AI,159000,MALE,BS,2015-10-19,CHINA,https://api.dicebear.com/7.x/avataaars/svg?seed=7713ca8f,31
1138,Patrick Green,BUSINESS,106000,MALE,BS,2015-06-08,CHINA,https://api.dicebear.com/7.x/avataaars/svg?seed=f042541a,22
1139,Laura Alvarez,BUSINESS,120000,FEMALE,BS,2015-03-22,GERMANY,https://api.dicebear.com/7.x/avataaars/svg?seed=9547f60f,45
1140,Brittany Nelson,BUSINESS,140000,FEMALE,BA,2015-06-25,CHINA,https://api.dicebear.com/7.x/avataaars/svg?seed=a2d7a779,50
1141,Brandon Morales,MARKETING,123000,MALE,MS,2015-11-20,CHINA,https://api.dicebear.com/7.x/avataaars/svg?seed=b770c92b,36
1142,Lisa Scott,IT,208000,FEMALE,PHD,2015-05-24,CHINA,https://api.dicebear.com/7.x/avataaars/svg?seed=21ca3ca1,40
1143,Harry Martinez,SALES,112000,MALE,MS,2015-11-01,INDIA,https://api.dicebear.com/7.x/avataaars/svg?seed=a622d614,57
1144,Lawrence Howard,BUSINESS,160000,MALE,BS,2015-01-18,CHINA,https://api.dicebear.com/7.x/avataaars/svg?seed=1c80439e,35
1145,Shirley Cooper,MARKETING,165000,FEMALE,MIS,2015-03-12,INDIA,https://api.dicebear.com/7.x/avataaars/svg?seed=6d4cf57f,65
1146,Diane Lewis,MARKETING,177000,FEMALE,PHD,2015-08-17,USA,https://api.dicebear.com/7.x/avataaars/svg?seed=d4268e85,36
1147,Cheryl Lopez,BUSINESS,156000,FEMALE,MS,2015-01-22,GERMANY,https://api.dicebear.com/7.x/avataaars/svg?seed=3d043f35,57
1148,Kathleen Ward,IT,175000,FEMALE,MS,2015-08-06,CHINA,https://api.dicebear.com/7.x/avataaars/svg?seed=436085ba,33
1149,Amanda Reed,MARKETING,103000,FEMALE,BS,2015-06-02,CANADA,https://api.dicebear.com/7.x/avataaars/svg?seed=e2d2791e,52
1150,Laura Ross,BUSINESS,134000,FEMALE,MIS,2015-05-12,CHINA,https://api.dicebear.com/7.x/avataaars/svg?seed=a2cb4602,28
1151,Cynthia Garcia,IT,127000,FEMALE,BA,2015-08-15,INDIA,https://api.dicebear.com/7.x/avataaars/svg?seed=80353022,46
1152,David Garcia,AI,94000,MALE,BA,2015-11-27,CANADA,https://api.dicebear.com/7.x/avataaars/svg?seed=53f0e910,55
1153,Brenda Patel,AI,179000,FEMALE,MIS,2015-10-06,USA,https://api.dicebear.com/7.x/avataaars/svg?seed=27ac4e58,58
1154,Maria Wood,BUSINESS,156000,FEMALE,MS,2015-11-27,USA,https://api.dicebear.com/7.x/avataaars/svg?seed=5456e660,62
1155,Karen Gutierrez,AI,158000,FEMALE,MS,2015-09-13,USA,https://api.dicebear.com/7.x/avataaars/svg?seed=4c5dd422,39
1156,Alexander Hall,BUSINESS,146000,MALE,BS,2015-01-17,USA,https://api.dicebear.com/7.x/avataaars/svg?seed=51ad6b11,60
1157,Kimberly Cruz,IT,114000,FEMALE,BS,2015-09-21,INDIA,https://api.dicebear.com/7.x/avataaars/svg?seed=d66a4dc9,26
1158,Brenda Ramirez,IT,163000,FEMALE,PHD,2015-06-20,USA,https://api.dicebear.com/7.x/avataaars/svg?seed=47baf2f8,38
1159,Howard Thomas,IT,134000,MALE,BA,2015-12-04,CHINA,https://api.dicebear.com/7.x/avataaars/svg?seed=9bedac85,43
1160,Jeremy Gray,BUSINESS,166000,MALE,MIS,2015-10-06,USA,https://api.dicebear.com/7.x/avataaars/svg?seed=efee4550,37
1161,Grace Evans,SALES,136000,FEMALE,MIS,2015-03-19,INDIA,https://api.dicebear.com/7.x/avataaars/svg?seed=a06b68a8,26
1162,Kathryn Lee,IT,150000,FEMALE,BS,2015-10-05,INDIA,https://api.dicebear.com/7.x/avataaars/svg?seed=f88c1ba4,24
1163,Jessica Perez,AI,104000,FEMALE,BA,2015-07-20,USA,https://api.dicebear.com/7.x/avataaars/svg?seed=9ef21b14,55
1164,Jordan Brooks,SALES,121000,MALE,BS,2015-04-15,INDIA,https://api.dicebear.com/7.x/avataaars/svg?seed=6ab643fd,27
1165,Jean Stewart,BUSINESS,106000,FEMALE,BS,2015-07-20,ITALY,https://api.dicebear.com/7.x/avataaars/svg?seed=62a1bfbc,36
1166,Emily Howard,IT,189000,FEMALE,MS,2015-09-09,USA,https://api.dicebear.com/7.x/avataaars/svg?seed=2e7d7c18,67
1167,Kevin Castillo,AI,163000,MALE,MIS,2015-10-03,INDIA,https://api.dicebear.com/7.x/avataaars/svg?seed=d0f2f8e1,62
1168,Ryan Carter,BUSINESS,126000,MALE,MS,2015-01-07,CHINA,https://api.dicebear.com/7.x/avataaars/svg?seed=ab342f44,31
1169,Noah Cook,BUSINESS,104000,MALE,BS,2015-02-06,ITALY,https://api.dicebear.com/7.x/avataaars/svg?seed=2e737da9,60
1170,Joan Ward,MARKETING,114000,FEMALE,MS,2015-09-25,CANADA,https://api.dicebear.com/7.x/avataaars/svg?seed=1b695a0b,59
1171,Ashley Lopez,BUSINESS,101000,FEMALE,BS,2015-09-27,USA,https://api.dicebear.com/7.x/avataaars/svg?seed=8c39daab,60
1172,Mary Jimenez,BUSINESS,171000,FEMALE,MIS,2015-06-28,CANADA,https://api.dicebear.com/7.x/avataaars/svg?seed=8c15735c,50
1173,David Hughes,MARKETING,164000,MALE,MS,2015-08-26,CANADA,https://api.dicebear.com/7.x/avataaars/svg?seed=957aa1c9,39
1174,Lori Carter,AI,215000,FEMALE,PHD,2015-10-04,CHINA,https://api.dicebear.com/7.x/avataaars/svg?seed=5af2d0e8,72
1175,Joyce Moore,AI,171000,FEMALE,MS,2015-02-10,CANADA,https://api.dicebear.com/7.x/avataaars/svg?seed=8f86055b,39
1176,Janice Cooper,BUSINESS,113000,FEMALE,BA,2015-01-23,CHINA,https://api.dicebear.com/7.x/avataaars/svg?seed=e71643c6,34
1177,Marie Smith,MARKETING,151000,FEMALE,BS,2015-09-01,USA,https://api.dicebear.com/7.x/avataaars/svg?seed=08f20f62,29
1178,Dennis Wood,IT,145000,MALE,MIS,2015-06-04,CHINA,https://api.dicebear.com/7.x/avataaars/svg?seed=f9b63b40,50
1179,Donna Diaz,MARKETING,137000,FEMALE,MIS,2015-09-14,ITALY,https://api.dicebear.com/7.x/avataaars/svg?seed=e25507c3,40
1180,Sara Campbell,MARKETING,140000,FEMALE,MIS,2015-04-14,ITALY,https://api.dicebear.com/7.x/avataaars/svg?seed=230dd680,49
1181,Teresa Bailey,BUSINESS,162000,FEMALE,PHD,2015-09-18,USA,https://api.dicebear.com/7.x/avataaars/svg?seed=5a9c8d73,51
1182,Jeremy Allen,AI,183000,MALE,MS,2015-12-13,GERMANY,https://api.dicebear.com/7.x/avataaars/svg?seed=31bf2c10,47
1183,Victor Moore,SALES,114000,MALE,BS,2015-12-06,CHINA,https://api.dicebear.com/7.x/avataaars/svg?seed=b26bcf79,50
1184,Betty Ramirez,MARKETING,136000,FEMALE,BS,2015-09-20,USA,https://api.dicebear.com/7.x/avataaars/svg?seed=92a89db0,43
1185,Wayne Mendoza,SALES,160000,MALE,PHD,2015-11-01,CHINA,https://api.dicebear.com/7.x/avataaars/svg?seed=0c594b59,52
1186,Nancy Jackson,BUSINESS,181000,FEMALE,MIS,2015-02-03,CANADA,https://api.dicebear.com/7.x/avataaars/svg?seed=6faf4e3e,51
1187,Shirley Lewis,AI,95000,FEMALE,BS,2015-01-24,USA,https://api.dicebear.com/7.x/avataaars/svg?seed=90039ec2,60
1188,Heather Phillips,MARKETING,223000,FEMALE,PHD,2015-05-23,ITALY,https://api.dicebear.com/7.x/avataaars/svg?seed=1df27008,61
1189,Albert Davis,IT,144000,MALE,BA,2015-01-07,ITALY,https://api.dicebear.com/7.x/avataaars/svg?seed=80ea3868,50
1190,Amber Gutierrez,AI,129000,FEMALE,MIS,2015-10-17,USA,https://api.dicebear.com/7.x/avataaars/svg?seed=9796d003,26
1191,Hannah Hughes,IT,218000,FEMALE,PHD,2015-11-02,USA,https://api.dicebear.com/7.x/avataaars/svg?seed=cc324e77,38
1192,Janet Walker,SALES,105000,FEMALE,BS,2015-05-25,USA,https://api.dicebear.com/7.x/avataaars/svg?seed=2b907c6f,27
1193,Ruth Rivera,BUSINESS,132000,FEMALE,BA,2015-09-01,USA,https://api.dicebear.com/7.x/avataaars/svg?seed=1e20ab71,34
1194,Charlotte Price,SALES,116000,FEMALE,MIS,2015-05-24,CHINA,https://api.dicebear.com/7.x/avataaars/svg?seed=aea29285,59
1195,Ann Howard,AI,154000,FEMALE,MS,2015-04-20,CHINA,https://api.dicebear.com/7.x/avataaars/svg?seed=e3983dbe,42
1196,Timothy Collins,BUSINESS,158000,MALE,BS,2015-05-06,INDIA,https://api.dicebear.com/7.x/avataaars/svg?seed=69425f58,22
1197,Jose Cook,SALES,181000,MALE,MS,2015-09-10,CANADA,https://api.dicebear.com/7.x/avataaars/svg?seed=38a095d7,29
1198,Debra Anderson,MARKETING,117000,FEMALE,BS,2015-10-09,USA,https://api.dicebear.com/7.x/avataaars/svg?seed=be49658a,56
1199,Louis Cruz,BUSINESS,182000,MALE,MS,2015-04-25,INDIA,https://api.dicebear.com/7.x/avataaars/svg?seed=57947829,55
1200,Gregory Jimenez,BUSINESS,197000,MALE,MS,2015-10-28,USA,https://api.dicebear.com/7.x/avataaars/svg?seed=93af0308,54
1201,Michael Morris,SALES,114000,MALE,BA,2015-07-21,CHINA,https://api.dicebear.com/7.x/avataaars/svg?seed=28c89173,26
1202,Wayne Robinson,AI,157000,MALE,MIS,2015-09-18,USA,https://api.dicebear.com/7.x/avataaars/svg?seed=f970e9db,46
1203,Patricia Hughes,AI,136000,FEMALE,MIS,2015-02-13,CHINA,https://api.dicebear.com/7.x/avataaars/svg?seed=ce00de15,42
1204,Ralph Myers,AI,94000,MALE,BS,2015-03-16,CANADA,https://api.dicebear.com/7.x/avataaars/svg?seed=24915bb6,57
1205,Samantha Rivera,IT,158000,FEMALE,BS,2015-03-24,USA,https://api.dicebear.com/7.x/avataaars/svg?seed=51fb0679,39
1206,Danielle Harris,BUSINESS,110000,FEMALE,BS,2015-12-08,CANADA,https://api.dicebear.com/7.x/avataaars/svg?seed=34e19ec7,37
1207,Shirley Clark,IT,130000,FEMALE,MIS,2015-10-12,ITALY,https://api.dicebear.com/7.x/avataaars/svg?seed=9e32b099,39
1208,Donna Jimenez,SALES,155000,FEMALE,PHD,2015-11-22,CHINA,https://api.dicebear.com/7.x/avataaars/svg?seed=7cfb8345,33
1209,Christian Ward,SALES,154000,MALE,BS,2015-08-12,USA,https://api.dicebear.com/7.x/avataaars/svg?seed=982d1947,24
1210,Randy Green,BUSINESS,116000,MALE,BA,2015-03-25,GERMANY,https://api.dicebear.com/7.x/avataaars/svg?seed=dcc5587f,53
1211,Roger Scott,BUSINESS,113000,MALE,BS,2015-03-02,CHINA,https://api.dicebear.com/7.x/avataaars/svg?seed=cbaf1a4e,58
1212,Gerald Diaz,BUSINESS,154000,MALE,BS,2015-09-12,CANADA,https://api.dicebear.com/7.x/avataaars/svg?seed=1187230e,24
1213,Tyler Mendoza,IT,139000,MALE,BA,2015-12-17,INDIA,https://api.dicebear.com/7.x/avataaars/svg?seed=530d045a,29
1214,Lauren Green,SALES,106000,FEMALE,MIS,2015-07-19,USA,https://api.dicebear.com/7.x/avataaars/svg?seed=71c32f1b,37
1215,Matthew Adams,AI,118000,MALE,BS,2015-09-09,ITALY,https://api.dicebear.com/7.x/avataaars/svg?seed=a31148ff,33
1216,Kathleen Wright,BUSINESS,124000,FEMALE,BA,2015-03-16,USA,https://api.dicebear.com/7.x/avataaars/svg?seed=e1d58729,45
1217,Joyce Clark,BUSINESS,152000,FEMALE,MIS,2015-07-09,GERMANY,https://api.dicebear.com/7.x/avataaars/svg?seed=1dfe86d8,47
1218,Zachary White,MARKETING,101000,MALE,BS,2015-11-08,CHINA,https://api.dicebear.com/7.x/avataaars/svg?seed=8fa800f5,58
1219,Matthew Castillo,AI,135000,MALE,MIS,2015-07-28,CANADA,https://api.dicebear.com/7.x/avataaars/svg?seed=20745141,59
1220,Maria Sanchez,IT,100000,FEMALE,BA,2015-01-06,CHINA,https://api.dicebear.com/7.x/avataaars/svg?seed=b287aa93,52
1221,Nathan Murphy,IT,151000,MALE,BS,2015-12-11,USA,https://api.dicebear.com/7.x/avataaars/svg?seed=9c6f4764,56
1222,Walter Hill,AI,181000,MALE,MS,2015-01-13,CHINA,https://api.dicebear.com/7.x/avataaars/svg?seed=eafa044f,61
1223,Matthew Ruiz,IT,92000,MALE,BS,2015-05-16,USA,https://api.dicebear.com/7.x/avataaars/svg?seed=167b8f9d,35
1224,Harry Gonzalez,BUSINESS,152000,MALE,MS,2015-06-12,USA,https://api.dicebear.com/7.x/avataaars/svg?seed=cff2863b,41
1225,Jesse Bailey,AI,129000,MALE,BS,2015-07-04,USA,https://api.dicebear.com/7.x/avataaars/svg?seed=dfdc0cdb,23
1226,Frank Gray,MARKETING,135000,MALE,MS,2015-10-21,INDIA,https://api.dicebear.com/7.x/avataaars/svg?seed=1c24640b,61
1227,Johnny Morgan,IT,141000,MALE,MIS,2015-06-22,GERMANY,https://api.dicebear.com/7.x/avataaars/svg?seed=46de7269,46
1228,Cheryl Morales,BUSINESS,120000,FEMALE,MS,2015-10-10,USA,https://api.dicebear.com/7.x/avataaars/svg?seed=9226e3d1,49
1229,Christina Watson,IT,106000,FEMALE,BS,2015-07-21,USA,https://api.dicebear.com/7.x/avataaars/svg?seed=e521e2e2,43
1230,Philip Kelly,BUSINESS,94000,MALE,BS,2015-03-11,USA,https://api.dicebear.com/7.x/avataaars/svg?seed=b35e9af8,27
1231,Ryan Green,AI,118000,MALE,BA,2015-10-21,USA,https://api.dicebear.com/7.x/avataaars/svg?seed=d17a7e24,39
1232,Diane Wright,BUSINESS,156000,FEMALE,MS,2015-09-15,CHINA,https://api.dicebear.com/7.x/avataaars/svg?seed=b96739c3,62
1233,Julie Perez,IT,83000,FEMALE,BA,2015-12-08,USA,https://api.dicebear.com/7.x/avataaars/svg?seed=735731b3,30
1234,Amber Allen,SALES,136000,FEMALE,MS,2015-07-04,ITALY,https://api.dicebear.com/7.x/avataaars/svg?seed=51ed7022,35
1235,Betty Rodriguez,BUSINESS,155000,FEMALE,BS,2015-01-25,ITALY,https://api.dicebear.com/7.x/avataaars/svg?seed=e5358cb9,25
1236,Tyler Ortiz,SALES,118000,MALE,MIS,2015-10-05,USA,https://api.dicebear.com/7.x/avataaars/svg?seed=206c6871,40
1237,Christopher Wood,BUSINESS,124000,MALE,BS,2015-04-24,GERMANY,https://api.dicebear.com/7.x/avataaars/svg?seed=6b6386a1,36
1238,Pamela Cruz,IT,121000,FEMALE,MIS,2015-03-01,INDIA,https://api.dicebear.com/7.x/avataaars/svg?seed=dc08733f,57
1239,William James,AI,146000,MALE,MIS,2015-08-28,INDIA,https://api.dicebear.com/7.x/avataaars/svg?seed=3f90d63f,54
1240,Gloria Wright,MARKETING,141000,FEMALE,BS,2015-12-18,INDIA,https://api.dicebear.com/7.x/avataaars/svg?seed=12395a1b,30
1241,Brian Ramos,MARKETING,143000,MALE,BS,2015-07-17,GERMANY,https://api.dicebear.com/7.x/avataaars/svg?seed=f64947c8,58
1242,Vincent Brooks,MARKETING,124000,MALE,BS,2015-08-18,CHINA,https://api.dicebear.com/7.x/avataaars/svg?seed=a4333782,44
1243,Ryan Lopez,BUSINESS,149000,MALE,MS,2015-07-09,INDIA,https://api.dicebear.com/7.x/avataaars/svg?seed=9eaa9d3e,48
1244,Joshua Hill,SALES,105000,MALE,MIS,2015-03-12,ITALY,https://api.dicebear.com/7.x/avataaars/svg?seed=1926b710,57
1245,Pamela Stewart,MARKETING,106000,FEMALE,MIS,2015-08-10,CHINA,https://api.dicebear.com/7.x/avataaars/svg?seed=918cc284,55
1246,Patricia Foster,BUSINESS,122000,FEMALE,BS,2015-04-26,CHINA,https://api.dicebear.com/7.x/avataaars/svg?seed=c6fdade5,60
1247,James Peterson,AI,129000,MALE,MIS,2015-09-14,INDIA,https://api.dicebear.com/7.x/avataaars/svg?seed=7702f971,50
1248,Diane Young,IT,192000,FEMALE,MS,2015-07-08,ITALY,https://api.dicebear.com/7.x/avataaars/svg?seed=06e51814,49
1249,Eric Hernandez,BUSINESS,185000,MALE,MIS,2015-09-25,INDIA,https://api.dicebear.com/7.x/avataaars/svg?seed=93e59fb0,39
1250,Philip Ruiz,AI,141000,MALE,MIS,2015-12-18,ITALY,https://api.dicebear.com/7.x/avataaars/svg?seed=877d264a,65
1251,Anna Evans,IT,113000,FEMALE,MIS,2015-03-10,CHINA,https://api.dicebear.com/7.x/avataaars/svg?seed=5ed6393d,35
1252,Sandra Brooks,BUSINESS,189000,FEMALE,MS,2015-05-23,INDIA,https://api.dicebear.com/7.x/avataaars/svg?seed=458b010c,53
1253,Alice Morales,IT,126000,FEMALE,BS,2015-03-02,GERMANY,https://api.dicebear.com/7.x/avataaars/svg?seed=d83176ed,23
1254,Martha Williams,IT,98000,FEMALE,BS,2015-05-05,INDIA,https://api.dicebear.com/7.x/avataaars/svg?seed=71170666,40
1255,Diana Cruz,SALES,114000,FEMALE,BS,2015-03-01,CANADA,https://api.dicebear.com/7.x/avataaars/svg?seed=276808cc,27
1256,Megan Ramirez,AI,158000,FEMALE,MIS,2015-08-12,CHINA,https://api.dicebear.com/7.x/avataaars/svg?seed=bc4dbe1b,43
1257,Arthur Hughes,SALES,152000,MALE,MS,2015-03-02,USA,https://api.dicebear.com/7.x/avataaars/svg?seed=8f5b7359,30
1258,Anna Jimenez,BUSINESS,94000,FEMALE,BS,2015-08-06,USA,https://api.dicebear.com/7.x/avataaars/svg?seed=e7649cf8,56
1259,Timothy Allen,BUSINESS,111000,MALE,MS,2015-12-08,USA,https://api.dicebear.com/7.x/avataaars/svg?seed=c1f7b15c,32
1260,Heather Foster,BUSINESS,171000,FEMALE,PHD,2015-04-15,INDIA,https://api.dicebear.com/7.x/avataaars/svg?seed=2bd79dd0,30
1261,Charlotte Foster,SALES,151000,FEMALE,BS,2015-08-13,CHINA,https://api.dicebear.com/7.x/avataaars/svg?seed=79226cf2,35
1262,Roy Flores,AI,125000,MALE,MIS,2015-12-02,ITALY,https://api.dicebear.com/7.x/avataaars/svg?seed=1712ebfb,64
1263,Fernando Peterson,MARKETING,100000,MALE,BS,2015-08-21,INDIA,https://api.dicebear.com/7.x/avataaars/svg?seed=1022c0e2,38
1264,Scott Sanchez,AI,91000,MALE,BS,2015-02-08,GERMANY,https://api.dicebear.com/7.x/avataaars/svg?seed=57888034,35
1265,Vincent Parker,AI,86000,MALE,BS,2015-05-19,INDIA,https://api.dicebear.com/7.x/avataaars/svg?seed=306ce97a,32
1266,Ashley Gomez,IT,82000,FEMALE,BA,2015-10-26,CHINA,https://api.dicebear.com/7.x/avataaars/svg?seed=04f0bd02,24
1267,Louis Stewart,MARKETING,129000,MALE,MS,2015-02-08,CHINA,https://api.dicebear.com/7.x/avataaars/svg?seed=d9b02a77,48
1268,Michelle Murphy,SALES,128000,FEMALE,BS,2015-01-12,INDIA,https://api.dicebear.com/7.x/avataaars/svg?seed=01f99e5b,25
1269,Grace Martin,MARKETING,98000,FEMALE,BS,2015-08-08,USA,https://api.dicebear.com/7.x/avataaars/svg?seed=3aa42067,30
1270,Benjamin Bailey,AI,161000,MALE,MIS,2015-01-23,ITALY,https://api.dicebear.com/7.x/avataaars/svg?seed=1305d804,36
1271,Dennis Rivera,IT,142000,MALE,MS,2015-08-23,CHINA,https://api.dicebear.com/7.x/avataaars/svg?seed=d71de139,27
1272,Victoria Bailey,AI,174000,FEMALE,MIS,2015-04-19,INDIA,https://api.dicebear.com/7.x/avataaars/svg?seed=743f674f,55
1273,Melissa Cooper,AI,122000,FEMALE,BA,2015-05-28,INDIA,https://api.dicebear.com/7.x/avataaars/svg?seed=45574575,51
1274,Janice Peterson,IT,118000,FEMALE,MS,2015-03-15,INDIA,https://api.dicebear.com/7.x/avataaars/svg?seed=033be19c,58
1275,Justin King,MARKETING,156000,MALE,MS,2015-01-25,GERMANY,https://api.dicebear.com/7.x/avataaars/svg?seed=24745313,54
1276,Sophia Cook,BUSINESS,133000,FEMALE,MS,2015-10-28,USA,https://api.dicebear.com/7.x/avataaars/svg?seed=2f72d3c8,26
1277,Patrick Jimenez,MARKETING,170000,MALE,PHD,2015-12-03,INDIA,https://api.dicebear.com/7.x/avataaars/svg?seed=5e21b78f,48
1278,Logan Morgan,BUSINESS,109000,MALE,BS,2015-11-16,USA,https://api.dicebear.com/7.x/avataaars/svg?seed=f24eca5e,55
1279,Lori Peterson,IT,188000,FEMALE,MS,2015-06-14,CHINA,https://api.dicebear.com/7.x/avataaars/svg?seed=3f82bf7e,43
1280,Grace Adams,SALES,97000,FEMALE,BS,2015-11-03,CHINA,https://api.dicebear.com/7.x/avataaars/svg?seed=75bded1b,55
1281,Elizabeth Taylor,IT,89000,FEMALE,BS,2015-02-16,CANADA,https://api.dicebear.com/7.x/avataaars/svg?seed=e61768b5,34
1282,Timothy Gonzalez,SALES,158000,MALE,BS,2015-11-16,CHINA,https://api.dicebear.com/7.x/avataaars/svg?seed=595ba321,46
1283,Jacqueline Richardson,MARKETING,142000,FEMALE,MS,2015-06-08,INDIA,https://api.dicebear.com/7.x/avataaars/svg?seed=5b6628b9,28
1284,Russell Alvarez,SALES,111000,MALE,MS,2015-11-16,USA,https://api.dicebear.com/7.x/avataaars/svg?seed=88f87827,38
1285,Lisa Reyes,SALES,156000,FEMALE,MS,2015-12-14,CHINA,https://api.dicebear.com/7.x/avataaars/svg?seed=471e6ebc,60
1286,Jack Price,SALES,119000,MALE,BS,2015-01-24,ITALY,https://api.dicebear.com/7.x/avataaars/svg?seed=00f2834d,55
1287,Karen Hill,SALES,112000,FEMALE,BS,2015-02-04,ITALY,https://api.dicebear.com/7.x/avataaars/svg?seed=a95f7a78,55
1288,Natalie Robinson,MARKETING,154000,FEMALE,MIS,2015-04-17,CHINA,https://api.dicebear.com/7.x/avataaars/svg?seed=bb583112,36
1289,Amber Young,MARKETING,107000,FEMALE,BS,2015-12-18,GERMANY,https://api.dicebear.com/7.x/avataaars/svg?seed=32423f14,57
1290,Olivia Myers,SALES,191000,FEMALE,MS,2015-06-22,CHINA,https://api.dicebear.com/7.x/avataaars/svg?seed=cb7f84a2,61
1291,Lauren Hughes,BUSINESS,94000,FEMALE,BA,2015-03-18,USA,https://api.dicebear.com/7.x/avataaars/svg?seed=1281fe2f,32
1292,Ruth Cook,AI,105000,FEMALE,BS,2015-10-15,ITALY,https://api.dicebear.com/7.x/avataaars/svg?seed=4d7057d7,56
1293,Alexander Green,MARKETING,122000,MALE,BA,2015-07-25,CANADA,https://api.dicebear.com/7.x/avataaars/svg?seed=3f7dc1c6,45
1294,Sophia Parker,AI,115000,FEMALE,BS,2015-09-07,USA,https://api.dicebear.com/7.x/avataaars/svg?seed=2f88beb2,58
1295,Dennis Foster,MARKETING,113000,MALE,BA,2015-08-15,CHINA,https://api.dicebear.com/7.x/avataaars/svg?seed=3e4a896e,45
1296,Tyler Smith,SALES,121000,MALE,BS,2015-01-17,GERMANY,https://api.dicebear.com/7.x/avataaars/svg?seed=0d56c791,60
1297,Paul Hill,SALES,123000,MALE,BS,2015-04-28,CHINA,https://api.dicebear.com/7.x/avataaars/svg?seed=c4f185f0,36
1298,Samantha Williams,AI,175000,FEMALE,MIS,2015-09-19,CHINA,https://api.dicebear.com/7.x/avataaars/svg?seed=a3aae1e4,56
1299,Madison Martin,SALES,144000,FEMALE,PHD,2015-06-05,INDIA,https://api.dicebear.com/7.x/avataaars/svg?seed=46562cd7,57
1300,Kimberly King,AI,159000,FEMALE,BS,2015-04-09,INDIA,https://api.dicebear.com/7.x/avataaars/svg?seed=137bedcb,37
1301,Nicole Lopez,MARKETING,156000,FEMALE,MIS,2015-04-24,USA,https://api.dicebear.com/7.x/avataaars/svg?seed=71a6f2e6,60
1302,Karen Castillo,AI,142000,FEMALE,BA,2015-08-27,USA,https://api.dicebear.com/7.x/avataaars/svg?seed=36886bf4,33
1303,Louis Hughes,MARKETING,93000,MALE,BA,2015-01-24,CANADA,https://api.dicebear.com/7.x/avataaars/svg?seed=5428c653,41
1304,Madison Carter,SALES,92000,FEMALE,BS,2015-06-27,USA,https://api.dicebear.com/7.x/avataaars/svg?seed=917da8b7,43
1305,Peter Turner,SALES,139000,MALE,MS,2015-10-01,USA,https://api.dicebear.com/7.x/avataaars/svg?seed=a3670bab,66
1306,Vincent Jimenez,BUSINESS,87000,MALE,BA,2015-09-02,ITALY,https://api.dicebear.com/7.x/avataaars/svg?seed=70083d0c,41
1307,Benjamin Cooper,MARKETING,124000,MALE,MIS,2015-09-23,ITALY,https://api.dicebear.com/7.x/avataaars/svg?seed=ea0a4f69,44
1308,Laura Martin,SALES,131000,FEMALE,BA,2015-10-19,CANADA,https://api.dicebear.com/7.x/avataaars/svg?seed=3defb8dd,50
1309,Keith Lopez,IT,136000,MALE,BA,2015-07-05,USA,https://api.dicebear.com/7.x/avataaars/svg?seed=323eef5b,40
1310,Dorothy Baker,SALES,145000,FEMALE,BS,2015-12-02,GERMANY,https://api.dicebear.com/7.x/avataaars/svg?seed=a93d56ee,58
1311,Teresa Phillips,AI,115000,FEMALE,MIS,2015-09-14,GERMANY,https://api.dicebear.com/7.x/avataaars/svg?seed=94a8e149,49
1312,Rosa Hughes,IT,98000,FEMALE,BA,2015-09-07,INDIA,https://api.dicebear.com/7.x/avataaars/svg?seed=3f958385,52
1313,Judith Gomez,MARKETING,135000,FEMALE,MS,2015-10-24,INDIA,https://api.dicebear.com/7.x/avataaars/svg?seed=7bb0c329,60
1314,Gerald Young,IT,119000,MALE,MS,2015-07-11,ITALY,https://api.dicebear.com/7.x/avataaars/svg?seed=44b35276,42
1315,Danielle Kelly,SALES,99000,FEMALE,BS,2015-07-12,INDIA,https://api.dicebear.com/7.x/avataaars/svg?seed=70e73924,48
1316,Rachel Harris,AI,184000,FEMALE,PHD,2015-11-01,USA,https://api.dicebear.com/7.x/avataaars/svg?seed=cd06fec0,66
1317,Antonio Flores,IT,149000,MALE,MIS,2015-08-20,GERMANY,https://api.dicebear.com/7.x/avataaars/svg?seed=f2b8b5b5,63
1318,Emily Cruz,SALES,139000,FEMALE,MS,2015-11-12,GERMANY,https://api.dicebear.com/7.x/avataaars/svg?seed=2645eca8,37
1319,Donna Long,SALES,124000,FEMALE,MS,2015-04-20,CANADA,https://api.dicebear.com/7.x/avataaars/svg?seed=4b8d38f7,28
1320,Emily Torres,SALES,128000,FEMALE,BS,2015-05-15,CHINA,https://api.dicebear.com/7.x/avataaars/svg?seed=08940537,29
1321,Joan Williams,AI,107000,FEMALE,BA,2015-04-07,ITALY,https://api.dicebear.com/7.x/avataaars/svg?seed=bb1f049d,56
1322,Gloria Gutierrez,AI,155000,FEMALE,BS,2015-10-24,CHINA,https://api.dicebear.com/7.x/avataaars/svg?seed=d160949e,52
1323,Andrew Ruiz,SALES,133000,MALE,BS,2015-11-17,USA,https://api.dicebear.com/7.x/avataaars/svg?seed=5bddc4dd,59
1324,Elizabeth Allen,IT,112000,FEMALE,MIS,2015-04-26,USA,https://api.dicebear.com/7.x/avataaars/svg?seed=6629717e,42
1325,Wayne Richardson,AI,111000,MALE,MIS,2015-11-01,USA,https://api.dicebear.com/7.x/avataaars/svg?seed=0b1c8eae,53
1326,Thomas Roberts,AI,194000,MALE,MS,2015-06-28,USA,https://api.dicebear.com/7.x/avataaars/svg?seed=c4fc4be6,67
1327,Anthony Williams,AI,188000,MALE,MIS,2015-04-13,USA,https://api.dicebear.com/7.x/avataaars/svg?seed=7fc99e8c,48
1328,Cheryl Price,SALES,125000,FEMALE,BS,2015-10-18,USA,https://api.dicebear.com/7.x/avataaars/svg?seed=85b23fde,53
1329,Daniel White,IT,145000,MALE,BA,2015-09-23,USA,https://api.dicebear.com/7.x/avataaars/svg?seed=9951d17d,51
1330,Jennifer Garcia,IT,152000,FEMALE,BS,2015-06-16,INDIA,https://api.dicebear.com/7.x/avataaars/svg?seed=ae2b3985,41
1331,Tyler Myers,IT,107000,MALE,MIS,2015-11-12,CHINA,https://api.dicebear.com/7.x/avataaars/svg?seed=287bb068,46
1332,Carolyn Watson,AI,170000,FEMALE,PHD,2015-05-26,USA,https://api.dicebear.com/7.x/avataaars/svg?seed=940d8ff3,60
1333,Jessica Watson,AI,159000,FEMALE,MS,2015-09-09,CHINA,https://api.dicebear.com/7.x/avataaars/svg?seed=8b7756ab,26
1334,Debra Gomez,IT,151000,FEMALE,PHD,2015-09-22,USA,https://api.dicebear.com/7.x/avataaars/svg?seed=56cbf977,52
1335,Abigail Watson,IT,138000,FEMALE,BS,2015-10-05,USA,https://api.dicebear.com/7.x/avataaars/svg?seed=68a483a0,37
1336,Henry Flores,MARKETING,147000,MALE,MIS,2015-09-05,CANADA,https://api.dicebear.com/7.x/avataaars/svg?seed=36d7b5d5,52
1337,Edward Wood,IT,214000,MALE,PHD,2015-11-26,CHINA,https://api.dicebear.com/7.x/avataaars/svg?seed=17e0eea5,62
1338,Ronald Moore,AI,172000,MALE,MIS,2015-07-25,INDIA,https://api.dicebear.com/7.x/avataaars/svg?seed=42579bfd,32
1339,Emily Wood,MARKETING,125000,FEMALE,MIS,2015-02-18,CHINA,https://api.dicebear.com/7.x/avataaars/svg?seed=28fdd688,44
1340,Martha Castillo,SALES,108000,FEMALE,BS,2015-03-24,ITALY,https://api.dicebear.com/7.x/avataaars/svg?seed=2e4b84b1,42
1341,Linda Ross,AI,157000,FEMALE,MIS,2015-05-15,CANADA,https://api.dicebear.com/7.x/avataaars/svg?seed=37a1e8bb,50
1342,Fernando Brooks,AI,159000,MALE,PHD,2015-02-05,INDIA,https://api.dicebear.com/7.x/avataaars/svg?seed=c504b536,40
1343,Melissa Brown,MARKETING,119000,FEMALE,BS,2015-10-20,CHINA,https://api.dicebear.com/7.x/avataaars/svg?seed=b352f57c,60
1344,Ryan Kim,IT,139000,MALE,MS,2015-01-12,INDIA,https://api.dicebear.com/7.x/avataaars/svg?seed=f585eb4e,68
1345,Lisa Ruiz,BUSINESS,127000,FEMALE,MS,2015-10-16,USA,https://api.dicebear.com/7.x/avataaars/svg?seed=2e19d9cf,57
1346,Diana Wood,AI,108000,FEMALE,BS,2015-08-16,CANADA,https://api.dicebear.com/7.x/avataaars/svg?seed=e920edf1,46
1347,Kimberly Lee,IT,113000,FEMALE,BS,2015-07-25,CHINA,https://api.dicebear.com/7.x/avataaars/svg?seed=269a8bb2,24
1348,John Wright,BUSINESS,109000,MALE,BA,2015-04-03,USA,https://api.dicebear.com/7.x/avataaars/svg?seed=624c0db1,34
1349,Amanda Cruz,MARKETING,202000,FEMALE,PHD,2015-06-28,CHINA,https://api.dicebear.com/7.x/avataaars/svg?seed=f56307e0,72
1350,Kyle Young,BUSINESS,132000,MALE,BA,2015-10-24,USA,https://api.dicebear.com/7.x/avataaars/svg?seed=a246fe36,24
1351,Dennis Castillo,AI,135000,MALE,BS,2015-10-18,GERMANY,https://api.dicebear.com/7.x/avataaars/svg?seed=c3338836,58
1352,Gerald Chavez,SALES,94000,MALE,BA,2015-08-27,INDIA,https://api.dicebear.com/7.x/avataaars/svg?seed=44708a10,50
1353,Elizabeth Young,MARKETING,131000,FEMALE,BA,2015-09-13,INDIA,https://api.dicebear.com/7.x/avataaars/svg?seed=cce72fbc,24
1354,Noah Ross,SALES,105000,MALE,BA,2015-08-13,USA,https://api.dicebear.com/7.x/avataaars/svg?seed=34b661f2,40
1355,Scott Jimenez,AI,169000,MALE,MS,2015-07-10,CANADA,https://api.dicebear.com/7.x/avataaars/svg?seed=60dcbfa7,35
1356,Abigail Miller,MARKETING,103000,FEMALE,BS,2015-11-15,INDIA,https://api.dicebear.com/7.x/avataaars/svg?seed=9ffddfbb,51
1357,Daniel Castillo,MARKETING,99000,MALE,BS,2015-10-23,CHINA,https://api.dicebear.com/7.x/avataaars/svg?seed=d126328d,33
1358,Harold Moore,BUSINESS,162000,MALE,MS,2015-08-01,USA,https://api.dicebear.com/7.x/avataaars/svg?seed=3cee9347,45
1359,Brian Collins,MARKETING,106000,MALE,BA,2015-02-09,INDIA,https://api.dicebear.com/7.x/avataaars/svg?seed=2d08bdd1,51
1360,Samuel Ruiz,IT,155000,MALE,PHD,2015-02-23,USA,https://api.dicebear.com/7.x/avataaars/svg?seed=6c2e495b,33
1361,Zachary Brooks,AI,95000,MALE,BS,2015-12-13,USA,https://api.dicebear.com/7.x/avataaars/svg?seed=b0b1e88d,55
1362,Shawn Rogers,MARKETING,105000,MALE,BS,2015-09-13,GERMANY,https://api.dicebear.com/7.x/avataaars/svg?seed=97a763bb,46
1363,David Foster,IT,147000,MALE,MIS,2015-11-28,USA,https://api.dicebear.com/7.x/avataaars/svg?seed=cc715dc9,60
1364,Joshua Lee,IT,127000,MALE,MIS,2015-07-10,USA,https://api.dicebear.com/7.x/avataaars/svg?seed=0209ed82,27
1365,Helen Sanders,BUSINESS,121000,FEMALE,BS,2015-02-05,CHINA,https://api.dicebear.com/7.x/avataaars/svg?seed=b4c5218d,33
1366,Ronald Smith,MARKETING,172000,MALE,PHD,2015-08-16,CHINA,https://api.dicebear.com/7.x/avataaars/svg?seed=75560b13,28
1367,Christian Cooper,SALES,148000,MALE,BS,2015-04-19,GERMANY,https://api.dicebear.com/7.x/avataaars/svg?seed=d3dd8f1c,37
1368,Logan Stewart,BUSINESS,137000,MALE,BS,2015-02-20,USA,https://api.dicebear.com/7.x/avataaars/svg?seed=f45df19f,50
1369,Janice Smith,IT,210000,FEMALE,PHD,2015-10-21,CANADA,https://api.dicebear.com/7.x/avataaars/svg?seed=c0978041,45
1370,Ann Clark,SALES,108000,FEMALE,BS,2015-01-21,CHINA,https://api.dicebear.com/7.x/avataaars/svg?seed=05093d37,31
1371,Rachel Jones,IT,89000,FEMALE,BS,2015-10-10,CHINA,https://api.dicebear.com/7.x/avataaars/svg?seed=aa333b45,58
1372,Christine Lopez,SALES,98000,FEMALE,BS,2015-03-06,USA,https://api.dicebear.com/7.x/avataaars/svg?seed=2523bf7b,48
1373,Ralph Torres,MARKETING,158000,MALE,BS,2015-03-15,USA,https://api.dicebear.com/7.x/avataaars/svg?seed=258e40d0,57
1374,Marie Howard,AI,114000,FEMALE,MS,2015-05-11,CANADA,https://api.dicebear.com/7.x/avataaars/svg?seed=1b1f40f8,30
1375,Jack Carter,SALES,159000,MALE,MIS,2015-02-10,CHINA,https://api.dicebear.com/7.x/avataaars/svg?seed=5ffd580c,59
1376,Joan Moore,SALES,140000,FEMALE,MIS,2015-09-14,USA,https://api.dicebear.com/7.x/avataaars/svg?seed=8d2416d5,45
1377,Jacqueline Clark,IT,183000,FEMALE,MIS,2015-02-19,CANADA,https://api.dicebear.com/7.x/avataaars/svg?seed=214d4082,27
1378,Brittany Watson,MARKETING,151000,FEMALE,PHD,2015-12-23,CHINA,https://api.dicebear.com/7.x/avataaars/svg?seed=953343ad,58
1379,Jean Price,AI,135000,FEMALE,BA,2015-05-17,GERMANY,https://api.dicebear.com/7.x/avataaars/svg?seed=c9c1289d,42
1380,Bryan Richardson,AI,101000,MALE,BS,2015-08-17,USA,https://api.dicebear.com/7.x/avataaars/svg?seed=b4fbc8d1,58
1381,Megan Murphy,IT,110000,FEMALE,BA,2015-04-01,GERMANY,https://api.dicebear.com/7.x/avataaars/svg?seed=842f07cf,40
1382,Ashley Brown,BUSINESS,96000,FEMALE,BA,2015-10-14,INDIA,https://api.dicebear.com/7.x/avataaars/svg?seed=ce90aacd,35
1383,Julie Garcia,AI,184000,FEMALE,PHD,2015-11-07,CANADA,https://api.dicebear.com/7.x/avataaars/svg?seed=a3a0089e,63
1384,Patricia Brooks,IT,198000,FEMALE,MS,2015-05-26,USA,https://api.dicebear.com/7.x/avataaars/svg?seed=f7f49f21,43
1385,Sarah Flores,AI,169000,FEMALE,MIS,2015-06-25,GERMANY,https://api.dicebear.com/7.x/avataaars/svg?seed=ea6f5f65,59
1386,James Anderson,AI,153000,MALE,MS,2015-12-19,USA,https://api.dicebear.com/7.x/avataaars/svg?seed=7897961f,50
1387,Abigail Brown,IT,134000,FEMALE,MS,2015-06-22,CANADA,https://api.dicebear.com/7.x/avataaars/svg?seed=5a88fbf5,46
1388,Evelyn Stewart,SALES,98000,FEMALE,BA,2015-03-21,ITALY,https://api.dicebear.com/7.x/avataaars/svg?seed=b91e1c0d,52
1389,Lauren Morgan,AI,140000,FEMALE,BA,2015-12-02,GERMANY,https://api.dicebear.com/7.x/avataaars/svg?seed=7aa90a71,48
1390,Hannah Hill,MARKETING,196000,FEMALE,MS,2015-09-18,ITALY,https://api.dicebear.com/7.x/avataaars/svg?seed=9361c7aa,45
1391,Robert Clark,MARKETING,227000,MALE,PHD,2015-06-03,INDIA,https://api.dicebear.com/7.x/avataaars/svg?seed=61b8577d,49
1392,Donna Scott,SALES,183000,FEMALE,PHD,2015-11-18,USA,https://api.dicebear.com/7.x/avataaars/svg?seed=42f42a88,52
1393,Carol Kelly,MARKETING,159000,FEMALE,MS,2015-10-04,CHINA,https://api.dicebear.com/7.x/avataaars/svg?seed=8100e5f8,36
1394,Miguel Flores,AI,230000,MALE,PHD,2015-05-14,CHINA,https://api.dicebear.com/7.x/avataaars/svg?seed=303dadec,30
1395,Nancy Murphy,IT,132000,FEMALE,BS,2015-05-07,CHINA,https://api.dicebear.com/7.x/avataaars/svg?seed=3579748c,50
1396,Gerald Hill,IT,99000,MALE,BS,2015-01-25,USA,https://api.dicebear.com/7.x/avataaars/svg?seed=ad2bfdab,45
1397,Ronald Lopez,BUSINESS,145000,MALE,BA,2015-08-17,USA,https://api.dicebear.com/7.x/avataaars/svg?seed=ad489da3,23
1398,Donna Harris,AI,142000,FEMALE,BA,2015-05-25,CHINA,https://api.dicebear.com/7.x/avataaars/svg?seed=cdef49c0,55
1399,Katherine Jackson,SALES,151000,FEMALE,BS,2015-04-24,ITALY,https://api.dicebear.com/7.x/avataaars/svg?seed=f3fb377c,30
1400,Barbara Collins,BUSINESS,95000,FEMALE,BA,2015-05-02,USA,https://api.dicebear.com/7.x/avataaars/svg?seed=85172d6e,22
1401,Danielle Kim,SALES,147000,FEMALE,MIS,2015-01-04,INDIA,https://api.dicebear.com/7.x/avataaars/svg?seed=07da12ca,53
1402,Hannah Foster,AI,87000,FEMALE,BS,2015-05-21,USA,https://api.dicebear.com/7.x/avataaars/svg?seed=1c397071,58
1403,Rebecca Adams,IT,105000,FEMALE,BA,2015-05-18,USA,https://api.dicebear.com/7.x/avataaars/svg?seed=58f4f7c5,40
1404,Samantha Foster,BUSINESS,96000,FEMALE,BA,2015-03-06,CHINA,https://api.dicebear.com/7.x/avataaars/svg?seed=7519bb62,39
1405,Brenda Anderson,SALES,184000,FEMALE,MIS,2015-09-04,ITALY,https://api.dicebear.com/7.x/avataaars/svg?seed=90341245,59
1406,Rebecca Cooper,AI,121000,FEMALE,BA,2015-03-23,CHINA,https://api.dicebear.com/7.x/avataaars/svg?seed=6139978f,39
1407,Larry Kelly,IT,102000,MALE,BA,2015-05-20,ITALY,https://api.dicebear.com/7.x/avataaars/svg?seed=2a9ac057,26
1408,Debra Cooper,BUSINESS,91000,FEMALE,BS,2015-01-16,USA,https://api.dicebear.com/7.x/avataaars/svg?seed=9a8b5a37,30
1409,Marilyn Miller,SALES,159000,FEMALE,MS,2015-02-14,USA,https://api.dicebear.com/7.x/avataaars/svg?seed=64281c7d,28
1410,Tyler Thompson,MARKETING,185000,MALE,MS,2015-12-23,GERMANY,https://api.dicebear.com/7.x/avataaars/svg?seed=301a598c,65
1411,Zachary Ward,AI,124000,MALE,BS,2015-04-23,INDIA,https://api.dicebear.com/7.x/avataaars/svg?seed=35c8fda9,43
1412,Alexis Bennett,MARKETING,95000,FEMALE,BS,2015-10-05,GERMANY,https://api.dicebear.com/7.x/avataaars/svg?seed=c357fe0e,51
1413,Nancy Hughes,BUSINESS,122000,FEMALE,MS,2015-05-22,GERMANY,https://api.dicebear.com/7.x/avataaars/svg?seed=1970ff6f,54
1414,Grace Price,BUSINESS,145000,FEMALE,BS,2015-04-05,USA,https://api.dicebear.com/7.x/avataaars/svg?seed=ad98c5d9,36
1415,Philip King,AI,135000,MALE,BS,2015-12-22,INDIA,https://api.dicebear.com/7.x/avataaars/svg?seed=e912760d,33
1416,Raymond Adams,BUSINESS,172000,MALE,MS,2015-02-16,CHINA,https://api.dicebear.com/7.x/avataaars/svg?seed=1a20731b,26
1417,Sandra Hall,BUSINESS,169000,FEMALE,MS,2015-05-25,ITALY,https://api.dicebear.com/7.x/avataaars/svg?seed=6f1133d0,35
1418,Rachel Cox,MARKETING,121000,FEMALE,MIS,2015-02-13,USA,https://api.dicebear.com/7.x/avataaars/svg?seed=9275d999,56
1419,Diana Wilson,AI,156000,FEMALE,BS,2015-05-18,GERMANY,https://api.dicebear.com/7.x/avataaars/svg?seed=36449473,26
1420,Arthur Phillips,MARKETING,133000,MALE,BA,2015-10-08,ITALY,https://api.dicebear.com/7.x/avataaars/svg?seed=b3c71ddb,37
1421,Dylan Lee,BUSINESS,134000,MALE,BS,2015-06-07,INDIA,https://api.dicebear.com/7.x/avataaars/svg?seed=f66e3893,26
1422,Beverly Ramos,BUSINESS,165000,FEMALE,MS,2015-06-18,ITALY,https://api.dicebear.com/7.x/avataaars/svg?seed=c9c08edb,61
1423,Beverly Walker,IT,194000,FEMALE,MS,2015-02-24,USA,https://api.dicebear.com/7.x/avataaars/svg?seed=c9856690,67
1424,Diana Kelly,BUSINESS,124000,FEMALE,MS,2015-10-15,CANADA,https://api.dicebear.com/7.x/avataaars/svg?seed=e2b4a641,62
1425,Katherine Bailey,SALES,161000,FEMALE,MIS,2015-05-13,GERMANY,https://api.dicebear.com/7.x/avataaars/svg?seed=58c627e5,35
1426,Sarah Kim,SALES,197000,FEMALE,MS,2015-07-11,USA,https://api.dicebear.com/7.x/avataaars/svg?seed=7967403f,63
1427,Christian Chavez,SALES,121000,MALE,MS,2015-03-19,ITALY,https://api.dicebear.com/7.x/avataaars/svg?seed=058f85e7,38
1428,Miguel Brooks,SALES,123000,MALE,MIS,2015-08-18,CHINA,https://api.dicebear.com/7.x/avataaars/svg?seed=82a54c51,33
1429,Emma Roberts,MARKETING,158000,FEMALE,BS,2015-04-07,CHINA,https://api.dicebear.com/7.x/avataaars/svg?seed=e4102e17,50
1430,Danielle Green,AI,182000,FEMALE,MS,2015-05-14,CHINA,https://api.dicebear.com/7.x/avataaars/svg?seed=03e8e1b8,68
1431,Diana Hall,SALES,82000,FEMALE,BA,2015-07-28,USA,https://api.dicebear.com/7.x/avataaars/svg?seed=8084f18f,54
1432,Dorothy Nguyen,SALES,132000,FEMALE,BS,2015-01-01,USA,https://api.dicebear.com/7.x/avataaars/svg?seed=2149a536,57
1433,Alan Bailey,AI,119000,MALE,MIS,2015-01-08,USA,https://api.dicebear.com/7.x/avataaars/svg?seed=3ddb6bd6,42
1434,Peter Hughes,MARKETING,135000,MALE,BS,2015-12-13,CHINA,https://api.dicebear.com/7.x/avataaars/svg?seed=d816fdf7,42
1435,Aaron Carter,BUSINESS,179000,MALE,MS,2015-11-06,CHINA,https://api.dicebear.com/7.x/avataaars/svg?seed=9f836315,38
1436,Ethan Moore,IT,181000,MALE,MS,2015-06-27,CHINA,https://api.dicebear.com/7.x/avataaars/svg?seed=d45ba9b7,49
1437,Olivia Martin,AI,190000,FEMALE,MIS,2015-03-01,USA,https://api.dicebear.com/7.x/avataaars/svg?seed=534e84be,32
1438,Charles Chavez,SALES,103000,MALE,BS,2015-11-14,USA,https://api.dicebear.com/7.x/avataaars/svg?seed=cf7a1954,53
1439,Kimberly Hernandez,IT,138000,FEMALE,BS,2015-12-20,CANADA,https://api.dicebear.com/7.x/avataaars/svg?seed=20968f56,51
1440,Joyce Richardson,IT,163000,FEMALE,MIS,2015-07-18,USA,https://api.dicebear.com/7.x/avataaars/svg?seed=bafb3dcb,56
1441,Kelly Roberts,AI,113000,FEMALE,BS,2015-07-20,INDIA,https://api.dicebear.com/7.x/avataaars/svg?seed=8e5265d4,33
1442,James Kelly,BUSINESS,115000,MALE,BS,2015-05-14,INDIA,https://api.dicebear.com/7.x/avataaars/svg?seed=a0c07096,54
1443,Gloria Kelly,AI,85000,FEMALE,BA,2015-10-16,INDIA,https://api.dicebear.com/7.x/avataaars/svg?seed=0e1bbb40,24
1444,Theresa Mitchell,SALES,184000,FEMALE,MS,2015-12-03,CHINA,https://api.dicebear.com/7.x/avataaars/svg?seed=9067ddc0,55
1445,Emily Sanders,MARKETING,120000,FEMALE,BS,2015-09-03,CANADA,https://api.dicebear.com/7.x/avataaars/svg?seed=0399067b,51
1446,Hannah Ward,SALES,141000,FEMALE,MS,2015-11-24,CHINA,https://api.dicebear.com/7.x/avataaars/svg?seed=474c2e85,55
1447,Logan Bennett,SALES,197000,MALE,MS,2015-09-26,GERMANY,https://api.dicebear.com/7.x/avataaars/svg?seed=35b4e69c,65
1448,Frances Flores,MARKETING,111000,FEMALE,MIS,2015-09-25,ITALY,https://api.dicebear.com/7.x/avataaars/svg?seed=28c5c2ab,45
1449,Patricia Stewart,BUSINESS,150000,FEMALE,BS,2015-10-24,ITALY,https://api.dicebear.com/7.x/avataaars/svg?seed=ed49b892,52
1450,Raymond Turner,AI,118000,MALE,BA,2015-03-02,GERMANY,https://api.dicebear.com/7.x/avataaars/svg?seed=d2e3f533,40
1451,Beverly Kim,AI,177000,FEMALE,MIS,2015-01-21,GERMANY,https://api.dicebear.com/7.x/avataaars/svg?seed=61aabf11,40
1452,Ethan Howard,IT,213000,MALE,PHD,2015-11-10,CHINA,https://api.dicebear.com/7.x/avataaars/svg?seed=9251d9ec,31
1453,Victor Richardson,SALES,117000,MALE,BA,2015-02-05,CANADA,https://api.dicebear.com/7.x/avataaars/svg?seed=7beb9b14,53
1454,Keith Martinez,AI,113000,MALE,BA,2015-10-09,ITALY,https://api.dicebear.com/7.x/avataaars/svg?seed=50ef8916,30
1455,Brenda Allen,SALES,119000,FEMALE,MIS,2015-03-19,USA,https://api.dicebear.com/7.x/avataaars/svg?seed=90cb8a19,62
1456,Victor Martin,BUSINESS,132000,MALE,BS,2015-05-26,USA,https://api.dicebear.com/7.x/avataaars/svg?seed=23495268,33
1457,Wayne Walker,BUSINESS,128000,MALE,MIS,2015-01-11,CHINA,https://api.dicebear.com/7.x/avataaars/svg?seed=9a168e45,57
1458,Christopher Jackson,MARKETING,129000,MALE,MS,2015-07-25,USA,https://api.dicebear.com/7.x/avataaars/svg?seed=1e262167,56
1459,Heather Walker,BUSINESS,221000,FEMALE,PHD,2015-04-19,ITALY,https://api.dicebear.com/7.x/avataaars/svg?seed=e804aad7,38
1460,Shawn Hall,SALES,222000,MALE,PHD,2015-02-02,USA,https://api.dicebear.com/7.x/avataaars/svg?seed=6e4e45df,44
1461,Carol Reyes,BUSINESS,145000,FEMALE,BS,2015-08-24,INDIA,https://api.dicebear.com/7.x/avataaars/svg?seed=d615c861,41
1462,Kayla Morgan,IT,129000,FEMALE,BA,2015-08-09,INDIA,https://api.dicebear.com/7.x/avataaars/svg?seed=1f75fa5b,46
1463,Emily Ortiz,BUSINESS,86000,FEMALE,BS,2015-08-13,INDIA,https://api.dicebear.com/7.x/avataaars/svg?seed=36ef4145,40
1464,Ralph Green,MARKETING,86000,MALE,BA,2015-09-21,INDIA,https://api.dicebear.com/7.x/avataaars/svg?seed=e79d30c8,28
1465,Carolyn Parker,MARKETING,188000,FEMALE,MIS,2015-06-09,ITALY,https://api.dicebear.com/7.x/avataaars/svg?seed=9ff966a6,41
1466,Jonathan Gonzalez,AI,188000,MALE,MIS,2015-07-15,USA,https://api.dicebear.com/7.x/avataaars/svg?seed=f96d78cf,61
1467,Lori Gray,IT,160000,FEMALE,BS,2015-09-11,CHINA,https://api.dicebear.com/7.x/avataaars/svg?seed=944a1e82,34
1468,Marilyn Ruiz,IT,145000,FEMALE,MIS,2015-01-22,INDIA,https://api.dicebear.com/7.x/avataaars/svg?seed=37a60d86,59
1469,Patricia Rodriguez,SALES,157000,FEMALE,MIS,2015-09-04,USA,https://api.dicebear.com/7.x/avataaars/svg?seed=53320a41,30
1470,Danielle Edwards,AI,133000,FEMALE,MIS,2015-05-07,CHINA,https://api.dicebear.com/7.x/avataaars/svg?seed=d544d56f,42
1471,William Brown,MARKETING,96000,MALE,BS,2015-10-22,ITALY,https://api.dicebear.com/7.x/avataaars/svg?seed=c9f1037f,25
1472,Jason Kim,SALES,200000,MALE,MS,2015-02-28,USA,https://api.dicebear.com/7.x/avataaars/svg?seed=1b1b51e2,32
1473,Russell Taylor,BUSINESS,104000,MALE,BA,2015-12-06,USA,https://api.dicebear.com/7.x/avataaars/svg?seed=e4c0e9e8,29
1474,Nicholas Nguyen,BUSINESS,194000,MALE,MS,2015-11-15,GERMANY,https://api.dicebear.com/7.x/avataaars/svg?seed=e032cf34,29
1475,Stephen Foster,BUSINESS,198000,MALE,MS,2015-06-09,INDIA,https://api.dicebear.com/7.x/avataaars/svg?seed=6cbb29a8,67
1476,Michelle Jimenez,SALES,175000,FEMALE,PHD,2015-07-13,GERMANY,https://api.dicebear.com/7.x/avataaars/svg?seed=420ccb5c,31
1477,Raymond Davis,AI,118000,MALE,BS,2015-08-03,CHINA,https://api.dicebear.com/7.x/avataaars/svg?seed=d9de64c8,33
1478,Judith Sanchez,MARKETING,135000,FEMALE,BS,2015-11-16,USA,https://api.dicebear.com/7.x/avataaars/svg?seed=db346c13,33
1479,Anthony Jackson,MARKETING,165000,MALE,MS,2015-10-21,CHINA,https://api.dicebear.com/7.x/avataaars/svg?seed=c3c65df6,38
1480,Margaret Cruz,AI,98000,FEMALE,BS,2015-02-03,CANADA,https://api.dicebear.com/7.x/avataaars/svg?seed=8dfdf860,24
1481,Madison Sanders,AI,162000,FEMALE,MIS,2015-08-05,GERMANY,https://api.dicebear.com/7.x/avataaars/svg?seed=0ac82a04,25
1482,Johnny Brooks,SALES,85000,MALE,BA,2015-05-05,USA,https://api.dicebear.com/7.x/avataaars/svg?seed=5d789898,46
1483,Wayne Nelson,BUSINESS,213000,MALE,PHD,2015-09-23,INDIA,https://api.dicebear.com/7.x/avataaars/svg?seed=c636cb83,28
1484,Antonio Morales,BUSINESS,140000,MALE,BS,2015-12-25,CHINA,https://api.dicebear.com/7.x/avataaars/svg?seed=257dc86c,47
1485,Sarah Cooper,IT,85000,FEMALE,BS,2015-12-27,GERMANY,https://api.dicebear.com/7.x/avataaars/svg?seed=cc9c7970,46
1486,Rosa Morris,SALES,157000,FEMALE,BS,2015-06-11,INDIA,https://api.dicebear.com/7.x/avataaars/svg?seed=d77fd4c8,56
1487,Roy Hill,BUSINESS,117000,MALE,MS,2015-11-03,ITALY,https://api.dicebear.com/7.x/avataaars/svg?seed=5315f660,65
1488,Patrick Morgan,AI,95000,MALE,BS,2015-05-21,USA,https://api.dicebear.com/7.x/avataaars/svg?seed=52b78501,51
1489,Stephanie Thompson,MARKETING,86000,FEMALE,BA,2015-11-07,INDIA,https://api.dicebear.com/7.x/avataaars/svg?seed=50ed97cb,46
1490,Nicole Hughes,BUSINESS,153000,FEMALE,PHD,2015-12-12,USA,https://api.dicebear.com/7.x/avataaars/svg?seed=e6deb69c,68
1491,Walter Hernandez,BUSINESS,164000,MALE,PHD,2015-01-07,USA,https://api.dicebear.com/7.x/avataaars/svg?seed=887048cc,36
1492,Linda Castillo,MARKETING,111000,FEMALE,BA,2015-07-03,CHINA,https://api.dicebear.com/7.x/avataaars/svg?seed=58f2ba0e,53
1493,Harold Chavez,AI,148000,MALE,BS,2015-08-01,CHINA,https://api.dicebear.com/7.x/avataaars/svg?seed=df6882d3,56
1494,Barbara Baker,SALES,148000,FEMALE,MIS,2015-07-04,INDIA,https://api.dicebear.com/7.x/avataaars/svg?seed=1a288fb9,26
1495,Jason Wood,MARKETING,163000,MALE,MIS,2015-03-24,CHINA,https://api.dicebear.com/7.x/avataaars/svg?seed=c4bb5b24,58
1496,Frances Robinson,SALES,89000,FEMALE,BS,2015-08-21,CHINA,https://api.dicebear.com/7.x/avataaars/svg?seed=5f0df14d,31
1497,Jennifer Stewart,MARKETING,86000,FEMALE,BA,2015-12-21,CHINA,https://api.dicebear.com/7.x/avataaars/svg?seed=c4450c3e,37
1498,Steven Johnson,IT,190000,MALE,MS,2015-05-27,USA,https://api.dicebear.com/7.x/avataaars/svg?seed=fba5dcef,28
1499,Betty Collins,MARKETING,102000,FEMALE,BA,2015-02-04,CHINA,https://api.dicebear.com/7.x/avataaars/svg?seed=56ab0086,26
1500,Megan Kim,MARKETING,109000,FEMALE,BA,2015-04-14,GERMANY,https://api.dicebear.com/7.x/avataaars/svg?seed=4b4d8c43,26
1501,Gregory Patel,BUSINESS,126000,MALE,BS,2015-11-19,USA,https://api.dicebear.com/7.x/avataaars/svg?seed=ad305631,29
1502,Gloria Moore,AI,167000,FEMALE,PHD,2015-10-06,USA,https://api.dicebear.com/7.x/avataaars/svg?seed=ff9459a4,30
1503,Christine Rodriguez,SALES,145000,FEMALE,MS,2015-07-06,ITALY,https://api.dicebear.com/7.x/avataaars/svg?seed=3b51d3a0,34
1504,Isabella Mitchell,MARKETING,102000,FEMALE,BA,2015-04-19,CHINA,https://api.dicebear.com/7.x/avataaars/svg?seed=590473e6,50
1505,Elizabeth Moore,SALES,133000,FEMALE,BS,2015-01-16,INDIA,https://api.dicebear.com/7.x/avataaars/svg?seed=47c3b65b,32
1506,Lisa Smith,SALES,107000,FEMALE,BS,2015-12-21,USA,https://api.dicebear.com/7.x/avataaars/svg?seed=833fcf11,27
1507,Eugene Torres,BUSINESS,165000,MALE,MIS,2015-04-05,CHINA,https://api.dicebear.com/7.x/avataaars/svg?seed=49805765,32
1508,Sophia Wright,MARKETING,197000,FEMALE,PHD,2015-04-06,ITALY,https://api.dicebear.com/7.x/avataaars/svg?seed=96523be4,54
1509,William Kim,IT,168000,MALE,MIS,2015-02-21,GERMANY,https://api.dicebear.com/7.x/avataaars/svg?seed=8334c3c5,63
1510,Nicole Hall,BUSINESS,140000,FEMALE,PHD,2015-04-07,GERMANY,https://api.dicebear.com/7.x/avataaars/svg?seed=5178511e,63
1511,Donald Ortiz,SALES,131000,MALE,BS,2015-09-08,GERMANY,https://api.dicebear.com/7.x/avataaars/svg?seed=cbfee88d,56
1512,Christina Foster,IT,140000,FEMALE,MIS,2015-04-04,GERMANY,https://api.dicebear.com/7.x/avataaars/svg?seed=5992d98f,27
1513,Joshua Mendoza,BUSINESS,148000,MALE,BS,2015-03-22,ITALY,https://api.dicebear.com/7.x/avataaars/svg?seed=f24f9a3f,33
1514,David Miller,AI,146000,MALE,MS,2015-07-09,USA,https://api.dicebear.com/7.x/avataaars/svg?seed=9831baa5,38
1515,Christine Ward,BUSINESS,90000,FEMALE,BS,2015-12-02,CHINA,https://api.dicebear.com/7.x/avataaars/svg?seed=2648ff9e,28
1516,Martha Thompson,IT,88000,FEMALE,BS,2015-09-04,ITALY,https://api.dicebear.com/7.x/avataaars/svg?seed=bff4964f,53
1517,Karen Walker,BUSINESS,160000,FEMALE,BS,2015-06-14,INDIA,https://api.dicebear.com/7.x/avataaars/svg?seed=48060806,59
1518,Stephanie Myers,AI,169000,FEMALE,PHD,2015-06-08,GERMANY,https://api.dicebear.com/7.x/avataaars/svg?seed=38bc3ba9,35
1519,Betty Walker,BUSINESS,110000,FEMALE,BS,2015-04-03,CHINA,https://api.dicebear.com/7.x/avataaars/svg?seed=8211b92c,46
1520,Walter Miller,BUSINESS,99000,MALE,BA,2015-10-15,ITALY,https://api.dicebear.com/7.x/avataaars/svg?seed=ac325b79,35
1521,Amanda Roberts,AI,127000,FEMALE,MS,2015-12-07,CANADA,https://api.dicebear.com/7.x/avataaars/svg?seed=20b11c60,54
1522,Judy Rivera,AI,106000,FEMALE,BA,2015-03-02,CHINA,https://api.dicebear.com/7.x/avataaars/svg?seed=08e3c840,43
1523,Beverly Reed,SALES,140000,FEMALE,MIS,2015-02-28,USA,https://api.dicebear.com/7.x/avataaars/svg?seed=a373a28f,32
1524,Arthur Collins,BUSINESS,131000,MALE,MS,2015-04-10,CHINA,https://api.dicebear.com/7.x/avataaars/svg?seed=371cbf39,46
1525,Jean Lee,MARKETING,161000,FEMALE,PHD,2015-09-28,CHINA,https://api.dicebear.com/7.x/avataaars/svg?seed=f961afbd,64
1526,Cynthia Lopez,BUSINESS,171000,FEMALE,MIS,2015-04-19,CHINA,https://api.dicebear.com/7.x/avataaars/svg?seed=19d249a1,55
1527,Joan Reyes,AI,111000,FEMALE,MS,2015-12-28,INDIA,https://api.dicebear.com/7.x/avataaars/svg?seed=b749d078,52
1528,Gary Young,AI,140000,MALE,BS,2015-04-19,USA,https://api.dicebear.com/7.x/avataaars/svg?seed=07333ddf,59
1529,Donna Kelly,SALES,163000,FEMALE,MS,2015-01-16,USA,https://api.dicebear.com/7.x/avataaars/svg?seed=a9cf3b0f,27
1530,Shawn Foster,MARKETING,144000,MALE,PHD,2015-09-13,CHINA,https://api.dicebear.com/7.x/avataaars/svg?seed=b16b450e,55
1531,Evelyn Hughes,SALES,138000,FEMALE,BA,2015-04-03,CHINA,https://api.dicebear.com/7.x/avataaars/svg?seed=bcb497b5,53
1532,Ann Long,SALES,157000,FEMALE,MIS,2015-03-12,USA,https://api.dicebear.com/7.x/avataaars/svg?seed=9b49d26d,37
1533,Emma Walker,SALES,83000,FEMALE,BA,2015-11-10,CHINA,https://api.dicebear.com/7.x/avataaars/svg?seed=cabde770,52
1534,Michelle Price,BUSINESS,158000,FEMALE,BS,2015-01-15,USA,https://api.dicebear.com/7.x/avataaars/svg?seed=2a632b78,59
1535,Kimberly Price,BUSINESS,128000,FEMALE,MIS,2015-11-15,CHINA,https://api.dicebear.com/7.x/avataaars/svg?seed=b3a8f6d7,47
1536,Theresa Brooks,SALES,185000,FEMALE,MIS,2015-07-23,INDIA,https://api.dicebear.com/7.x/avataaars/svg?seed=dd37c872,28
1537,Christine Ortiz,SALES,122000,FEMALE,BS,2015-05-23,INDIA,https://api.dicebear.com/7.x/avataaars/svg?seed=a4e39341,49
1538,Philip Cooper,MARKETING,136000,MALE,MS,2015-02-20,CHINA,https://api.dicebear.com/7.x/avataaars/svg?seed=9535135a,68
1539,Christine Patel,SALES,127000,FEMALE,BA,2015-02-13,ITALY,https://api.dicebear.com/7.x/avataaars/svg?seed=fa4bc3c6,25
1540,Patrick Reyes,MARKETING,90000,MALE,BS,2015-06-06,CHINA,https://api.dicebear.com/7.x/avataaars/svg?seed=687cc5d4,45
1541,Bobby Bailey,SALES,107000,MALE,BA,2015-06-08,USA,https://api.dicebear.com/7.x/avataaars/svg?seed=f86f29e6,30
1542,Gloria Anderson,BUSINESS,107000,FEMALE,BA,2015-06-12,USA,https://api.dicebear.com/7.x/avataaars/svg?seed=a0946277,36
1543,Jonathan Cook,BUSINESS,116000,MALE,BA,2015-02-12,USA,https://api.dicebear.com/7.x/avataaars/svg?seed=d020f691,25
1544,Rachel Edwards,BUSINESS,169000,FEMALE,MIS,2015-02-16,ITALY,https://api.dicebear.com/7.x/avataaars/svg?seed=06b1e567,57
1545,Theresa Morgan,MARKETING,118000,FEMALE,BA,2015-10-12,INDIA,https://api.dicebear.com/7.x/avataaars/svg?seed=66625726,50
1546,Sarah Harris,BUSINESS,96000,FEMALE,BS,2015-07-06,USA,https://api.dicebear.com/7.x/avataaars/svg?seed=f730f108,27
1547,Pamela Martinez,SALES,106000,FEMALE,BS,2015-02-23,INDIA,https://api.dicebear.com/7.x/avataaars/svg?seed=779b3f6f,39
1548,Andrew Murphy,IT,136000,MALE,MS,2015-11-01,INDIA,https://api.dicebear.com/7.x/avataaars/svg?seed=6ca2ce07,58
1549,Emma Turner,MARKETING,97000,FEMALE,BA,2015-06-14,CHINA,https://api.dicebear.com/7.x/avataaars/svg?seed=41ecfb61,52
1550,Victoria Patel,SALES,177000,FEMALE,PHD,2015-02-01,USA,https://api.dicebear.com/7.x/avataaars/svg?seed=ff517b9f,40
1551,Ryan Gutierrez,AI,137000,MALE,BS,2015-06-21,INDIA,https://api.dicebear.com/7.x/avataaars/svg?seed=2c5c2755,59
1552,Bobby Adams,BUSINESS,160000,MALE,BS,2015-09-15,USA,https://api.dicebear.com/7.x/avataaars/svg?seed=d87120e5,55
1553,Kyle Hill,MARKETING,97000,MALE,BA,2015-03-26,USA,https://api.dicebear.com/7.x/avataaars/svg?seed=24310d1d,41
1554,Shirley Robinson,BUSINESS,187000,FEMALE,PHD,2015-01-05,USA,https://api.dicebear.com/7.x/avataaars/svg?seed=0881e22a,46
1555,Carolyn Torres,BUSINESS,126000,FEMALE,MIS,2015-03-23,USA,https://api.dicebear.com/7.x/avataaars/svg?seed=a92d34dc,63
1556,Martha Torres,IT,107000,FEMALE,BS,2015-03-08,ITALY,https://api.dicebear.com/7.x/avataaars/svg?seed=3507f40c,31
1557,Sandra Garcia,AI,97000,FEMALE,BA,2015-05-12,INDIA,https://api.dicebear.com/7.x/avataaars/svg?seed=15281b8f,50
1558,Melissa Clark,MARKETING,230000,FEMALE,PHD,2015-11-11,CHINA,https://api.dicebear.com/7.x/avataaars/svg?seed=20f4533a,30
1559,Frank Jackson,AI,162000,MALE,MIS,2015-03-18,USA,https://api.dicebear.com/7.x/avataaars/svg?seed=8095dbe9,58
1560,Scott Thomas,SALES,161000,MALE,MS,2015-03-15,USA,https://api.dicebear.com/7.x/avataaars/svg?seed=638a7a6f,56
1561,Benjamin Martin,SALES,154000,MALE,BS,2015-06-21,USA,https://api.dicebear.com/7.x/avataaars/svg?seed=c54c5931,54
1562,Alan Nguyen,BUSINESS,122000,MALE,BS,2015-11-05,CHINA,https://api.dicebear.com/7.x/avataaars/svg?seed=3ca75d3f,58
1563,Jordan Sanders,BUSINESS,124000,MALE,BA,2015-12-16,ITALY,https://api.dicebear.com/7.x/avataaars/svg?seed=aa8c7f1b,29
1564,David Moore,MARKETING,124000,MALE,MS,2015-01-13,GERMANY,https://api.dicebear.com/7.x/avataaars/svg?seed=56b992df,44
1565,Alice Lewis,BUSINESS,155000,FEMALE,MS,2015-06-02,USA,https://api.dicebear.com/7.x/avataaars/svg?seed=b70d142a,30
1566,Russell Chavez,IT,179000,MALE,MIS,2015-04-26,CHINA,https://api.dicebear.com/7.x/avataaars/svg?seed=2c210be9,57
1567,Lori Scott,IT,87000,FEMALE,BS,2015-09-28,ITALY,https://api.dicebear.com/7.x/avataaars/svg?seed=8489e855,27
1568,Kelly Gray,SALES,150000,FEMALE,BS,2015-04-16,ITALY,https://api.dicebear.com/7.x/avataaars/svg?seed=99f8d931,47
1569,Samantha Cox,MARKETING,88000,FEMALE,BA,2015-07-05,GERMANY,https://api.dicebear.com/7.x/avataaars/svg?seed=91c3c50e,45
1570,Howard Diaz,AI,154000,MALE,MIS,2015-01-10,ITALY,https://api.dicebear.com/7.x/avataaars/svg?seed=0fca42ae,47
1571,Frank Hall,AI,197000,MALE,PHD,2015-02-07,CHINA,https://api.dicebear.com/7.x/avataaars/svg?seed=c517612e,63
1572,Shawn Cruz,BUSINESS,137000,MALE,BA,2015-03-26,USA,https://api.dicebear.com/7.x/avataaars/svg?seed=92603e66,40
1573,Shawn Diaz,BUSINESS,102000,MALE,BS,2015-10-03,GERMANY,https://api.dicebear.com/7.x/avataaars/svg?seed=a29980ac,59
1574,Emily Clark,AI,145000,FEMALE,BS,2015-06-03,USA,https://api.dicebear.com/7.x/avataaars/svg?seed=5365d2fe,55
1575,Kathryn Long,BUSINESS,92000,FEMALE,BA,2015-07-21,USA,https://api.dicebear.com/7.x/avataaars/svg?seed=d9fc06f1,22
1576,Anna Turner,IT,156000,FEMALE,BS,2015-12-19,ITALY,https://api.dicebear.com/7.x/avataaars/svg?seed=8da5e2c0,51
1577,Kayla Moore,IT,108000,FEMALE,BS,2015-05-18,INDIA,https://api.dicebear.com/7.x/avataaars/svg?seed=032e433d,46
1578,Judith Garcia,AI,179000,FEMALE,MIS,2015-08-18,GERMANY,https://api.dicebear.com/7.x/avataaars/svg?seed=c29fb47e,43
1579,Charlotte Reyes,IT,108000,FEMALE,MIS,2015-03-09,USA,https://api.dicebear.com/7.x/avataaars/svg?seed=b104e53f,24
1580,Scott Brooks,BUSINESS,100000,MALE,BS,2015-07-06,GERMANY,https://api.dicebear.com/7.x/avataaars/svg?seed=cc48c557,40
1581,Judith Ruiz,IT,113000,FEMALE,MS,2015-05-16,CANADA,https://api.dicebear.com/7.x/avataaars/svg?seed=c467c930,32
1582,Marie Campbell,MARKETING,171000,FEMALE,MS,2015-07-28,GERMANY,https://api.dicebear.com/7.x/avataaars/svg?seed=cfd2c5f3,61
1583,Shirley Watson,BUSINESS,96000,FEMALE,BA,2015-09-24,GERMANY,https://api.dicebear.com/7.x/avataaars/svg?seed=88075f46,45
1584,Bryan Williams,AI,105000,MALE,BS,2015-01-05,USA,https://api.dicebear.com/7.x/avataaars/svg?seed=5baf1d6f,59
1585,Samantha Reyes,IT,130000,FEMALE,BS,2015-01-09,CANADA,https://api.dicebear.com/7.x/avataaars/svg?seed=49b81367,32
1586,Janet Turner,AI,116000,FEMALE,MS,2015-05-17,CANADA,https://api.dicebear.com/7.x/avataaars/svg?seed=2fe743c2,43
1587,Vincent Martinez,MARKETING,109000,MALE,BS,2015-02-20,ITALY,https://api.dicebear.com/7.x/avataaars/svg?seed=3014385d,33
1588,Kayla Perez,MARKETING,151000,FEMALE,MS,2015-11-26,CANADA,https://api.dicebear.com/7.x/avataaars/svg?seed=5d66974a,45
1589,Nicole Wright,AI,93000,FEMALE,BA,2015-10-12,CANADA,https://api.dicebear.com/7.x/avataaars/svg?seed=82d96883,56
1590,Emily Johnson,IT,151000,FEMALE,BS,2015-06-25,ITALY,https://api.dicebear.com/7.x/avataaars/svg?seed=15b1c2a1,40
1591,Judith Evans,AI,105000,FEMALE,BS,2015-04-05,USA,https://api.dicebear.com/7.x/avataaars/svg?seed=c92c99ba,28
1592,Keith Lewis,IT,181000,MALE,MS,2015-12-27,INDIA,https://api.dicebear.com/7.x/avataaars/svg?seed=9e3415f6,64
1593,Jacqueline Morgan,MARKETING,99000,FEMALE,BS,2015-08-03,CANADA,https://api.dicebear.com/7.x/avataaars/svg?seed=a9b6add8,48
1594,Sandra Taylor,SALES,146000,FEMALE,BS,2015-05-23,USA,https://api.dicebear.com/7.x/avataaars/svg?seed=adf10d20,44
1595,Patrick Moore,BUSINESS,216000,MALE,PHD,2015-06-06,CHINA,https://api.dicebear.com/7.x/avataaars/svg?seed=85d78268,61
1596,Alan Hill,SALES,96000,MALE,BA,2015-03-28,CHINA,https://api.dicebear.com/7.x/avataaars/svg?seed=835d4316,36
1597,Louis Jackson,IT,144000,MALE,MIS,2015-04-05,USA,https://api.dicebear.com/7.x/avataaars/svg?seed=1d8045cb,32
1598,Lisa Diaz,SALES,149000,FEMALE,PHD,2015-08-25,USA,https://api.dicebear.com/7.x/avataaars/svg?seed=5583f6ad,29
1599,Virginia Garcia,IT,118000,FEMALE,MIS,2015-11-17,GERMANY,https://api.dicebear.com/7.x/avataaars/svg?seed=371150eb,26
1600,Eugene Davis,BUSINESS,155000,MALE,PHD,2015-01-03,USA,https://api.dicebear.com/7.x/avataaars/svg?seed=308eb3b4,44
1601,Scott Bennett,SALES,152000,MALE,PHD,2015-10-07,CANADA,https://api.dicebear.com/7.x/avataaars/svg?seed=fa0e218f,35
1602,Kathryn Sanchez,IT,195000,FEMALE,MS,2015-01-03,ITALY,https://api.dicebear.com/7.x/avataaars/svg?seed=b20881c1,47
1603,Andrew Myers,AI,159000,MALE,BS,2015-06-06,INDIA,https://api.dicebear.com/7.x/avataaars/svg?seed=14b9e9ad,44
1604,Keith Jimenez,MARKETING,111000,MALE,BA,2015-10-03,USA,https://api.dicebear.com/7.x/avataaars/svg?seed=706066ce,54
1605,Matthew Howard,SALES,152000,MALE,BS,2015-12-07,INDIA,https://api.dicebear.com/7.x/avataaars/svg?seed=f75518af,35
1606,Pamela Perez,MARKETING,110000,FEMALE,MS,2015-04-17,GERMANY,https://api.dicebear.com/7.x/avataaars/svg?seed=6f8863ff,31
1607,Alan Stewart,AI,104000,MALE,BA,2015-11-04,USA,https://api.dicebear.com/7.x/avataaars/svg?seed=f2afb996,50
1608,Melissa Rivera,BUSINESS,164000,FEMALE,MS,2015-09-08,USA,https://api.dicebear.com/7.x/avataaars/svg?seed=923368e7,38
1609,Julie Anderson,AI,125000,FEMALE,MS,2015-02-17,CANADA,https://api.dicebear.com/7.x/avataaars/svg?seed=bcaf4579,54
1610,Kimberly Murphy,AI,200000,FEMALE,MS,2015-09-24,USA,https://api.dicebear.com/7.x/avataaars/svg?seed=763b5acd,43
1611,Elizabeth Hernandez,AI,168000,FEMALE,MIS,2015-07-10,CHINA,https://api.dicebear.com/7.x/avataaars/svg?seed=5cf10f89,31
1612,Kyle Kim,AI,141000,MALE,BS,2015-09-14,ITALY,https://api.dicebear.com/7.x/avataaars/svg?seed=2180b6d3,36
1613,Emma Diaz,IT,113000,FEMALE,MIS,2015-11-12,GERMANY,https://api.dicebear.com/7.x/avataaars/svg?seed=6df386ed,54
1614,Amanda Johnson,BUSINESS,98000,FEMALE,BS,2015-08-17,USA,https://api.dicebear.com/7.x/avataaars/svg?seed=a885435c,47
1615,Amber Gray,SALES,100000,FEMALE,BS,2015-07-13,INDIA,https://api.dicebear.com/7.x/avataaars/svg?seed=d532be71,31
1616,Margaret Patel,IT,89000,FEMALE,BA,2015-04-11,INDIA,https://api.dicebear.com/7.x/avataaars/svg?seed=b5a3a61c,45
1617,Stephanie Kim,BUSINESS,125000,FEMALE,MS,2015-07-24,CHINA,https://api.dicebear.com/7.x/avataaars/svg?seed=f0eae01c,39
1618,Megan Scott,MARKETING,160000,FEMALE,BS,2015-11-13,ITALY,https://api.dicebear.com/7.x/avataaars/svg?seed=774dc7df,39
1619,Alexander Stewart,MARKETING,156000,MALE,MIS,2015-09-09,USA,https://api.dicebear.com/7.x/avataaars/svg?seed=c5073f3f,55
1620,Emily Foster,BUSINESS,153000,FEMALE,PHD,2015-05-16,ITALY,https://api.dicebear.com/7.x/avataaars/svg?seed=438b3f45,35
1621,Megan Robinson,IT,113000,FEMALE,MS,2015-12-02,USA,https://api.dicebear.com/7.x/avataaars/svg?seed=07dc260a,31
1622,Sarah Murphy,SALES,107000,FEMALE,BS,2015-10-22,ITALY,https://api.dicebear.com/7.x/avataaars/svg?seed=05e3b898,46
1623,Katherine Martin,AI,189000,FEMALE,MS,2015-02-25,ITALY,https://api.dicebear.com/7.x/avataaars/svg?seed=95dfbf5d,64
1624,Karen James,MARKETING,168000,FEMALE,MIS,2015-04-10,INDIA,https://api.dicebear.com/7.x/avataaars/svg?seed=8e6360c4,53
1625,Amber Murphy,BUSINESS,169000,FEMALE,MIS,2015-09-11,INDIA,https://api.dicebear.com/7.x/avataaars/svg?seed=1c02e471,40
1626,Harold Cooper,SALES,89000,MALE,BS,2015-02-13,CHINA,https://api.dicebear.com/7.x/avataaars/svg?seed=2058abf7,49
1627,Kelly Green,BUSINESS,141000,FEMALE,BS,2015-01-02,USA,https://api.dicebear.com/7.x/avataaars/svg?seed=90e5d05b,51
1628,Amanda Bailey,AI,106000,FEMALE,BS,2015-07-05,USA,https://api.dicebear.com/7.x/avataaars/svg?seed=b4fcf2de,53
1629,Helen Alvarez,BUSINESS,167000,FEMALE,MIS,2015-10-22,CHINA,https://api.dicebear.com/7.x/avataaars/svg?seed=ac617f9d,31
1630,Walter James,MARKETING,141000,MALE,BA,2015-09-28,ITALY,https://api.dicebear.com/7.x/avataaars/svg?seed=16fd6f88,52
1631,Michelle Cook,SALES,155000,FEMALE,MIS,2015-08-19,CHINA,https://api.dicebear.com/7.x/avataaars/svg?seed=ad42a58e,40
1632,Maria Ward,AI,117000,FEMALE,BA,2015-01-01,USA,https://api.dicebear.com/7.x/avataaars/svg?seed=f4143166,42
1633,Eugene Garcia,IT,131000,MALE,BS,2015-12-19,USA,https://api.dicebear.com/7.x/avataaars/svg?seed=08470db6,44
1634,Judy Baker,BUSINESS,122000,FEMALE,MS,2015-06-12,INDIA,https://api.dicebear.com/7.x/avataaars/svg?seed=8e4c167f,52
1635,Jose Hall,SALES,189000,MALE,MIS,2015-04-08,CHINA,https://api.dicebear.com/7.x/avataaars/svg?seed=02e7b030,39
1636,Grace Flores,MARKETING,115000,FEMALE,MIS,2015-05-04,USA,https://api.dicebear.com/7.x/avataaars/svg?seed=98550a28,28
1637,Gregory Perez,SALES,178000,MALE,MS,2015-01-15,ITALY,https://api.dicebear.com/7.x/avataaars/svg?seed=322aa098,45
1638,Logan Diaz,MARKETING,134000,MALE,BA,2015-01-23,GERMANY,https://api.dicebear.com/7.x/avataaars/svg?seed=90a3c829,39
1639,Joan Ramos,SALES,150000,FEMALE,MS,2015-10-13,CHINA,https://api.dicebear.com/7.x/avataaars/svg?seed=23ba8098,49
1640,Katherine Kelly,SALES,167000,FEMALE,MIS,2015-12-22,USA,https://api.dicebear.com/7.x/avataaars/svg?seed=04a729aa,30
1641,Rebecca Baker,BUSINESS,174000,FEMALE,MS,2015-06-06,GERMANY,https://api.dicebear.com/7.x/avataaars/svg?seed=9c699807,67
1642,Abigail Hill,AI,165000,FEMALE,MS,2015-08-21,USA,https://api.dicebear.com/7.x/avataaars/svg?seed=938ac5bb,37
1643,Charles Morgan,IT,117000,MALE,BA,2015-01-10,CANADA,https://api.dicebear.com/7.x/avataaars/svg?seed=fae378df,38
1644,Bryan Phillips,IT,189000,MALE,MS,2015-12-28,ITALY,https://api.dicebear.com/7.x/avataaars/svg?seed=87754f41,30
1645,Frances Gonzalez,MARKETING,153000,FEMALE,MS,2015-02-19,INDIA,https://api.dicebear.com/7.x/avataaars/svg?seed=36a7c62a,42
1646,Jacqueline Stewart,BUSINESS,111000,FEMALE,BS,2015-02-21,CHINA,https://api.dicebear.com/7.x/avataaars/svg?seed=5dd5dda3,44
1647,Scott Cook,AI,140000,MALE,BS,2015-06-07,USA,https://api.dicebear.com/7.x/avataaars/svg?seed=e6eab59a,56
1648,Olivia Phillips,AI,150000,FEMALE,BS,2015-11-25,GERMANY,https://api.dicebear.com/7.x/avataaars/svg?seed=f2a7fd98,51
1649,Dylan White,SALES,185000,MALE,MIS,2015-03-19,USA,https://api.dicebear.com/7.x/avataaars/svg?seed=4034fc34,57
1650,Christian Ramirez,BUSINESS,115000,MALE,BA,2015-10-28,USA,https://api.dicebear.com/7.x/avataaars/svg?seed=bb80912e,56
1651,Lori Parker,MARKETING,190000,FEMALE,MS,2015-09-07,GERMANY,https://api.dicebear.com/7.x/avataaars/svg?seed=7dfaa72b,28
1652,Janet Reyes,IT,135000,FEMALE,MIS,2015-12-22,INDIA,https://api.dicebear.com/7.x/avataaars/svg?seed=fa3a8d85,33
1653,Carlos Hill,BUSINESS,157000,MALE,MIS,2015-02-21,INDIA,https://api.dicebear.com/7.x/avataaars/svg?seed=297fbe41,44
1654,Edward Evans,AI,146000,MALE,MS,2015-03-09,ITALY,https://api.dicebear.com/7.x/avataaars/svg?seed=9ae53fde,66
1655,Roy Kim,IT,136000,MALE,BS,2015-02-05,INDIA,https://api.dicebear.com/7.x/avataaars/svg?seed=29d04811,37
1656,Timothy Brown,IT,120000,MALE,BA,2015-08-18,INDIA,https://api.dicebear.com/7.x/avataaars/svg?seed=9eee23a0,51
1657,Virginia Diaz,SALES,110000,FEMALE,BS,2015-05-05,CHINA,https://api.dicebear.com/7.x/avataaars/svg?seed=c77c432a,32
1658,Linda King,AI,155000,FEMALE,BS,2015-11-28,USA,https://api.dicebear.com/7.x/avataaars/svg?seed=69a1d688,33
1659,Elizabeth Castillo,BUSINESS,83000,FEMALE,BA,2015-02-11,INDIA,https://api.dicebear.com/7.x/avataaars/svg?seed=f0da95ee,25
1660,Russell Hill,SALES,192000,MALE,PHD,2015-11-22,USA,https://api.dicebear.com/7.x/avataaars/svg?seed=6cbf66d1,51
1661,Daniel Gomez,IT,111000,MALE,BA,2015-10-24,USA,https://api.dicebear.com/7.x/avataaars/svg?seed=ac7713e8,29
1662,Andrea Thomas,MARKETING,225000,FEMALE,PHD,2015-09-09,USA,https://api.dicebear.com/7.x/avataaars/svg?seed=2f31bad3,65
1663,Christian Lopez,IT,100000,MALE,BS,2015-06-27,GERMANY,https://api.dicebear.com/7.x/avataaars/svg?seed=16af5494,42
1664,Lawrence Patel,BUSINESS,140000,MALE,MS,2015-04-05,CANADA,https://api.dicebear.com/7.x/avataaars/svg?seed=3641a2cf,52
1665,Anthony Thompson,IT,140000,MALE,MIS,2015-07-09,CHINA,https://api.dicebear.com/7.x/avataaars/svg?seed=0762d22b,52
1666,Walter Morgan,AI,99000,MALE,BS,2015-09-14,CHINA,https://api.dicebear.com/7.x/avataaars/svg?seed=d6223555,42
1667,Joan Mendoza,IT,120000,FEMALE,BS,2015-06-16,USA,https://api.dicebear.com/7.x/avataaars/svg?seed=af6d870b,31
1668,Howard Mitchell,AI,112000,MALE,MS,2015-10-02,USA,https://api.dicebear.com/7.x/avataaars/svg?seed=249984dc,66
1669,Charlotte James,SALES,228000,FEMALE,PHD,2015-04-09,ITALY,https://api.dicebear.com/7.x/avataaars/svg?seed=d66bdf5c,70
1670,Teresa Roberts,AI,127000,FEMALE,BA,2015-09-28,CHINA,https://api.dicebear.com/7.x/avataaars/svg?seed=e89d8e59,29
1671,Kathleen Cruz,BUSINESS,141000,FEMALE,PHD,2015-05-10,USA,https://api.dicebear.com/7.x/avataaars/svg?seed=fb6542fc,53
1672,Nancy Long,IT,123000,FEMALE,BS,2015-03-15,USA,https://api.dicebear.com/7.x/avataaars/svg?seed=07f3dee0,35
1673,Harry Green,BUSINESS,114000,MALE,MS,2015-02-27,ITALY,https://api.dicebear.com/7.x/avataaars/svg?seed=17b596e3,42
1674,Luis Morales,BUSINESS,137000,MALE,BS,2015-12-14,INDIA,https://api.dicebear.com/7.x/avataaars/svg?seed=93ca193a,43
1675,Betty Lee,AI,145000,FEMALE,BA,2015-06-14,CHINA,https://api.dicebear.com/7.x/avataaars/svg?seed=7d04ec75,26
1676,Russell Sanders,MARKETING,126000,MALE,BS,2015-12-01,CHINA,https://api.dicebear.com/7.x/avataaars/svg?seed=79df0e6a,51
1677,Alexis Miller,IT,141000,FEMALE,BS,2015-01-13,CANADA,https://api.dicebear.com/7.x/avataaars/svg?seed=a0a216a8,30
1678,Stephanie Watson,AI,121000,FEMALE,BA,2015-02-04,INDIA,https://api.dicebear.com/7.x/avataaars/svg?seed=5297b34d,58
1679,Kenneth Young,MARKETING,193000,MALE,MS,2015-10-22,INDIA,https://api.dicebear.com/7.x/avataaars/svg?seed=24ae5360,33
1680,Jose Green,BUSINESS,146000,MALE,BS,2015-05-06,USA,https://api.dicebear.com/7.x/avataaars/svg?seed=6cd6c998,30
1681,Roy Ramos,AI,117000,MALE,BA,2015-02-14,CHINA,https://api.dicebear.com/7.x/avataaars/svg?seed=30f80ac8,34
1682,Catherine White,BUSINESS,158000,FEMALE,MS,2015-04-01,GERMANY,https://api.dicebear.com/7.x/avataaars/svg?seed=bcdd81b3,61
1683,Robert Bailey,MARKETING,110000,MALE,BA,2015-08-07,USA,https://api.dicebear.com/7.x/avataaars/svg?seed=d0a4db4b,27
1684,Shirley Hughes,IT,87000,FEMALE,BA,2015-10-14,USA,https://api.dicebear.com/7.x/avataaars/svg?seed=597c6baa,47
1685,Janice King,IT,92000,FEMALE,BA,2015-03-19,USA,https://api.dicebear.com/7.x/avataaars/svg?seed=a46bff75,45
1686,Ashley Johnson,MARKETING,140000,FEMALE,BS,2015-11-16,ITALY,https://api.dicebear.com/7.x/avataaars/svg?seed=bdd1d542,51
1687,Ashley Lewis,IT,105000,FEMALE,BA,2015-05-24,USA,https://api.dicebear.com/7.x/avataaars/svg?seed=fa25e65e,39
1688,Megan Carter,IT,136000,FEMALE,BA,2015-10-07,CANADA,https://api.dicebear.com/7.x/avataaars/svg?seed=d083e3ea,35
1689,Larry Sanders,IT,158000,MALE,MIS,2015-07-26,INDIA,https://api.dicebear.com/7.x/avataaars/svg?seed=c7695f50,35
1690,Andrew Brown,AI,138000,MALE,MIS,2015-10-15,USA,https://api.dicebear.com/7.x/avataaars/svg?seed=d4d7799d,39
1691,Gary Mitchell,MARKETING,227000,MALE,PHD,2015-08-03,USA,https://api.dicebear.com/7.x/avataaars/svg?seed=63cf1319,69
1692,Kimberly Adams,BUSINESS,197000,FEMALE,MS,2015-12-13,USA,https://api.dicebear.com/7.x/avataaars/svg?seed=c2bad287,38
1693,Theresa Diaz,MARKETING,113000,FEMALE,BA,2015-02-18,CHINA,https://api.dicebear.com/7.x/avataaars/svg?seed=df2278e3,26
1694,Joseph Miller,AI,115000,MALE,BS,2015-06-20,INDIA,https://api.dicebear.com/7.x/avataaars/svg?seed=63bd546e,52
1695,Doris Kim,SALES,140000,FEMALE,PHD,2015-09-20,USA,https://api.dicebear.com/7.x/avataaars/svg?seed=84e38b5f,44
1696,Maria Hill,BUSINESS,195000,FEMALE,MS,2015-03-18,USA,https://api.dicebear.com/7.x/avataaars/svg?seed=acd2b756,48
1697,David Howard,IT,118000,MALE,BS,2015-09-16,CHINA,https://api.dicebear.com/7.x/avataaars/svg?seed=ab95bbab,32
1698,Gregory Reyes,IT,121000,MALE,MS,2015-12-17,INDIA,https://api.dicebear.com/7.x/avataaars/svg?seed=f3776263,45
1699,Peter Jackson,AI,124000,MALE,MS,2015-01-05,USA,https://api.dicebear.com/7.x/avataaars/svg?seed=bd4019aa,45
1700,Christian Scott,AI,160000,MALE,MIS,2015-05-20,INDIA,https://api.dicebear.com/7.x/avataaars/svg?seed=4b403237,42
1701,Carlos King,MARKETING,121000,MALE,BA,2015-03-11,INDIA,https://api.dicebear.com/7.x/avataaars/svg?seed=793d3e54,49
1702,Victor Morales,IT,181000,MALE,MS,2015-11-26,ITALY,https://api.dicebear.com/7.x/avataaars/svg?seed=b86a231f,67
1703,Victoria Miller,IT,104000,FEMALE,BS,2015-04-06,CANADA,https://api.dicebear.com/7.x/avataaars/svg?seed=b7252d51,25
1704,William Stewart,AI,101000,MALE,BA,2015-07-04,GERMANY,https://api.dicebear.com/7.x/avataaars/svg?seed=613c4606,51
1705,Christian Garcia,BUSINESS,155000,MALE,MS,2015-08-15,INDIA,https://api.dicebear.com/7.x/avataaars/svg?seed=1826a44e,60
1706,Megan Anderson,IT,155000,FEMALE,PHD,2015-02-07,CHINA,https://api.dicebear.com/7.x/avataaars/svg?seed=a79c4aee,50
1707,Larry White,IT,175000,MALE,MS,2015-10-22,CHINA,https://api.dicebear.com/7.x/avataaars/svg?seed=e5c157ac,42
1708,Frances Ramirez,MARKETING,110000,FEMALE,MS,2015-10-06,CHINA,https://api.dicebear.com/7.x/avataaars/svg?seed=f6c58bac,58
1709,Olivia Martinez,IT,168000,FEMALE,MIS,2015-06-01,CHINA,https://api.dicebear.com/7.x/avataaars/svg?seed=ada8937e,30
1710,Pamela Mendoza,SALES,135000,FEMALE,BS,2015-10-04,USA,https://api.dicebear.com/7.x/avataaars/svg?seed=41469cda,45
1711,Samuel Martin,SALES,95000,MALE,BS,2015-12-22,INDIA,https://api.dicebear.com/7.x/avataaars/svg?seed=0453eb29,51
1712,Evelyn Collins,AI,85000,FEMALE,BS,2015-01-21,USA,https://api.dicebear.com/7.x/avataaars/svg?seed=8e1f2f53,43
1713,Randy Edwards,AI,177000,MALE,MIS,2015-04-28,CHINA,https://api.dicebear.com/7.x/avataaars/svg?seed=8ae49748,32
1714,Susan Chavez,AI,151000,FEMALE,MS,2015-12-03,USA,https://api.dicebear.com/7.x/avataaars/svg?seed=6ffaaeb2,28
1715,Dylan Cox,BUSINESS,96000,MALE,BS,2015-05-06,GERMANY,https://api.dicebear.com/7.x/avataaars/svg?seed=b0fde5bf,47
1716,Kathleen Foster,BUSINESS,121000,FEMALE,MS,2015-04-06,ITALY,https://api.dicebear.com/7.x/avataaars/svg?seed=35758dc5,26
1717,Jerry Jimenez,BUSINESS,176000,MALE,PHD,2015-11-05,INDIA,https://api.dicebear.com/7.x/avataaars/svg?seed=fd6c11bc,69
1718,Ashley Hill,BUSINESS,165000,FEMALE,MS,2015-11-20,CHINA,https://api.dicebear.com/7.x/avataaars/svg?seed=a970f6cb,44
1719,Dorothy Rivera,SALES,128000,FEMALE,BA,2015-04-16,USA,https://api.dicebear.com/7.x/avataaars/svg?seed=a61305c9,54
1720,Joan Wright,MARKETING,139000,FEMALE,BS,2015-07-26,USA,https://api.dicebear.com/7.x/avataaars/svg?seed=29ff1a5c,27
1721,Catherine Ward,IT,165000,FEMALE,MS,2015-07-03,USA,https://api.dicebear.com/7.x/avataaars/svg?seed=f43415cd,65
1722,Elizabeth Rogers,AI,144000,FEMALE,BS,2015-11-22,ITALY,https://api.dicebear.com/7.x/avataaars/svg?seed=7754fac5,36
1723,Howard Martin,BUSINESS,91000,MALE,BA,2015-08-14,INDIA,https://api.dicebear.com/7.x/avataaars/svg?seed=67e377f7,40
1724,Lisa Morris,AI,124000,FEMALE,MIS,2015-11-10,INDIA,https://api.dicebear.com/7.x/avataaars/svg?seed=8cdcd59b,32
1725,Gary Gutierrez,BUSINESS,122000,MALE,BS,2015-01-18,ITALY,https://api.dicebear.com/7.x/avataaars/svg?seed=3b02052f,58
1726,Karen Garcia,MARKETING,98000,FEMALE,BS,2015-07-14,CHINA,https://api.dicebear.com/7.x/avataaars/svg?seed=34702f0b,54
1727,Matthew Reyes,MARKETING,117000,MALE,BS,2015-05-19,CHINA,https://api.dicebear.com/7.x/avataaars/svg?seed=07d4a176,44
1728,Christopher Foster,MARKETING,107000,MALE,MIS,2015-12-22,GERMANY,https://api.dicebear.com/7.x/avataaars/svg?seed=fa4b6690,31
1729,Christina Thompson,IT,135000,FEMALE,BS,2015-02-14,ITALY,https://api.dicebear.com/7.x/avataaars/svg?seed=4a81c2f8,24
1730,Benjamin Ramos,BUSINESS,142000,MALE,BS,2015-06-28,USA,https://api.dicebear.com/7.x/avataaars/svg?seed=3817113f,38
1731,George Ramirez,IT,91000,MALE,BA,2015-11-04,CANADA,https://api.dicebear.com/7.x/avataaars/svg?seed=7856c050,38
1732,Peter Morgan,SALES,110000,MALE,MS,2015-02-01,USA,https://api.dicebear.com/7.x/avataaars/svg?seed=fd88da94,50
1733,Carol Wood,BUSINESS,139000,FEMALE,BA,2015-11-24,GERMANY,https://api.dicebear.com/7.x/avataaars/svg?seed=edaf034b,47
1734,Jean Castillo,BUSINESS,123000,FEMALE,BS,2015-12-22,GERMANY,https://api.dicebear.com/7.x/avataaars/svg?seed=02628fe7,45
1735,Beverly Gray,BUSINESS,123000,FEMALE,BS,2015-03-05,CHINA,https://api.dicebear.com/7.x/avataaars/svg?seed=3fdc5324,27
1736,John Harris,SALES,87000,MALE,BS,2015-01-07,USA,https://api.dicebear.com/7.x/avataaars/svg?seed=26c61a69,34
1737,Jeremy Wood,IT,115000,MALE,BS,2015-11-28,CHINA,https://api.dicebear.com/7.x/avataaars/svg?seed=4d67b8d2,49
1738,Martha Harris,SALES,123000,FEMALE,BS,2015-03-16,USA,https://api.dicebear.com/7.x/avataaars/svg?seed=95146611,51
1739,Henry Williams,SALES,131000,MALE,MS,2015-12-23,USA,https://api.dicebear.com/7.x/avataaars/svg?seed=c124662d,34
1740,Victoria Morales,BUSINESS,107000,FEMALE,MIS,2015-10-08,INDIA,https://api.dicebear.com/7.x/avataaars/svg?seed=82c49a54,52
1741,Ronald Nguyen,MARKETING,135000,MALE,BS,2015-06-01,CANADA,https://api.dicebear.com/7.x/avataaars/svg?seed=e16cec07,25
1742,Margaret Watson,BUSINESS,163000,FEMALE,MS,2015-12-19,USA,https://api.dicebear.com/7.x/avataaars/svg?seed=19735110,56
1743,Janice Sanders,MARKETING,142000,FEMALE,MIS,2015-08-13,USA,https://api.dicebear.com/7.x/avataaars/svg?seed=dabc9ade,26
1744,Judith Rogers,MARKETING,183000,FEMALE,MIS,2015-04-23,ITALY,https://api.dicebear.com/7.x/avataaars/svg?seed=28597cdf,55
1745,Jessica Ortiz,SALES,135000,FEMALE,BA,2015-06-18,USA,https://api.dicebear.com/7.x/avataaars/svg?seed=24986d31,58
1746,Sarah Wright,BUSINESS,170000,FEMALE,MS,2015-08-20,USA,https://api.dicebear.com/7.x/avataaars/svg?seed=c068be72,32
1747,Bobby Hall,BUSINESS,140000,MALE,BS,2015-03-10,CHINA,https://api.dicebear.com/7.x/avataaars/svg?seed=a7163c55,23
1748,Adam Harris,BUSINESS,154000,MALE,MS,2015-04-17,INDIA,https://api.dicebear.com/7.x/avataaars/svg?seed=ee6ee282,53
1749,Laura Ramos,AI,187000,FEMALE,MS,2015-08-05,USA,https://api.dicebear.com/7.x/avataaars/svg?seed=9472b903,67
1750,Emma Castillo,BUSINESS,163000,FEMALE,MS,2015-11-24,INDIA,https://api.dicebear.com/7.x/avataaars/svg?seed=6cdc7c85,68
1751,Janet Stewart,IT,219000,FEMALE,PHD,2015-05-23,GERMANY,https://api.dicebear.com/7.x/avataaars/svg?seed=02266f72,41
1752,Marie Lopez,BUSINESS,126000,FEMALE,MS,2015-04-06,USA,https://api.dicebear.com/7.x/avataaars/svg?seed=8efd0e15,36
1753,Russell Morales,SALES,134000,MALE,BA,2015-05-08,USA,https://api.dicebear.com/7.x/avataaars/svg?seed=2ab7d0f6,53
1754,Rebecca Bailey,SALES,83000,FEMALE,BA,2015-05-12,GERMANY,https://api.dicebear.com/7.x/avataaars/svg?seed=8ca68ac2,44
1755,Marilyn Lee,IT,169000,FEMALE,MIS,2015-02-11,INDIA,https://api.dicebear.com/7.x/avataaars/svg?seed=1b88cb30,26
1756,Peter Anderson,MARKETING,169000,MALE,PHD,2015-09-08,USA,https://api.dicebear.com/7.x/avataaars/svg?seed=1dc3fc57,35
1757,Judith King,AI,155000,FEMALE,MS,2015-09-09,CHINA,https://api.dicebear.com/7.x/avataaars/svg?seed=859bcec8,27
1758,Donna Ruiz,MARKETING,182000,FEMALE,MIS,2015-12-02,USA,https://api.dicebear.com/7.x/avataaars/svg?seed=2e6f9284,30
1759,Douglas Collins,SALES,123000,MALE,MS,2015-10-26,GERMANY,https://api.dicebear.com/7.x/avataaars/svg?seed=351c9094,64
1760,Anthony Bailey,SALES,149000,MALE,BS,2015-03-21,ITALY,https://api.dicebear.com/7.x/avataaars/svg?seed=d0bfbaac,28
1761,Donald Clark,AI,125000,MALE,MIS,2015-12-15,ITALY,https://api.dicebear.com/7.x/avataaars/svg?seed=676dd5ae,42
1762,Carlos Cook,BUSINESS,122000,MALE,MS,2015-11-12,GERMANY,https://api.dicebear.com/7.x/avataaars/svg?seed=c3fe1a7c,34
1763,Raymond Moore,SALES,110000,MALE,BS,2015-07-25,CANADA,https://api.dicebear.com/7.x/avataaars/svg?seed=f88754d7,50
1764,Antonio Smith,IT,141000,MALE,BA,2015-05-17,INDIA,https://api.dicebear.com/7.x/avataaars/svg?seed=62e29abc,43
1765,Carol Hernandez,AI,152000,FEMALE,MIS,2015-06-21,INDIA,https://api.dicebear.com/7.x/avataaars/svg?seed=48cc44d2,50
1766,Doris Young,IT,134000,FEMALE,BA,2015-03-26,USA,https://api.dicebear.com/7.x/avataaars/svg?seed=55212b58,36
1767,Joyce Evans,BUSINESS,139000,FEMALE,BA,2015-11-12,CHINA,https://api.dicebear.com/7.x/avataaars/svg?seed=cdd85e20,55
1768,Michael Cruz,IT,111000,MALE,MS,2015-02-03,CHINA,https://api.dicebear.com/7.x/avataaars/svg?seed=2459bdb6,58
1769,Debra Green,BUSINESS,106000,FEMALE,BS,2015-01-13,INDIA,https://api.dicebear.com/7.x/avataaars/svg?seed=9f988473,49
1770,Alexis Jones,IT,183000,FEMALE,MS,2015-11-23,ITALY,https://api.dicebear.com/7.x/avataaars/svg?seed=22c85788,28
1771,Ruth Mendoza,MARKETING,148000,FEMALE,MS,2015-06-01,CHINA,https://api.dicebear.com/7.x/avataaars/svg?seed=62269c60,45
1772,Brenda Ortiz,MARKETING,123000,FEMALE,MIS,2015-08-21,USA,https://api.dicebear.com/7.x/avataaars/svg?seed=96d53412,49
1773,Alice Richardson,BUSINESS,125000,FEMALE,BA,2015-04-10,CANADA,https://api.dicebear.com/7.x/avataaars/svg?seed=ad0bcae8,47
1774,Christopher Jones,MARKETING,147000,MALE,MIS,2015-12-24,USA,https://api.dicebear.com/7.x/avataaars/svg?seed=1cab8d24,48
1775,Victor Taylor,MARKETING,154000,MALE,BS,2015-04-03,USA,https://api.dicebear.com/7.x/avataaars/svg?seed=5a1a834f,40
1776,Cheryl Peterson,AI,171000,FEMALE,MIS,2015-11-06,USA,https://api.dicebear.com/7.x/avataaars/svg?seed=2c311f8d,45
1777,Jennifer Brown,MARKETING,114000,FEMALE,BA,2015-05-24,INDIA,https://api.dicebear.com/7.x/avataaars/svg?seed=c69b8d61,37
1778,Joyce Cook,SALES,117000,FEMALE,MS,2015-05-21,USA,https://api.dicebear.com/7.x/avataaars/svg?seed=5611dc1f,48
1779,Andrea Rivera,SALES,116000,FEMALE,MS,2015-02-15,ITALY,https://api.dicebear.com/7.x/avataaars/svg?seed=547a2e5f,66
1780,Nicole Kelly,SALES,168000,FEMALE,MS,2015-04-26,CHINA,https://api.dicebear.com/7.x/avataaars/svg?seed=6c0e4cf1,46
1781,Fernando Howard,MARKETING,110000,MALE,BA,2015-05-10,INDIA,https://api.dicebear.com/7.x/avataaars/svg?seed=dc414922,44
1782,Bruce Alvarez,MARKETING,196000,MALE,MS,2015-12-13,CHINA,https://api.dicebear.com/7.x/avataaars/svg?seed=6f8ecdcd,33
1783,Hannah Patel,IT,153000,FEMALE,PHD,2015-09-19,USA,https://api.dicebear.com/7.x/avataaars/svg?seed=c1b34a01,48
1784,Deborah Jimenez,AI,139000,FEMALE,BA,2015-03-23,GERMANY,https://api.dicebear.com/7.x/avataaars/svg?seed=3d6fc5e0,28
1785,Henry Evans,SALES,96000,MALE,BS,2015-07-05,INDIA,https://api.dicebear.com/7.x/avataaars/svg?seed=1f796159,25
1786,Joan Ramirez,BUSINESS,90000,FEMALE,BA,2015-11-17,GERMANY,https://api.dicebear.com/7.x/avataaars/svg?seed=524b7b80,45
1787,Aaron Ramos,MARKETING,171000,MALE,MIS,2015-05-19,USA,https://api.dicebear.com/7.x/avataaars/svg?seed=233dc510,49
1788,Christian Brooks,BUSINESS,137000,MALE,BA,2015-12-14,INDIA,https://api.dicebear.com/7.x/avataaars/svg?seed=0b52df8a,53
1789,Kenneth Jackson,MARKETING,101000,MALE,BS,2015-12-15,USA,https://api.dicebear.com/7.x/avataaars/svg?seed=167e9be4,53
1790,Steven Price,MARKETING,96000,MALE,BA,2015-08-16,CHINA,https://api.dicebear.com/7.x/avataaars/svg?seed=a6f2181f,35
1791,William Myers,IT,176000,MALE,MIS,2015-02-20,INDIA,https://api.dicebear.com/7.x/avataaars/svg?seed=a8ccc25e,47
1792,Jose Anderson,SALES,132000,MALE,BS,2015-05-02,USA,https://api.dicebear.com/7.x/avataaars/svg?seed=5a8d7402,58
1793,Hannah Martin,SALES,157000,FEMALE,MS,2015-06-10,GERMANY,https://api.dicebear.com/7.x/avataaars/svg?seed=de236006,44
1794,Emma Morales,SALES,128000,FEMALE,MS,2015-10-14,USA,https://api.dicebear.com/7.x/avataaars/svg?seed=371f49a1,34
1795,Richard Flores,AI,112000,MALE,BS,2015-12-16,USA,https://api.dicebear.com/7.x/avataaars/svg?seed=7bbc29e5,33
1796,James Thomas,MARKETING,125000,MALE,BA,2015-01-14,ITALY,https://api.dicebear.com/7.x/avataaars/svg?seed=b2e0be10,26
1797,Jeremy Kelly,AI,182000,MALE,MS,2015-06-26,CHINA,https://api.dicebear.com/7.x/avataaars/svg?seed=508b41d8,53
1798,Dennis Stewart,MARKETING,156000,MALE,PHD,2015-09-21,USA,https://api.dicebear.com/7.x/avataaars/svg?seed=ba7bf91c,36
1799,Lauren Ross,BUSINESS,142000,FEMALE,BS,2015-12-11,CHINA,https://api.dicebear.com/7.x/avataaars/svg?seed=0dad3d8a,31
1800,Nancy Richardson,MARKETING,137000,FEMALE,BS,2015-04-13,ITALY,https://api.dicebear.com/7.x/avataaars/svg?seed=bbb09f38,46
1801,Elizabeth Bennett,BUSINESS,140000,FEMALE,MIS,2015-02-28,CANADA,https://api.dicebear.com/7.x/avataaars/svg?seed=e1f46999,65
1802,Kevin Price,SALES,183000,MALE,MS,2015-12-10,USA,https://api.dicebear.com/7.x/avataaars/svg?seed=0b8f83d6,65
1803,Jesse Chavez,SALES,156000,MALE,BS,2015-04-20,CHINA,https://api.dicebear.com/7.x/avataaars/svg?seed=4da2b2d1,27
1804,Kayla Miller,MARKETING,105000,FEMALE,BA,2015-09-01,CHINA,https://api.dicebear.com/7.x/avataaars/svg?seed=a7eda243,52
1805,Ashley James,MARKETING,133000,FEMALE,MS,2015-05-26,USA,https://api.dicebear.com/7.x/avataaars/svg?seed=7a4c54ea,26
1806,Edward Young,MARKETING,161000,MALE,MIS,2015-09-20,USA,https://api.dicebear.com/7.x/avataaars/svg?seed=4e806fd3,29
1807,Katherine Phillips,MARKETING,90000,FEMALE,BS,2015-01-11,INDIA,https://api.dicebear.com/7.x/avataaars/svg?seed=61ae8e58,53
1808,Peter White,BUSINESS,143000,MALE,PHD,2015-06-13,CHINA,https://api.dicebear.com/7.x/avataaars/svg?seed=07519186,61
1809,Angela Lopez,SALES,122000,FEMALE,MS,2015-03-10,CANADA,https://api.dicebear.com/7.x/avataaars/svg?seed=fd61e6d2,59
1810,Emily White,AI,92000,FEMALE,BA,2015-05-14,CANADA,https://api.dicebear.com/7.x/avataaars/svg?seed=2abec40e,31
1811,Ralph Perez,SALES,126000,MALE,BS,2015-01-23,INDIA,https://api.dicebear.com/7.x/avataaars/svg?seed=b73131e2,33
1812,Jessica Hill,BUSINESS,97000,FEMALE,BS,2015-03-14,GERMANY,https://api.dicebear.com/7.x/avataaars/svg?seed=0cf362b3,42
1813,Katherine King,BUSINESS,125000,FEMALE,MS,2015-04-08,CHINA,https://api.dicebear.com/7.x/avataaars/svg?seed=667e13f0,28
1814,Miguel Kim,MARKETING,140000,MALE,MS,2015-09-25,GERMANY,https://api.dicebear.com/7.x/avataaars/svg?seed=e717352c,56
1815,Andrea Roberts,SALES,115000,FEMALE,BA,2015-06-15,USA,https://api.dicebear.com/7.x/avataaars/svg?seed=6333a118,25
1816,Dylan Evans,SALES,171000,MALE,MS,2015-07-21,INDIA,https://api.dicebear.com/7.x/avataaars/svg?seed=0a01d3ea,26
1817,Ryan Williams,AI,210000,MALE,PHD,2015-11-04,USA,https://api.dicebear.com/7.x/avataaars/svg?seed=3dd1787a,65
1818,Amy Ross,MARKETING,193000,FEMALE,MS,2015-05-19,CHINA,https://api.dicebear.com/7.x/avataaars/svg?seed=fa9d72d1,33
1819,Julie Edwards,SALES,149000,FEMALE,BS,2015-03-12,CHINA,https://api.dicebear.com/7.x/avataaars/svg?seed=e92a8b97,35
1820,Harold Perez,IT,178000,MALE,MS,2015-09-15,GERMANY,https://api.dicebear.com/7.x/avataaars/svg?seed=c83cdbf1,52
1821,Elizabeth Smith,BUSINESS,122000,FEMALE,BS,2015-01-02,CANADA,https://api.dicebear.com/7.x/avataaars/svg?seed=475aaff6,32
1822,Evelyn Wright,MARKETING,137000,FEMALE,MIS,2015-06-27,CHINA,https://api.dicebear.com/7.x/avataaars/svg?seed=c4565c72,48
1823,Judy Ramirez,MARKETING,117000,FEMALE,BA,2015-03-24,USA,https://api.dicebear.com/7.x/avataaars/svg?seed=366dd90c,24
1824,Martha Reed,SALES,148000,FEMALE,MS,2015-07-23,ITALY,https://api.dicebear.com/7.x/avataaars/svg?seed=0c5f63c4,30
1825,Ashley Moore,MARKETING,120000,FEMALE,BS,2015-04-20,CHINA,https://api.dicebear.com/7.x/avataaars/svg?seed=0bce0696,49
1826,Andrea Green,AI,114000,FEMALE,BA,2015-05-08,CHINA,https://api.dicebear.com/7.x/avataaars/svg?seed=bcf5b4e2,50
1827,Logan Adams,AI,107000,MALE,BA,2015-10-11,CHINA,https://api.dicebear.com/7.x/avataaars/svg?seed=71395763,51
1828,Jennifer Ruiz,IT,85000,FEMALE,BS,2015-08-01,CHINA,https://api.dicebear.com/7.x/avataaars/svg?seed=787bc800,60
1829,John Gray,IT,162000,MALE,MS,2015-12-23,INDIA,https://api.dicebear.com/7.x/avataaars/svg?seed=60d5b11f,60
1830,Walter Ross,BUSINESS,178000,MALE,MS,2015-11-21,CHINA,https://api.dicebear.com/7.x/avataaars/svg?seed=46537d5a,30
1831,Karen Morgan,SALES,195000,FEMALE,MS,2015-11-04,USA,https://api.dicebear.com/7.x/avataaars/svg?seed=e7b6d253,53
1832,Carolyn Carter,MARKETING,150000,FEMALE,MIS,2015-03-27,USA,https://api.dicebear.com/7.x/avataaars/svg?seed=d54d29b4,48
1833,Lori Hughes,SALES,155000,FEMALE,PHD,2015-06-07,USA,https://api.dicebear.com/7.x/avataaars/svg?seed=271d5b74,57
1834,Victoria Johnson,IT,112000,FEMALE,MS,2015-11-23,INDIA,https://api.dicebear.com/7.x/avataaars/svg?seed=360bb42e,42
1835,Alexander Harris,SALES,218000,MALE,PHD,2015-05-26,USA,https://api.dicebear.com/7.x/avataaars/svg?seed=79acdbef,68
1836,Howard Lewis,IT,144000,MALE,BA,2015-01-09,USA,https://api.dicebear.com/7.x/avataaars/svg?seed=51cd9f67,45
1837,Christian Price,MARKETING,166000,MALE,PHD,2015-04-27,USA,https://api.dicebear.com/7.x/avataaars/svg?seed=0fe7fe06,28
1838,Sophia Gomez,SALES,145000,FEMALE,MS,2015-09-16,INDIA,https://api.dicebear.com/7.x/avataaars/svg?seed=47a988f4,61
1839,Carol Peterson,IT,157000,FEMALE,BS,2015-10-06,GERMANY,https://api.dicebear.com/7.x/avataaars/svg?seed=5e95076a,60
1840,Thomas Ramos,IT,93000,MALE,BS,2015-05-19,INDIA,https://api.dicebear.com/7.x/avataaars/svg?seed=0f9641c2,30
1841,Shawn Scott,IT,87000,MALE,BS,2015-10-09,CHINA,https://api.dicebear.com/7.x/avataaars/svg?seed=8ffcf8ef,56
1842,Roy Bailey,BUSINESS,110000,MALE,MS,2015-11-22,CHINA,https://api.dicebear.com/7.x/avataaars/svg?seed=8d1c00a7,52
1843,Denise Miller,AI,160000,FEMALE,MIS,2015-05-04,GERMANY,https://api.dicebear.com/7.x/avataaars/svg?seed=271d921b,50
1844,Danielle Gutierrez,BUSINESS,148000,FEMALE,BS,2015-09-25,CHINA,https://api.dicebear.com/7.x/avataaars/svg?seed=687ef3a7,45
1845,Laura Miller,AI,163000,FEMALE,MS,2015-08-11,CHINA,https://api.dicebear.com/7.x/avataaars/svg?seed=27666d20,59
1846,James Gomez,IT,123000,MALE,BA,2015-10-26,CHINA,https://api.dicebear.com/7.x/avataaars/svg?seed=a529fad4,27
1847,Linda Patel,IT,135000,FEMALE,BA,2015-04-07,CHINA,https://api.dicebear.com/7.x/avataaars/svg?seed=bcd95b21,26
1848,Kevin Nelson,AI,89000,MALE,BA,2015-01-16,CANADA,https://api.dicebear.com/7.x/avataaars/svg?seed=65091c2f,28
1849,Virginia Brown,MARKETING,127000,FEMALE,BS,2015-04-04,GERMANY,https://api.dicebear.com/7.x/avataaars/svg?seed=c9299c78,38
1850,Joan Walker,AI,91000,FEMALE,BS,2015-09-26,INDIA,https://api.dicebear.com/7.x/avataaars/svg?seed=40088e39,43
1851,Jacob Martinez,MARKETING,184000,MALE,MIS,2015-02-21,INDIA,https://api.dicebear.com/7.x/avataaars/svg?seed=9d3c5a66,52
1852,Zachary Howard,SALES,91000,MALE,BA,2015-01-13,ITALY,https://api.dicebear.com/7.x/avataaars/svg?seed=70fe4ff1,25
1853,Benjamin Ruiz,SALES,97000,MALE,BA,2015-08-02,USA,https://api.dicebear.com/7.x/avataaars/svg?seed=52483e80,25
1854,Nicole Ward,BUSINESS,118000,FEMALE,MS,2015-11-02,CHINA,https://api.dicebear.com/7.x/avataaars/svg?seed=948fbb24,31
1855,Ann Miller,AI,158000,FEMALE,MS,2015-02-20,CANADA,https://api.dicebear.com/7.x/avataaars/svg?seed=9b55ecfa,50
1856,Kayla Evans,IT,82000,FEMALE,BA,2015-07-15,ITALY,https://api.dicebear.com/7.x/avataaars/svg?seed=8c49af9e,51
1857,Henry Richardson,MARKETING,93000,MALE,BA,2015-11-22,ITALY,https://api.dicebear.com/7.x/avataaars/svg?seed=abb30b4f,43
1858,Michael Collins,MARKETING,127000,MALE,BS,2015-04-04,CHINA,https://api.dicebear.com/7.x/avataaars/svg?seed=c81af02f,59
1859,Anthony Johnson,MARKETING,93000,MALE,BS,2015-04-19,USA,https://api.dicebear.com/7.x/avataaars/svg?seed=aa9862a4,59
1860,Dorothy Brooks,MARKETING,117000,FEMALE,BS,2015-07-16,GERMANY,https://api.dicebear.com/7.x/avataaars/svg?seed=ea0d542f,44
1861,Natalie Richardson,BUSINESS,104000,FEMALE,BA,2015-03-26,USA,https://api.dicebear.com/7.x/avataaars/svg?seed=591e94c1,37
1862,David Davis,IT,179000,MALE,PHD,2015-07-17,INDIA,https://api.dicebear.com/7.x/avataaars/svg?seed=fcfb2e80,65
1863,Denise Long,AI,144000,FEMALE,MIS,2015-09-25,USA,https://api.dicebear.com/7.x/avataaars/svg?seed=dc139830,61
1864,Emily Jackson,BUSINESS,144000,FEMALE,MIS,2015-06-10,CHINA,https://api.dicebear.com/7.x/avataaars/svg?seed=75d07876,62
1865,Catherine Johnson,MARKETING,215000,FEMALE,PHD,2015-11-05,USA,https://api.dicebear.com/7.x/avataaars/svg?seed=5f40358e,70
1866,Joseph Walker,MARKETING,156000,MALE,BS,2015-07-12,INDIA,https://api.dicebear.com/7.x/avataaars/svg?seed=30ea3674,25
1867,Stephanie Sanchez,IT,113000,FEMALE,MIS,2015-04-22,CHINA,https://api.dicebear.com/7.x/avataaars/svg?seed=13eb6310,45
1868,Joan Ruiz,BUSINESS,186000,FEMALE,MS,2015-10-19,ITALY,https://api.dicebear.com/7.x/avataaars/svg?seed=2c5479f9,46
1869,Raymond Ward,AI,158000,MALE,MIS,2015-03-04,GERMANY,https://api.dicebear.com/7.x/avataaars/svg?seed=b0600a18,45
1870,Kyle Garcia,BUSINESS,113000,MALE,BS,2015-11-08,CHINA,https://api.dicebear.com/7.x/avataaars/svg?seed=a28a25f8,22
1871,Beverly Robinson,BUSINESS,112000,FEMALE,BS,2015-08-24,INDIA,https://api.dicebear.com/7.x/avataaars/svg?seed=6c69f88d,37
1872,Antonio Nelson,BUSINESS,111000,MALE,BS,2015-03-27,CANADA,https://api.dicebear.com/7.x/avataaars/svg?seed=a2282a47,47
1873,Mary Campbell,SALES,94000,FEMALE,BS,2015-01-18,USA,https://api.dicebear.com/7.x/avataaars/svg?seed=3b435c23,44
1874,Sandra Jackson,AI,141000,FEMALE,BS,2015-11-19,INDIA,https://api.dicebear.com/7.x/avataaars/svg?seed=f01e6c43,34
1875,Carlos Campbell,SALES,143000,MALE,PHD,2015-04-10,CANADA,https://api.dicebear.com/7.x/avataaars/svg?seed=ce1b20ff,40
1876,Amanda Lewis,AI,132000,FEMALE,MS,2015-09-08,USA,https://api.dicebear.com/7.x/avataaars/svg?seed=8b03e056,46
1877,Amanda Sanchez,SALES,132000,FEMALE,MS,2015-02-01,ITALY,https://api.dicebear.com/7.x/avataaars/svg?seed=c3cdc6b1,41
1878,Marilyn Moore,BUSINESS,99000,FEMALE,BS,2015-04-10,USA,https://api.dicebear.com/7.x/avataaars/svg?seed=9ab8793f,43
1879,Kyle Walker,AI,157000,MALE,MS,2015-03-17,ITALY,https://api.dicebear.com/7.x/avataaars/svg?seed=793f3fa0,67
1880,Alice Parker,SALES,125000,FEMALE,MS,2015-03-26,USA,https://api.dicebear.com/7.x/avataaars/svg?seed=1b1ea16a,34
1881,Deborah Harris,MARKETING,133000,FEMALE,BS,2015-06-20,USA,https://api.dicebear.com/7.x/avataaars/svg?seed=061790da,45
1882,Henry Brooks,IT,145000,MALE,PHD,2015-10-07,CHINA,https://api.dicebear.com/7.x/avataaars/svg?seed=c9a24857,67
1883,Martha Nguyen,IT,126000,FEMALE,BS,2015-01-21,CHINA,https://api.dicebear.com/7.x/avataaars/svg?seed=0944bdea,37
1884,Stephen Taylor,MARKETING,159000,MALE,BS,2015-04-24,GERMANY,https://api.dicebear.com/7.x/avataaars/svg?seed=157bac9d,53
1885,Lisa Stewart,MARKETING,118000,FEMALE,MS,2015-09-13,USA,https://api.dicebear.com/7.x/avataaars/svg?seed=2740cb2f,35
1886,Kayla Chavez,MARKETING,132000,FEMALE,BS,2015-09-15,USA,https://api.dicebear.com/7.x/avataaars/svg?seed=fa0727a6,53
1887,Amanda Adams,AI,152000,FEMALE,BS,2015-12-16,CHINA,https://api.dicebear.com/7.x/avataaars/svg?seed=cebd6e57,52
1888,Frances Phillips,MARKETING,89000,FEMALE,BS,2015-04-07,CHINA,https://api.dicebear.com/7.x/avataaars/svg?seed=6e366fb9,35
1889,Kelly Walker,BUSINESS,108000,FEMALE,BA,2015-07-13,USA,https://api.dicebear.com/7.x/avataaars/svg?seed=d08175ec,41
1890,Madison Lee,AI,137000,FEMALE,MIS,2015-02-05,CANADA,https://api.dicebear.com/7.x/avataaars/svg?seed=1b1f80cb,59
1891,Kayla Hernandez,AI,137000,FEMALE,BA,2015-06-08,CHINA,https://api.dicebear.com/7.x/avataaars/svg?seed=986b4e60,55
1892,Frances Garcia,BUSINESS,205000,FEMALE,PHD,2015-06-14,CHINA,https://api.dicebear.com/7.x/avataaars/svg?seed=0ba5704f,67
1893,Kelly Reyes,BUSINESS,137000,FEMALE,BS,2015-08-11,GERMANY,https://api.dicebear.com/7.x/avataaars/svg?seed=80f95659,45
1894,Anna Carter,SALES,107000,FEMALE,BS,2015-04-09,INDIA,https://api.dicebear.com/7.x/avataaars/svg?seed=2b65e55e,50
1895,Bobby Martinez,AI,95000,MALE,BS,2015-09-17,CHINA,https://api.dicebear.com/7.x/avataaars/svg?seed=7e7d59d2,40
1896,Gloria Chavez,SALES,145000,FEMALE,MS,2015-02-04,ITALY,https://api.dicebear.com/7.x/avataaars/svg?seed=72661c19,39
1897,Charles Campbell,SALES,106000,MALE,BA,2015-04-22,USA,https://api.dicebear.com/7.x/avataaars/svg?seed=dc7b2329,43
1898,Christine Allen,AI,140000,FEMALE,MIS,2015-12-20,ITALY,https://api.dicebear.com/7.x/avataaars/svg?seed=a8e30fe4,36
1899,Kimberly Long,MARKETING,118000,FEMALE,BS,2015-05-10,CHINA,https://api.dicebear.com/7.x/avataaars/svg?seed=31020615,22
1900,Frank Phillips,BUSINESS,159000,MALE,BS,2015-08-21,INDIA,https://api.dicebear.com/7.x/avataaars/svg?seed=2adff627,22
1901,Cheryl Ross,IT,135000,FEMALE,BS,2015-04-24,CHINA,https://api.dicebear.com/7.x/avataaars/svg?seed=af688cfc,36
1902,Marie Clark,BUSINESS,134000,FEMALE,MIS,2015-10-26,USA,https://api.dicebear.com/7.x/avataaars/svg?seed=e561cebe,57
1903,Dylan Long,BUSINESS,140000,MALE,BA,2015-02-11,GERMANY,https://api.dicebear.com/7.x/avataaars/svg?seed=45207cd0,43
1904,Deborah Diaz,BUSINESS,136000,FEMALE,MS,2015-08-28,GERMANY,https://api.dicebear.com/7.x/avataaars/svg?seed=825acfcc,53
1905,Ann Brown,AI,122000,FEMALE,MIS,2015-03-10,CHINA,https://api.dicebear.com/7.x/avataaars/svg?seed=fed55cf1,60
1906,Victor Johnson,BUSINESS,194000,MALE,MS,2015-06-08,CHINA,https://api.dicebear.com/7.x/avataaars/svg?seed=9cd33ba4,47
1907,Nathan Diaz,BUSINESS,198000,MALE,MS,2015-05-11,GERMANY,https://api.dicebear.com/7.x/avataaars/svg?seed=2148aeab,59
1908,Kathryn Williams,MARKETING,114000,FEMALE,MS,2015-03-11,USA,https://api.dicebear.com/7.x/avataaars/svg?seed=055fdb69,33
1909,Sara Watson,MARKETING,187000,FEMALE,MS,2015-07-13,INDIA,https://api.dicebear.com/7.x/avataaars/svg?seed=c80d6838,61
1910,Rebecca Gomez,SALES,173000,FEMALE,MIS,2015-04-16,INDIA,https://api.dicebear.com/7.x/avataaars/svg?seed=23ce4350,48
1911,Margaret Nelson,MARKETING,197000,FEMALE,PHD,2015-05-03,USA,https://api.dicebear.com/7.x/avataaars/svg?seed=65f6a06c,68
1912,Kevin Wilson,MARKETING,132000,MALE,MS,2015-12-20,GERMANY,https://api.dicebear.com/7.x/avataaars/svg?seed=e656b7de,27
1913,Judith Brown,IT,135000,FEMALE,MS,2015-07-10,CHINA,https://api.dicebear.com/7.x/avataaars/svg?seed=a7fb0f0b,29
1914,Edward Robinson,AI,152000,MALE,BS,2015-08-02,CHINA,https://api.dicebear.com/7.x/avataaars/svg?seed=d0f236fb,26
1915,Jack Gutierrez,SALES,131000,MALE,MS,2015-07-13,CHINA,https://api.dicebear.com/7.x/avataaars/svg?seed=624f3df4,45
1916,Michelle Anderson,IT,134000,FEMALE,BA,2015-12-03,CHINA,https://api.dicebear.com/7.x/avataaars/svg?seed=b17443a4,52
1917,Jerry Clark,IT,136000,MALE,MS,2015-07-27,INDIA,https://api.dicebear.com/7.x/avataaars/svg?seed=3f6f7b6d,44
1918,Theresa Bennett,BUSINESS,101000,FEMALE,BA,2015-05-19,INDIA,https://api.dicebear.com/7.x/avataaars/svg?seed=d2eddee1,58
1919,Stephanie Cook,BUSINESS,145000,FEMALE,MS,2015-01-05,ITALY,https://api.dicebear.com/7.x/avataaars/svg?seed=6e2108d7,37
1920,Zachary Rodriguez,BUSINESS,116000,MALE,BS,2015-06-19,USA,https://api.dicebear.com/7.x/avataaars/svg?seed=404dd25a,55
1921,Judith Collins,BUSINESS,183000,FEMALE,MS,2015-12-03,CHINA,https://api.dicebear.com/7.x/avataaars/svg?seed=cda4bd60,27
1922,Larry Chavez,BUSINESS,129000,MALE,BS,2015-07-20,USA,https://api.dicebear.com/7.x/avataaars/svg?seed=3656d267,41
1923,Amanda Turner,IT,103000,FEMALE,BA,2015-08-13,CANADA,https://api.dicebear.com/7.x/avataaars/svg?seed=d195b3a1,49
1924,Amber White,MARKETING,97000,FEMALE,BS,2015-12-02,USA,https://api.dicebear.com/7.x/avataaars/svg?seed=08094f4e,47
1925,Kathleen Lee,AI,153000,FEMALE,BS,2015-11-03,CHINA,https://api.dicebear.com/7.x/avataaars/svg?seed=2dff2300,40
1926,Isabella Castillo,IT,144000,FEMALE,BA,2015-09-04,ITALY,https://api.dicebear.com/7.x/avataaars/svg?seed=51254ae4,48
1927,Catherine Martinez,SALES,174000,FEMALE,MS,2015-07-15,INDIA,https://api.dicebear.com/7.x/avataaars/svg?seed=cd8ac770,45
1928,Kevin Allen,IT,149000,MALE,BS,2015-08-01,GERMANY,https://api.dicebear.com/7.x/avataaars/svg?seed=03eebd81,24
1929,Karen Brooks,BUSINESS,153000,FEMALE,MIS,2015-12-13,CHINA,https://api.dicebear.com/7.x/avataaars/svg?seed=7534d30c,45
1930,Timothy Gomez,SALES,82000,MALE,BA,2015-02-23,INDIA,https://api.dicebear.com/7.x/avataaars/svg?seed=b905e434,38
1931,Paul Adams,BUSINESS,143000,MALE,BA,2015-02-03,ITALY,https://api.dicebear.com/7.x/avataaars/svg?seed=1d0d9813,51
1932,Dylan James,IT,166000,MALE,MS,2015-08-27,INDIA,https://api.dicebear.com/7.x/avataaars/svg?seed=78f7932e,33
1933,Brenda Lee,IT,87000,FEMALE,BS,2015-02-06,CHINA,https://api.dicebear.com/7.x/avataaars/svg?seed=31c390e7,60
1934,Emma Thomas,MARKETING,131000,FEMALE,BA,2015-02-22,ITALY,https://api.dicebear.com/7.x/avataaars/svg?seed=47f8e96e,32
1935,Carlos Johnson,AI,104000,MALE,BS,2015-06-06,CANADA,https://api.dicebear.com/7.x/avataaars/svg?seed=e8442307,50
1936,Sharon Alvarez,SALES,226000,FEMALE,PHD,2015-04-15,GERMANY,https://api.dicebear.com/7.x/avataaars/svg?seed=5fad757a,62
1937,Isabella Miller,MARKETING,98000,FEMALE,BS,2015-12-10,USA,https://api.dicebear.com/7.x/avataaars/svg?seed=c3d8c466,46
1938,Douglas Miller,MARKETING,85000,MALE,BS,2015-07-25,CHINA,https://api.dicebear.com/7.x/avataaars/svg?seed=9e4bfef7,25
1939,Stephanie Young,AI,111000,FEMALE,BA,2015-02-01,CHINA,https://api.dicebear.com/7.x/avataaars/svg?seed=922b9a3b,34
1940,Olivia Brown,SALES,128000,FEMALE,BS,2015-11-22,INDIA,https://api.dicebear.com/7.x/avataaars/svg?seed=d6e92494,34
1941,Sarah Lewis,SALES,195000,FEMALE,MS,2015-12-06,INDIA,https://api.dicebear.com/7.x/avataaars/svg?seed=8fdc001f,35
1942,Elizabeth Turner,MARKETING,123000,FEMALE,MS,2015-06-18,INDIA,https://api.dicebear.com/7.x/avataaars/svg?seed=4dcddd5a,45
1943,Harry Harris,MARKETING,111000,MALE,BS,2015-07-14,INDIA,https://api.dicebear.com/7.x/avataaars/svg?seed=c45d0737,56
1944,Donald Robinson,IT,118000,MALE,MIS,2015-06-06,GERMANY,https://api.dicebear.com/7.x/avataaars/svg?seed=b430ec7f,46
1945,Patricia Phillips,AI,106000,FEMALE,MIS,2015-04-15,USA,https://api.dicebear.com/7.x/avataaars/svg?seed=96326aec,48
1946,Laura Rodriguez,AI,223000,FEMALE,PHD,2015-06-02,USA,https://api.dicebear.com/7.x/avataaars/svg?seed=25eff96b,67
1947,Sarah Ramirez,BUSINESS,119000,FEMALE,BA,2015-02-23,ITALY,https://api.dicebear.com/7.x/avataaars/svg?seed=64fe1cd1,53
1948,Carol Allen,SALES,186000,FEMALE,MS,2015-11-23,CHINA,https://api.dicebear.com/7.x/avataaars/svg?seed=15a04d44,45
1949,Heather Gray,IT,127000,FEMALE,BS,2015-11-25,INDIA,https://api.dicebear.com/7.x/avataaars/svg?seed=a4bd4927,33
1950,Louis Green,BUSINESS,118000,MALE,MS,2015-01-20,USA,https://api.dicebear.com/7.x/avataaars/svg?seed=8e37448e,46
1951,Frances Edwards,BUSINESS,150000,FEMALE,BS,2015-09-19,ITALY,https://api.dicebear.com/7.x/avataaars/svg?seed=4497f1e4,36
1952,Alan Johnson,IT,87000,MALE,BS,2015-05-08,ITALY,https://api.dicebear.com/7.x/avataaars/svg?seed=1ee5c15b,29
1953,Victor Diaz,IT,189000,MALE,MS,2015-01-05,ITALY,https://api.dicebear.com/7.x/avataaars/svg?seed=c62b83cd,30
1954,Catherine Murphy,AI,165000,FEMALE,PHD,2015-07-07,CHINA,https://api.dicebear.com/7.x/avataaars/svg?seed=677161af,37
1955,Bobby Jones,IT,186000,MALE,MS,2015-12-11,CANADA,https://api.dicebear.com/7.x/avataaars/svg?seed=116c806e,53
1956,Paul Scott,AI,187000,MALE,MIS,2015-09-26,CHINA,https://api.dicebear.com/7.x/avataaars/svg?seed=36ec78de,26
1957,Olivia Chavez,AI,88000,FEMALE,BS,2015-12-11,USA,https://api.dicebear.com/7.x/avataaars/svg?seed=621c96a1,36
1958,Debra Young,IT,209000,FEMALE,PHD,2015-11-08,USA,https://api.dicebear.com/7.x/avataaars/svg?seed=f08131ca,31
1959,Danielle Hughes,IT,133000,FEMALE,BS,2015-06-06,INDIA,https://api.dicebear.com/7.x/avataaars/svg?seed=d81eb349,55
1960,Victoria Watson,SALES,148000,FEMALE,PHD,2015-02-07,USA,https://api.dicebear.com/7.x/avataaars/svg?seed=cfd1b64b,59
1961,Susan Brooks,IT,131000,FEMALE,MIS,2015-02-06,ITALY,https://api.dicebear.com/7.x/avataaars/svg?seed=bec8c6fc,32
1962,Kathryn Peterson,IT,135000,FEMALE,MIS,2015-02-14,CANADA,https://api.dicebear.com/7.x/avataaars/svg?seed=6424c7b2,56
1963,Adam Reyes,AI,102000,MALE,BA,2015-04-14,ITALY,https://api.dicebear.com/7.x/avataaars/svg?seed=a1f6dfb1,34
1964,Amanda Cox,IT,148000,FEMALE,MS,2015-10-15,GERMANY,https://api.dicebear.com/7.x/avataaars/svg?seed=58d6cb49,43
1965,Sophia Sanchez,AI,146000,FEMALE,BS,2015-06-13,USA,https://api.dicebear.com/7.x/avataaars/svg?seed=4e1e58fc,27
1966,Maria Perez,BUSINESS,166000,FEMALE,MS,2015-09-20,USA,https://api.dicebear.com/7.x/avataaars/svg?seed=02a2132e,52
1967,Victor Parker,IT,171000,MALE,MS,2015-07-14,CHINA,https://api.dicebear.com/7.x/avataaars/svg?seed=95a110f6,26
1968,Lisa Ross,AI,216000,FEMALE,PHD,2015-03-18,INDIA,https://api.dicebear.com/7.x/avataaars/svg?seed=64970672,62
1969,Shawn Thompson,AI,129000,MALE,BA,2015-05-15,INDIA,https://api.dicebear.com/7.x/avataaars/svg?seed=643bf772,51
1970,Pamela Carter,MARKETING,187000,FEMALE,MS,2015-02-11,GERMANY,https://api.dicebear.com/7.x/avataaars/svg?seed=0a7055a7,55
1971,Kimberly Alvarez,BUSINESS,106000,FEMALE,BA,2015-04-01,CANADA,https://api.dicebear.com/7.x/avataaars/svg?seed=246f9943,31
1972,John Cook,AI,167000,MALE,MIS,2015-07-13,CHINA,https://api.dicebear.com/7.x/avataaars/svg?seed=b07c38b5,49
1973,Marie Mitchell,BUSINESS,167000,FEMALE,MIS,2015-11-19,CANADA,https://api.dicebear.com/7.x/avataaars/svg?seed=d0c83403,43
1974,Karen Evans,SALES,100000,FEMALE,BS,2015-10-06,CANADA,https://api.dicebear.com/7.x/avataaars/svg?seed=cc278202,46
1975,Deborah Ross,BUSINESS,172000,FEMALE,PHD,2015-09-23,USA,https://api.dicebear.com/7.x/avataaars/svg?seed=c6a5c687,50
1976,Judith Brooks,AI,92000,FEMALE,BS,2015-07-24,USA,https://api.dicebear.com/7.x/avataaars/svg?seed=a2875408,46
1977,Jeremy Jones,AI,185000,MALE,MIS,2015-12-22,USA,https://api.dicebear.com/7.x/avataaars/svg?seed=db15f1a8,25
1978,Grace Jackson,AI,182000,FEMALE,MIS,2015-11-05,GERMANY,https://api.dicebear.com/7.x/avataaars/svg?seed=ded83149,53
1979,Angela Young,MARKETING,101000,FEMALE,BA,2015-02-25,INDIA,https://api.dicebear.com/7.x/avataaars/svg?seed=3f674aff,22
1980,Nancy Chavez,BUSINESS,131000,FEMALE,BA,2015-09-07,GERMANY,https://api.dicebear.com/7.x/avataaars/svg?seed=a2686887,27
1981,Joyce Perez,BUSINESS,117000,FEMALE,BS,2015-09-18,CHINA,https://api.dicebear.com/7.x/avataaars/svg?seed=10e3c1e2,41
1982,Logan Carter,MARKETING,144000,MALE,MIS,2015-12-28,USA,https://api.dicebear.com/7.x/avataaars/svg?seed=ba65e0cb,50
1983,Daniel Wilson,MARKETING,129000,MALE,BS,2015-05-24,GERMANY,https://api.dicebear.com/7.x/avataaars/svg?seed=76cf1f25,31
1984,Rebecca Myers,BUSINESS,144000,FEMALE,MIS,2015-03-27,INDIA,https://api.dicebear.com/7.x/avataaars/svg?seed=62b44924,24
1985,Judith Smith,SALES,93000,FEMALE,BS,2015-09-14,ITALY,https://api.dicebear.com/7.x/avataaars/svg?seed=daa87ecd,48
1986,Johnny Torres,BUSINESS,131000,MALE,MS,2015-06-06,ITALY,https://api.dicebear.com/7.x/avataaars/svg?seed=0da53554,36
1987,Theresa Moore,IT,147000,FEMALE,BS,2015-09-04,CANADA,https://api.dicebear.com/7.x/avataaars/svg?seed=35e97019,33
1988,Zachary Reed,IT,128000,MALE,MIS,2015-01-24,USA,https://api.dicebear.com/7.x/avataaars/svg?seed=7d0fb73f,36
1989,George Ross,IT,143000,MALE,MS,2015-08-21,USA,https://api.dicebear.com/7.x/avataaars/svg?seed=64c137d7,51
1990,Alice Wilson,IT,95000,FEMALE,BS,2015-02-13,GERMANY,https://api.dicebear.com/7.x/avataaars/svg?seed=74c08131,40
1991,Ashley Scott,SALES,124000,FEMALE,BA,2015-10-08,CANADA,https://api.dicebear.com/7.x/avataaars/svg?seed=bcbb7608,23
1992,Jeremy Morales,SALES,106000,MALE,MIS,2015-05-25,USA,https://api.dicebear.com/7.x/avataaars/svg?seed=598adbe9,27
1993,James Bennett,MARKETING,90000,MALE,BS,2015-04-17,GERMANY,https://api.dicebear.com/7.x/avataaars/svg?seed=82eeb895,28
1994,Mary Carter,MARKETING,171000,FEMALE,MIS,2015-08-16,GERMANY,https://api.dicebear.com/7.x/avataaars/svg?seed=2a3171a7,41
1995,Miguel Baker,MARKETING,164000,MALE,MS,2015-06-22,USA,https://api.dicebear.com/7.x/avataaars/svg?seed=4f236c26,46
1996,Kathleen Campbell,BUSINESS,153000,FEMALE,MIS,2015-01-12,CANADA,https://api.dicebear.com/7.x/avataaars/svg?seed=be834752,63
1997,Raymond Gonzalez,SALES,139000,MALE,BA,2015-12-27,USA,https://api.dicebear.com/7.x/avataaars/svg?seed=ce1c8241,47
1998,Paul Brown,MARKETING,125000,MALE,MS,2015-05-23,INDIA,https://api.dicebear.com/7.x/avataaars/svg?seed=a8bb8eea,58
1999,Kayla Young,AI,142000,FEMALE,BS,2015-09-14,CANADA,https://api.dicebear.com/7.x/avataaars/svg?seed=de2e486e,52
2000,Amber Harris,SALES,122000,FEMALE,BA,2015-11-12,CHINA,https://api.dicebear.com/7.x/avataaars/svg?seed=ab51e166,23
2001,Elizabeth Patel,AI,161000,FEMALE,MIS,2015-10-16,CANADA,https://api.dicebear.com/7.x/avataaars/svg?seed=93f625bd,38
2002,Ruth Patel,MARKETING,91000,FEMALE,BA,2015-07-16,CHINA,https://api.dicebear.com/7.x/avataaars/svg?seed=e29df08b,44
2003,Logan Hughes,SALES,159000,MALE,MS,2015-10-07,USA,https://api.dicebear.com/7.x/avataaars/svg?seed=b36506db,43
2004,Howard Jackson,MARKETING,183000,MALE,MS,2015-01-05,INDIA,https://api.dicebear.com/7.x/avataaars/svg?seed=05d68177,57
2005,Scott Gray,MARKETING,169000,MALE,MS,2015-08-04,USA,https://api.dicebear.com/7.x/avataaars/svg?seed=90c0d516,35
2006,Evelyn James,MARKETING,135000,FEMALE,MIS,2015-04-06,ITALY,https://api.dicebear.com/7.x/avataaars/svg?seed=a148e790,39
2007,Kayla James,SALES,94000,FEMALE,BA,2015-12-01,USA,https://api.dicebear.com/7.x/avataaars/svg?seed=e4ae1786,49
2008,Michelle Adams,BUSINESS,116000,FEMALE,BA,2015-12-09,CHINA,https://api.dicebear.com/7.x/avataaars/svg?seed=320b3844,36
2009,Doris Stewart,SALES,195000,FEMALE,MS,2015-09-21,USA,https://api.dicebear.com/7.x/avataaars/svg?seed=e98f9c15,33
2010,Adam Morales,SALES,147000,MALE,MIS,2015-10-25,ITALY,https://api.dicebear.com/7.x/avataaars/svg?seed=9ff2e220,38
2011,Janice Rodriguez,AI,129000,FEMALE,BA,2015-11-21,USA,https://api.dicebear.com/7.x/avataaars/svg?seed=e45205e7,46
2012,Ann Parker,IT,113000,FEMALE,BS,2015-02-10,ITALY,https://api.dicebear.com/7.x/avataaars/svg?seed=25648ead,38
2013,Nancy Anderson,SALES,153000,FEMALE,MS,2015-04-24,CHINA,https://api.dicebear.com/7.x/avataaars/svg?seed=7c805f6a,62
2014,Mark Kelly,AI,121000,MALE,MIS,2015-07-19,GERMANY,https://api.dicebear.com/7.x/avataaars/svg?seed=51567b80,44
2015,Charlotte Smith,AI,117000,FEMALE,MS,2015-09-07,CHINA,https://api.dicebear.com/7.x/avataaars/svg?seed=80eea683,62
2016,Heather Diaz,AI,131000,FEMALE,BS,2015-09-22,CHINA,https://api.dicebear.com/7.x/avataaars/svg?seed=8805f555,30
2017,Jean Ramos,IT,94000,FEMALE,BA,2015-01-18,GERMANY,https://api.dicebear.com/7.x/avataaars/svg?seed=cd006d58,47
2018,Emily Nguyen,IT,148000,FEMALE,BS,2015-03-20,ITALY,https://api.dicebear.com/7.x/avataaars/svg?seed=3e8ca6d4,51
2019,Larry Jackson,SALES,216000,MALE,PHD,2015-05-17,INDIA,https://api.dicebear.com/7.x/avataaars/svg?seed=dfcbdc89,48
2020,Beverly Thomas,AI,178000,FEMALE,MIS,2015-11-27,USA,https://api.dicebear.com/7.x/avataaars/svg?seed=04e4e9d6,54
2021,Jason Murphy,AI,133000,MALE,BS,2015-06-05,USA,https://api.dicebear.com/7.x/avataaars/svg?seed=14bdf722,25
2022,Diana Clark,IT,199000,FEMALE,MS,2015-03-28,CANADA,https://api.dicebear.com/7.x/avataaars/svg?seed=1236da90,28
2023,Judith Sanders,BUSINESS,119000,FEMALE,BA,2015-01-18,GERMANY,https://api.dicebear.com/7.x/avataaars/svg?seed=4cd141ab,32
2024,Diane Baker,BUSINESS,141000,FEMALE,BA,2015-07-13,ITALY,https://api.dicebear.com/7.x/avataaars/svg?seed=f08ac229,44
2025,Karen Ortiz,AI,141000,FEMALE,MIS,2015-12-28,ITALY,https://api.dicebear.com/7.x/avataaars/svg?seed=cdf0ebd2,36
2026,Dylan Gomez,SALES,97000,MALE,BA,2015-10-28,INDIA,https://api.dicebear.com/7.x/avataaars/svg?seed=f234fa6e,42
2027,Susan Price,AI,139000,FEMALE,BA,2015-10-05,CHINA,https://api.dicebear.com/7.x/avataaars/svg?seed=f7efc321,32
2028,Douglas Hughes,BUSINESS,122000,MALE,BS,2015-04-07,USA,https://api.dicebear.com/7.x/avataaars/svg?seed=2948ca25,31
2029,Marie Sanchez,SALES,156000,FEMALE,MS,2015-02-22,USA,https://api.dicebear.com/7.x/avataaars/svg?seed=0f9ba7c5,61
2030,Andrew Carter,BUSINESS,106000,MALE,BS,2015-02-12,INDIA,https://api.dicebear.com/7.x/avataaars/svg?seed=f150a0c2,25
2031,Joan Thompson,SALES,120000,FEMALE,MIS,2015-11-11,GERMANY,https://api.dicebear.com/7.x/avataaars/svg?seed=d8979a9b,56
2032,Eugene Parker,IT,132000,MALE,BA,2015-01-04,INDIA,https://api.dicebear.com/7.x/avataaars/svg?seed=980a8f7c,37
2033,Jacob Gomez,BUSINESS,148000,MALE,MS,2015-03-21,INDIA,https://api.dicebear.com/7.x/avataaars/svg?seed=4ccef911,63
2034,Fernando Carter,SALES,164000,MALE,MIS,2015-07-09,INDIA,https://api.dicebear.com/7.x/avataaars/svg?seed=d2024178,65
2035,Harry Wood,BUSINESS,157000,MALE,MS,2015-02-04,USA,https://api.dicebear.com/7.x/avataaars/svg?seed=618ff3fa,25
2036,Lisa Thomas,BUSINESS,192000,FEMALE,MS,2015-09-08,CANADA,https://api.dicebear.com/7.x/avataaars/svg?seed=743ef048,67
2037,Jennifer Ramos,MARKETING,178000,FEMALE,MIS,2015-05-23,INDIA,https://api.dicebear.com/7.x/avataaars/svg?seed=88cfbc91,54
2038,Marie Gonzalez,MARKETING,133000,FEMALE,MS,2015-08-21,GERMANY,https://api.dicebear.com/7.x/avataaars/svg?seed=f5ac2e17,49
2039,Isabella Parker,AI,183000,FEMALE,MS,2015-02-11,USA,https://api.dicebear.com/7.x/avataaars/svg?seed=6a458c4e,33
2040,Sarah Alvarez,MARKETING,128000,FEMALE,MIS,2015-12-01,ITALY,https://api.dicebear.com/7.x/avataaars/svg?seed=b5103e8b,49
2041,Diane Bailey,MARKETING,152000,FEMALE,BS,2015-02-17,CHINA,https://api.dicebear.com/7.x/avataaars/svg?seed=a9644d65,53
2042,Frances Morgan,SALES,136000,FEMALE,MS,2015-02-06,CHINA,https://api.dicebear.com/7.x/avataaars/svg?seed=f713a6b0,67
2043,Janice Ruiz,IT,140000,FEMALE,PHD,2015-08-26,GERMANY,https://api.dicebear.com/7.x/avataaars/svg?seed=bb59cdf2,63
2044,Benjamin Thomas,SALES,126000,MALE,MS,2015-04-21,USA,https://api.dicebear.com/7.x/avataaars/svg?seed=ea0cdb3e,61
2045,Kenneth Lopez,MARKETING,117000,MALE,BS,2015-02-04,USA,https://api.dicebear.com/7.x/avataaars/svg?seed=f0de2444,24
2046,Andrea Hill,AI,174000,FEMALE,MIS,2015-07-22,USA,https://api.dicebear.com/7.x/avataaars/svg?seed=5ab3332b,34
2047,James Young,AI,90000,MALE,BS,2015-05-22,ITALY,https://api.dicebear.com/7.x/avataaars/svg?seed=7472c03f,55
2048,Martha Cruz,IT,183000,FEMALE,MS,2015-12-11,CHINA,https://api.dicebear.com/7.x/avataaars/svg?seed=b4150206,56
2049,Noah Rivera,MARKETING,173000,MALE,MIS,2015-04-23,ITALY,https://api.dicebear.com/7.x/avataaars/svg?seed=74a0fb0f,56
2050,Betty James,SALES,111000,FEMALE,BA,2015-04-05,USA,https://api.dicebear.com/7.x/avataaars/svg?seed=c96ba3e5,24
2051,Nicole Ramirez,IT,187000,FEMALE,MS,2015-04-19,INDIA,https://api.dicebear.com/7.x/avataaars/svg?seed=e6f0a219,60
2052,Alexander Scott,IT,139000,MALE,BS,2015-09-09,ITALY,https://api.dicebear.com/7.x/avataaars/svg?seed=74cb12c6,26
2053,Eric Carter,IT,156000,MALE,MIS,2015-02-09,INDIA,https://api.dicebear.com/7.x/avataaars/svg?seed=e0a58be1,53
2054,Marilyn Diaz,IT,173000,FEMALE,MIS,2015-02-21,USA,https://api.dicebear.com/7.x/avataaars/svg?seed=4573584f,37
2055,Brittany Wright,IT,187000,FEMALE,PHD,2015-11-21,INDIA,https://api.dicebear.com/7.x/avataaars/svg?seed=454a8440,64
2056,Roger Cox,IT,193000,MALE,PHD,2015-06-26,CHINA,https://api.dicebear.com/7.x/avataaars/svg?seed=2d767348,37
2057,Peter Carter,SALES,182000,MALE,MIS,2015-02-09,USA,https://api.dicebear.com/7.x/avataaars/svg?seed=e99d4081,39
2058,Ashley Morgan,SALES,155000,FEMALE,BS,2015-02-11,CHINA,https://api.dicebear.com/7.x/avataaars/svg?seed=24182b0c,48
2059,Vincent Lopez,AI,123000,MALE,BA,2015-03-28,CHINA,https://api.dicebear.com/7.x/avataaars/svg?seed=244dc8ec,39
2060,Laura Scott,SALES,97000,FEMALE,BS,2015-04-13,GERMANY,https://api.dicebear.com/7.x/avataaars/svg?seed=cac571b0,46
2061,Margaret Thomas,IT,120000,FEMALE,BA,2015-02-17,GERMANY,https://api.dicebear.com/7.x/avataaars/svg?seed=75a8fc18,53
2062,Frank Hughes,MARKETING,141000,MALE,MIS,2015-05-20,USA,https://api.dicebear.com/7.x/avataaars/svg?seed=83053845,59
2063,Betty Miller,IT,125000,FEMALE,BS,2015-03-12,CHINA,https://api.dicebear.com/7.x/avataaars/svg?seed=c3e33872,46
2064,Charlotte Gray,MARKETING,175000,FEMALE,MIS,2015-07-16,CANADA,https://api.dicebear.com/7.x/avataaars/svg?seed=bd9fcb05,62
2065,Kathryn Taylor,AI,82000,FEMALE,BA,2015-12-05,INDIA,https://api.dicebear.com/7.x/avataaars/svg?seed=14928404,54
2066,Logan Taylor,IT,158000,MALE,MS,2015-12-09,INDIA,https://api.dicebear.com/7.x/avataaars/svg?seed=5ebe8427,61
2067,Susan Castillo,AI,230000,FEMALE,PHD,2015-11-20,CHINA,https://api.dicebear.com/7.x/avataaars/svg?seed=0d13cd8e,43
2068,Nathan Price,BUSINESS,108000,MALE,BS,2015-06-26,CHINA,https://api.dicebear.com/7.x/avataaars/svg?seed=a6411a36,50
2069,Arthur Cook,AI,120000,MALE,BS,2015-09-23,USA,https://api.dicebear.com/7.x/avataaars/svg?seed=cea69a6c,49
2070,Cynthia Flores,SALES,124000,FEMALE,BS,2015-06-28,USA,https://api.dicebear.com/7.x/avataaars/svg?seed=4a0a881d,48
2071,Nancy Brooks,SALES,90000,FEMALE,BA,2015-02-06,USA,https://api.dicebear.com/7.x/avataaars/svg?seed=0df04427,37
2072,Bryan Davis,SALES,121000,MALE,BS,2015-08-26,CHINA,https://api.dicebear.com/7.x/avataaars/svg?seed=e597833e,57
2073,Patricia Diaz,MARKETING,122000,FEMALE,MIS,2015-08-17,GERMANY,https://api.dicebear.com/7.x/avataaars/svg?seed=a6249595,54
2074,Roy Gray,MARKETING,199000,MALE,MS,2015-07-01,CHINA,https://api.dicebear.com/7.x/avataaars/svg?seed=44ea1585,32
2075,Philip Harris,SALES,164000,MALE,MS,2015-12-12,ITALY,https://api.dicebear.com/7.x/avataaars/svg?seed=25b45e8e,59
2076,Amy Patel,MARKETING,197000,FEMALE,MS,2015-01-20,INDIA,https://api.dicebear.com/7.x/avataaars/svg?seed=f69bfe9c,63
2077,Zachary Perez,MARKETING,138000,MALE,MS,2015-02-12,GERMANY,https://api.dicebear.com/7.x/avataaars/svg?seed=38044bc7,36
2078,Kimberly Rogers,AI,91000,FEMALE,BS,2015-08-13,GERMANY,https://api.dicebear.com/7.x/avataaars/svg?seed=e7dcab66,49
2079,Carol Mitchell,SALES,124000,FEMALE,BA,2015-09-28,INDIA,https://api.dicebear.com/7.x/avataaars/svg?seed=e5cec14b,37
2080,Lori Thomas,AI,123000,FEMALE,BS,2015-05-09,USA,https://api.dicebear.com/7.x/avataaars/svg?seed=9db00748,52
2081,Sharon Smith,MARKETING,155000,FEMALE,MIS,2015-05-21,CHINA,https://api.dicebear.com/7.x/avataaars/svg?seed=c18d2685,37
2082,Cheryl Jones,BUSINESS,189000,FEMALE,MS,2015-01-12,ITALY,https://api.dicebear.com/7.x/avataaars/svg?seed=d6bc9993,56
2083,Mary Ward,BUSINESS,147000,FEMALE,MIS,2015-06-04,ITALY,https://api.dicebear.com/7.x/avataaars/svg?seed=a638aabe,43
2084,Mary Hall,IT,136000,FEMALE,BS,2015-01-04,USA,https://api.dicebear.com/7.x/avataaars/svg?seed=3a4e3a0f,44
2085,Virginia Morales,IT,150000,FEMALE,PHD,2015-09-05,USA,https://api.dicebear.com/7.x/avataaars/svg?seed=593bc7cf,61
2086,Julie Thomas,BUSINESS,105000,FEMALE,MIS,2015-11-09,USA,https://api.dicebear.com/7.x/avataaars/svg?seed=bb21b58c,33
2087,Laura Stewart,BUSINESS,128000,FEMALE,BA,2015-06-14,USA,https://api.dicebear.com/7.x/avataaars/svg?seed=47076fb8,41
2088,George Morgan,AI,94000,MALE,BA,2015-11-27,CHINA,https://api.dicebear.com/7.x/avataaars/svg?seed=03afb9bc,50
2089,Victoria Lee,IT,130000,FEMALE,BS,2015-01-12,CANADA,https://api.dicebear.com/7.x/avataaars/svg?seed=127d6c8e,49
2090,Alan Sanchez,SALES,109000,MALE,BS,2015-01-05,USA,https://api.dicebear.com/7.x/avataaars/svg?seed=01fd5858,40
2091,Diane Turner,AI,89000,FEMALE,BS,2015-11-07,CANADA,https://api.dicebear.com/7.x/avataaars/svg?seed=4ce93f6f,32
2092,Evelyn Bennett,AI,100000,FEMALE,BS,2015-08-18,INDIA,https://api.dicebear.com/7.x/avataaars/svg?seed=57f549e3,48
2093,Christian Mendoza,IT,122000,MALE,BA,2015-09-24,USA,https://api.dicebear.com/7.x/avataaars/svg?seed=4cf6385a,47
2094,Victor Roberts,IT,99000,MALE,BS,2015-01-05,INDIA,https://api.dicebear.com/7.x/avataaars/svg?seed=b3e6410f,28
2095,Joshua Hall,MARKETING,111000,MALE,MS,2015-04-02,GERMANY,https://api.dicebear.com/7.x/avataaars/svg?seed=a9258bba,68
2096,Marilyn Baker,BUSINESS,86000,FEMALE,BS,2015-08-10,USA,https://api.dicebear.com/7.x/avataaars/svg?seed=ec6f95c5,49
2097,Larry Morales,SALES,135000,MALE,BA,2015-10-05,GERMANY,https://api.dicebear.com/7.x/avataaars/svg?seed=8c398d36,37
2098,George Young,AI,119000,MALE,MIS,2015-12-08,CANADA,https://api.dicebear.com/7.x/avataaars/svg?seed=4e137c49,40
2099,Bruce Diaz,IT,145000,MALE,BS,2015-12-24,ITALY,https://api.dicebear.com/7.x/avataaars/svg?seed=c806383e,28
2100,Andrea Ward,IT,105000,FEMALE,BA,2015-04-04,USA,https://api.dicebear.com/7.x/avataaars/svg?seed=28e5c61d,31
